samples_per_edge,edge,coupled,cmi_nats
20,0,0,0.08327015856126573
20,1,1,0.11482548577129324
20,2,0,0.12113360300593624
20,3,0,0.06337790632778302
20,4,0,0.09583070167483364
20,5,0,0.07032038697332259
20,6,0,0.03789979115803699
20,7,0,0.07448962589463573
20,8,0,0.053937019404131065
20,9,1,0.06515683551578214
20,10,1,0.05683380799503049
20,11,0,0.058300323121512926
20,12,0,0.08247126686717136
20,13,0,0.08513434075002854
20,14,0,0.036025519958383746
20,15,0,0.027360436764672126
20,16,0,0.10630126540661979
20,17,0,0.0637039955130613
20,18,0,0.12020200600143746
20,19,0,0.06801697409099422
20,20,0,0.037871323100321125
20,21,0,0.10486401609786423
20,22,0,0.05891771437009731
20,23,0,0.09270198260556443
20,24,0,0.08250693889222735
20,25,0,0.033549176091390256
20,26,0,0.04480717333046637
20,27,0,0.0601196214684756
20,28,0,0.08211813119521458
20,29,0,0.04879196717317634
20,30,0,0.10981325282990909
20,31,0,0.0798432394126584
20,32,0,0.07885841363538901
20,33,0,0.07647382043647157
20,34,1,0.026493443962787064
20,35,0,0.06773805804928554
20,36,0,0.0992969991320796
20,37,0,0.026872153237148214
20,38,0,0.0394896286261798
20,39,0,0.04040819094803082
20,40,1,0.10744460226548708
20,41,0,0.057941860681308244
20,42,0,0.04722523221498706
20,43,1,0.020982776582281336
20,44,0,0.06933569784832971
20,45,0,0.044086817469987556
20,46,1,0.03953861203278468
20,47,0,0.024610349541303048
20,48,0,0.057502036250004225
20,49,0,0.018252832912434444
20,50,0,0.07603111894989689
20,51,1,0.054292398271064156
20,52,0,0.06871834873557832
20,53,0,0.06058904813982492
20,54,1,0.11823419631745524
20,55,0,0.030856185429368466
20,56,0,0.10451387722692285
20,57,0,0.14607439657173987
20,58,0,0.0551297742244396
20,59,1,0.0704567155682548
20,60,0,0.052264615336127654
20,61,0,0.0732340778608094
20,62,0,0.047425087012614664
20,63,0,0.04435251040483207
20,64,0,0.03762674228103841
20,65,0,0.07696517488615297
20,66,0,0.05193444299115537
20,67,0,0.055120496506437
20,68,1,0.05532510797247162
20,69,1,0.07226284706776688
20,70,1,0.07439903208336013
20,71,0,0.028930470546852997
20,72,0,0.037240712616576806
20,73,0,0.03861923175085197
20,74,0,0.04596765703436585
20,75,1,0.08815410707909394
20,76,1,0.04094493619286535
20,77,0,0.025312472619055094
20,78,0,0.03838457139173758
20,79,0,0.0892687379955802
20,80,0,0.10620220481322101
20,81,0,0.0570001879393706
20,82,0,0.04945275697101572
20,83,0,0.02700491808342622
20,84,0,0.07314465673298585
20,85,0,0.14370533678497904
20,86,0,0.07814293113187919
20,87,0,0.04253525714370947
20,88,0,0.06862813168112815
20,89,0,0.02029942956555991
20,90,0,0.10882097117333868
20,91,0,0.11747988052773095
20,92,0,0.04873037893316676
20,93,1,0.018742077819298774
20,94,0,0.042736890741734056
20,95,0,0.09663384119595124
20,96,0,0.043340529566850645
20,97,0,0.06023792373078714
20,98,0,0.04091919312564404
20,99,0,0.06080720692216207
20,100,0,0.03999026726564564
20,101,0,0.1086979753499261
20,102,0,0.17008586440506368
20,103,0,0.025970312619836206
20,104,1,0.0333548707971001
20,105,1,0.06422048994680032
20,106,0,0.11770224341009947
20,107,0,0.07916199488330689
20,108,1,0.0451882651931986
20,109,0,0.02233472917150931
20,110,0,0.13520417469231905
20,111,0,0.054317111633941796
20,112,0,0.05497810932913711
20,113,0,0.14045041141525225
20,114,0,0.08253768808500245
20,115,0,0.11774065086872518
20,116,0,0.04528494493764834
20,117,0,0.04582313456668063
20,118,0,0.16000869406838392
20,119,0,0.0986744851852192
20,120,1,0.05990540513822623
20,121,0,0.10823183818314644
20,122,0,0.05297082462937192
20,123,1,0.0228680202271101
20,124,0,0.01780861954179334
20,125,1,0.029286658100523427
20,126,1,0.10876525613177881
20,127,0,0.06110439045218937
20,128,0,0.07166357679555035
20,129,1,0.1913102261476116
20,130,0,0.0811681067591999
20,131,0,0.062481671786126916
20,132,0,0.05947843039802199
20,133,0,0.13264523928439031
20,134,0,0.09075897247001304
20,135,0,0.04372337505118993
20,136,0,0.02122996155091339
20,137,0,0.019935056241881032
20,138,0,0.02622664295778135
20,139,1,0.05579613102257963
20,140,1,0.11024597192755012
20,141,0,0.060887584288392436
20,142,0,0.07884560762228383
20,143,1,0.12421220029881964
20,144,0,0.07541759138530113
20,145,0,0.04255408732700894
20,146,0,0.04014851182681852
20,147,0,0.08633097131873663
20,148,0,0.08394718924562068
20,149,0,0.04582784716692474
20,150,0,0.01730457243094404
20,151,0,0.06508610823366145
20,152,1,0.0585890639692618
20,153,1,0.14525379937849728
20,154,0,0.11108326911282632
20,155,0,0.04583443877680855
20,156,0,0.03518533404714808
20,157,0,0.0886418531469298
20,158,0,0.06444396328769225
20,159,0,0.06170555740326484
20,160,0,0.09480733386296564
20,161,0,0.034663994785961674
20,162,0,0.10266011070039989
20,163,1,0.05413075853882281
20,164,1,0.031558861919772904
20,165,0,0.1369080900363003
20,166,0,0.06411594780686079
20,167,0,0.05981777180801924
20,168,0,0.04491237095248751
20,169,1,0.09178868537040516
20,170,0,0.052907580187116596
20,171,0,0.12282652852640374
20,172,0,0.05866755113219668
20,173,0,0.039905698421767485
20,174,1,0.03089898943776675
20,175,0,0.07183718153359574
20,176,1,0.1354413543495527
20,177,1,0.048698441036009246
20,178,0,0.1040502678069292
20,179,0,0.063816513525183
20,180,1,0.05847600441369942
20,181,1,0.037745467377430106
20,182,0,0.07077406715393038
20,183,0,0.04850179538159527
20,184,0,0.05511119983679249
20,185,0,0.0879298281746661
20,186,1,0.06545487063542708
20,187,0,0.07436449571576789
20,188,1,0.06273263537895808
20,189,0,0.053668801748268574
20,190,0,0.04259988799114008
20,191,1,0.04831358335382043
20,192,0,0.04382735756244228
20,193,0,0.09441181482211924
20,194,1,0.04099803220191312
20,195,0,0.0759443810321845
20,196,0,0.08787097717948478
20,197,1,0.1299142251605763
20,198,0,0.036315243462690466
20,199,0,0.08959711471303833
20,200,0,0.06519987301090505
20,201,0,0.02142238405130932
20,202,0,0.10552895624514734
20,203,1,0.04734821597398886
20,204,0,0.046837544291562394
20,205,0,0.046544606721763616
20,206,0,0.07306084336800338
20,207,0,0.05417371726584637
20,208,0,0.03759238583127074
20,209,0,0.059681940295000915
20,210,0,0.052198831712653035
20,211,1,0.07572346872983139
20,212,0,0.07583630951692943
20,213,1,0.0867016580393814
20,214,0,0.07816759345654975
20,215,0,0.06278806583834515
20,216,1,0.106939782582027
20,217,1,0.05845400949025807
20,218,0,0.06419909099126943
20,219,0,0.05862790481821236
20,220,1,0.14317677547120583
20,221,1,0.04403019804679266
20,222,0,0.05567090602127199
20,223,1,0.0459312637379673
20,224,0,0.0581840124949732
20,225,0,0.03432577478527555
20,226,0,0.06088788824071337
20,227,0,0.04926261283511527
20,228,0,0.050858929281349774
20,229,1,0.03656067153779922
20,230,1,0.1188310643741535
20,231,0,0.08125030828246592
20,232,0,0.07665907316189267
20,233,0,0.06597450115975893
20,234,0,0.030376575862200637
20,235,1,0.08797742038791276
20,236,0,0.11993350594974578
20,237,1,0.10710867629216447
20,238,0,0.07553402665904443
20,239,0,0.0436730795882411
20,240,0,0.07295227630563608
20,241,0,0.09421998974204283
20,242,1,0.07613991039199432
20,243,0,0.07733654096070208
20,244,0,0.0944779006510646
20,245,0,0.0936590916678823
20,246,0,0.038623347253470386
20,247,0,0.044673064502535005
20,248,0,0.08052020564838219
20,249,0,0.10735692014257883
20,250,0,0.0915771078450974
20,251,0,0.07840306669815175
20,252,1,0.0943158367125704
20,253,0,0.07641534077715123
20,254,1,0.05203053303549588
20,255,0,0.038263588188651415
20,256,1,0.03714695916427892
20,257,0,0.20120222981410188
20,258,0,0.06243959546345539
20,259,0,0.048346106867334704
20,260,1,0.13504250058673892
20,261,1,0.07454591685297474
20,262,0,0.051432862540585045
20,263,0,0.057408139584846675
20,264,1,0.05552071984365164
20,265,0,0.056707732165090334
20,266,0,0.044466115247106114
20,267,0,0.09430275680130258
20,268,1,0.09552630052189612
20,269,0,0.04580597071909273
20,270,0,0.10059713431422196
20,271,0,0.015439857962121474
20,272,0,0.09913125410774357
20,273,0,0.05669972923852105
20,274,0,0.03227614627139082
20,275,1,0.045369730743802725
20,276,0,0.053873680139435894
20,277,0,0.06943923238790378
20,278,0,0.043160069181489936
20,279,0,0.08711448304182608
20,280,0,0.09386532085118676
20,281,0,0.05093329536501055
20,282,0,0.12457063090218408
20,283,1,0.03933044174295623
20,284,0,0.05708736746337666
20,285,0,0.05983509943054436
20,286,0,0.04914622996028999
20,287,0,0.034736820677693105
20,288,1,0.04071701688532939
20,289,0,0.06530726187040564
20,290,1,0.06451083099277287
20,291,0,0.06876840760910384
20,292,0,0.07190678309980904
20,293,0,0.08654991197720874
20,294,0,0.0262185588643421
20,295,0,0.06083119995348992
20,296,1,0.07278600520081692
20,297,0,0.07633971160854021
20,298,0,0.0982477086908739
20,299,0,0.07864554128679324
20,300,0,0.03100717404520123
20,301,0,0.03997616790438646
20,302,0,0.03360845488160423
20,303,0,0.11249553731565948
20,304,0,0.07318120902942339
20,305,0,0.06835808810281152
20,306,0,0.045464200448760095
20,307,1,0.04180692788787944
20,308,0,0.07683267789993813
20,309,0,0.10072989916049999
20,310,0,0.06458041836321228
20,311,1,0.05451392321242468
20,312,0,0.05450964577566751
20,313,0,0.10023472942192937
20,314,0,0.02635245789294951
20,315,0,0.043133249992678604
20,316,0,0.018393580653426753
20,317,0,0.12886226638321102
20,318,0,0.10371867036194156
20,319,0,0.06364176692578911
20,320,0,0.03131760067648197
20,321,0,0.05039993160678648
20,322,0,0.07620133250680372
20,323,0,0.17061373796396262
20,324,0,0.04639913759132806
20,325,0,0.053296308877599265
20,326,0,0.05118842693801148
20,327,0,0.030946855895097908
20,328,1,0.06426670470962244
20,329,0,0.05136305844549123
20,330,0,0.04397615638667225
20,331,0,0.05689550507456109
20,332,0,0.051895223438771045
20,333,0,0.10035218324969994
20,334,1,0.1344543591267235
20,335,0,0.06547622984090551
20,336,0,0.14068000122268898
20,337,0,0.04994053404520403
20,338,1,0.11099837962625372
20,339,0,0.028270275289870347
20,340,0,0.047857527485255194
20,341,0,0.06721732691800385
20,342,0,0.09555649126469909
20,343,1,0.06762523307929744
20,344,0,0.0901719135859326
20,345,0,0.06454856827082471
20,346,1,0.07774662696163322
20,347,0,0.15533411303637118
20,348,1,0.07920321832062856
20,349,0,0.06864043364945463
20,350,0,0.064933425018083
20,351,0,0.026379163333352967
20,352,1,0.10714421782500004
20,353,0,0.1085068638209816
20,354,1,0.04728771943892457
20,355,0,0.12740556202050493
20,356,0,0.08532371719734007
20,357,1,0.049268864547075956
20,358,1,0.13615555093214876
20,359,0,0.09672638980056542
20,360,0,0.022528107217837504
20,361,0,0.026337158028207106
20,362,0,0.016502323480200316
20,363,0,0.08321551207855973
20,364,0,0.0856235177343274
20,365,0,0.01684168005730706
20,366,0,0.02801653075945051
20,367,0,0.07799466340681499
20,368,0,0.05613643771079645
20,369,1,0.08556222120907986
20,370,1,0.08601592101683476
20,371,0,0.026071484857481002
20,372,0,0.018569824196413686
20,373,1,0.0362927069958084
20,374,1,0.04898814081344244
20,375,0,0.08748619310143001
20,376,0,0.06782920470046754
20,377,1,0.034290591572488704
20,378,0,0.049416511565678674
20,379,0,0.05306184571319362
20,380,0,0.0831674020092733
20,381,0,0.04649853805228683
20,382,0,0.11643991976637155
20,383,1,0.04614004309263071
20,384,0,0.046516558499947444
20,385,0,0.07368475884631022
20,386,0,0.021858225696018477
20,387,0,0.08873552134860489
20,388,1,0.0713895095982757
20,389,0,0.05134735602173345
20,390,0,0.032547274728389405
20,391,0,0.041458837580583
20,392,1,0.030984732400759208
20,393,0,0.05839001609932943
20,394,1,0.06238312907913094
20,395,0,0.0858975849316021
20,396,0,0.05656500204447954
20,397,0,0.1106655606541782
20,398,0,0.08830260094930667
20,399,0,0.033253951673327044
20,400,1,0.12095570776844028
20,401,1,0.07109124331362059
20,402,0,0.03214171680076524
20,403,1,0.06939800895058207
20,404,0,0.031318403114694686
20,405,0,0.05596746974029665
20,406,1,0.04435058080682201
20,407,0,0.05188862255459466
20,408,1,0.07586449365417933
20,409,0,0.09635894496802558
20,410,0,0.07667427289284974
20,411,1,0.05992147401108419
20,412,0,0.02785560650324268
20,413,0,0.07848661952251429
20,414,0,0.06663472328478362
20,415,1,0.021204954098188757
20,416,0,0.05029518140694514
20,417,1,0.10346353878894093
20,418,0,0.07139219425426334
20,419,0,0.03325533644270333
20,420,1,0.04239282084763528
20,421,0,0.04808699544651876
20,422,1,0.06540879734852634
20,423,1,0.09585796828582469
20,424,0,0.05211514085317044
20,425,0,0.04317069870330727
20,426,0,0.05574950721287576
20,427,0,0.061688831238688346
20,428,0,0.06736074091324648
20,429,0,0.06319895835637897
20,430,0,0.11980557408128933
20,431,0,0.04843454047541439
20,432,0,0.0416510850312788
20,433,0,0.07971070183251125
20,434,1,0.07946934395939237
20,435,1,0.0333449482536496
20,436,1,0.1098198733412326
20,437,1,0.12616238124622722
20,438,0,0.09134829976851348
20,439,0,0.04226518349397079
20,440,0,0.0402860280355116
20,441,0,0.06681534946114337
20,442,0,0.07404598259695655
20,443,0,0.11514626889568333
20,444,0,0.08574242683130175
20,445,1,0.04764648225864387
20,446,0,0.04416826895395874
20,447,0,0.06958995867786173
20,448,0,0.04859355361240746
20,449,0,0.03835160022229228
20,450,1,0.06092008004881895
20,451,0,0.05885779564119644
20,452,0,0.059428790160155676
20,453,0,0.06445495311120597
20,454,0,0.09486481152183818
20,455,0,0.0675770438469899
20,456,0,0.046199403705943366
20,457,0,0.033251630159120645
20,458,0,0.04568235059421035
20,459,0,0.09022430682132838
20,460,0,0.05497512149726218
20,461,0,0.10964186013520513
20,462,1,0.08106704336107642
20,463,0,0.10295265637226005
20,464,0,0.03451061665642721
20,465,0,0.04194369514789946
20,466,1,0.08707133850416109
20,467,0,0.04444916430154086
20,468,0,0.053600710030536555
20,469,0,0.017953805459003994
20,470,0,0.04054750269318728
20,471,0,0.051910423169728104
20,472,0,0.08851436771186073
20,473,0,0.0771108907238145
20,474,0,0.09378598141374281
20,475,1,0.10791033020992791
20,476,0,0.0387120114667361
20,477,0,0.024115550281723117
20,478,0,0.06022370237497436
20,479,0,0.04534224215185251
20,480,0,0.04327886743509369
20,481,0,0.09098609067792121
20,482,1,0.06883741957371013
20,483,1,0.10064323110851259
20,484,1,0.09144074130974962
20,485,0,0.0758760067287008
20,486,0,0.07565323193081819
20,487,0,0.05795250983027276
20,488,0,0.13268475139412753
20,489,1,0.08397228868474581
20,490,0,0.03359796617855522
20,491,1,0.0323421036336678
20,492,0,0.037715910943790426
20,493,0,0.06214879121659813
20,494,0,0.03503603755267071
20,495,0,0.06429284444356739
20,496,1,0.04046282627697174
20,497,0,0.03987583319505934
20,498,1,0.05977798338002451
20,499,0,0.022802349530288236
50,0,0,0.04035703789179429
50,1,0,0.07640119205111577
50,2,0,0.07554848559573926
50,3,0,0.01577580385001938
50,4,0,0.03347514370689964
50,5,0,0.026389961106034927
50,6,0,0.041654304760667324
50,7,0,0.03060705095325416
50,8,0,0.04251707018268914
50,9,0,0.0603303468740234
50,10,0,0.06361778417281655
50,11,0,0.023546692709112166
50,12,0,0.0763659337714997
50,13,0,0.059986445703033214
50,14,0,0.03610416094441004
50,15,1,0.0448318792581138
50,16,1,0.04001047185637395
50,17,0,0.07689894196446866
50,18,1,0.04521346574678233
50,19,0,0.03895082825529463
50,20,0,0.058313897965641764
50,21,0,0.0755905660713126
50,22,0,0.04107638015643822
50,23,0,0.06331884782939712
50,24,0,0.05809057078137338
50,25,1,0.05805553695876328
50,26,0,0.038814925422692666
50,27,0,0.06472926003753472
50,28,1,0.03947009237390547
50,29,1,0.04081488237932889
50,30,1,0.060124021542480935
50,31,0,0.04076091021556286
50,32,0,0.015814420532787053
50,33,1,0.07965170136321809
50,34,0,0.07764771033481994
50,35,0,0.1253079357690584
50,36,0,0.04862153362772564
50,37,1,0.06350819078741422
50,38,1,0.045498026716091884
50,39,1,0.07565318418514437
50,40,0,0.07447584628960568
50,41,1,0.04601028286741827
50,42,1,0.05975645820189034
50,43,0,0.07023075040802242
50,44,0,0.025688702547643646
50,45,1,0.07501025835896163
50,46,0,0.07758138241463325
50,47,1,0.14284884770859158
50,48,0,0.04964853141792778
50,49,0,0.05639439506063354
50,50,0,0.05039905008491579
50,51,0,0.012946543192455074
50,52,0,0.046740873219285745
50,53,0,0.03303419062262484
50,54,0,0.043237900510511254
50,55,1,0.08324290740906376
50,56,0,0.08294808264039008
50,57,1,0.03629167262554453
50,58,0,0.07300579776331138
50,59,0,0.05707772340938288
50,60,1,0.05823816379301023
50,61,0,0.06496337040576429
50,62,0,0.06259777039851352
50,63,0,0.03890234166614728
50,64,1,0.03161039094621915
50,65,0,0.010240877350739714
50,66,0,0.027692727903966936
50,67,0,0.0447813893248363
50,68,0,0.029607381938376913
50,69,0,0.04329717366678422
50,70,0,0.08737100431122738
50,71,0,0.04810566803517084
50,72,0,0.025834578905016607
50,73,0,0.039192769628365216
50,74,0,0.07235608189995503
50,75,0,0.05139253914399609
50,76,0,0.04887014713473542
50,77,0,0.1040879284888571
50,78,0,0.08615140715743111
50,79,1,0.04394671973995259
50,80,1,0.07223556228607189
50,81,0,0.043130498191026385
50,82,0,0.03161146211269816
50,83,1,0.033867055049366115
50,84,0,0.05243695767452287
50,85,0,0.04267447372014682
50,86,0,0.033006545988763875
50,87,0,0.07953861404519995
50,88,0,0.05497290398361801
50,89,0,0.05232586497421665
50,90,0,0.05508928073509304
50,91,0,0.08334972032433154
50,92,0,0.04264007191361098
50,93,0,0.05011282961845007
50,94,0,0.050683685838451606
50,95,0,0.028286993218258547
50,96,0,0.07455611813993306
50,97,0,0.0500775809605415
50,98,0,0.06697478761816406
50,99,1,0.061625584944159914
50,100,1,0.12180718859226904
50,101,0,0.05632443589769405
50,102,0,0.05129296008366357
50,103,0,0.060465839624378
50,104,0,0.04582975207741451
50,105,0,0.06519192019968825
50,106,0,0.07206161061146832
50,107,0,0.02508154892857988
50,108,0,0.036734333085707685
50,109,0,0.059554538523757694
50,110,0,0.08319163314959346
50,111,0,0.03456379234922939
50,112,0,0.05552059796134039
50,113,0,0.053940139441468096
50,114,0,0.10034304743795909
50,115,0,0.08424966696870376
50,116,0,0.07760905299287293
50,117,0,0.06694092019216391
50,118,0,0.045019432148453095
50,119,0,0.07894757479561251
50,120,0,0.054056919780709464
50,121,0,0.04960318488745461
50,122,0,0.05055863914334982
50,123,0,0.06168137875181911
50,124,0,0.030041084671219284
50,125,0,0.1121125610522446
50,126,0,0.01904490154909267
50,127,0,0.07463420547061436
50,128,0,0.006484924418217343
50,129,0,0.041548908987272565
50,130,0,0.09404880599382763
50,131,0,0.021855997027149937
50,132,0,0.01805169618235338
50,133,0,0.03741687288185577
50,134,0,0.04678254733332894
50,135,0,0.03515892926004132
50,136,1,0.09298516701564538
50,137,1,0.07272613981441821
50,138,1,0.06396662114683681
50,139,1,0.051072963821251274
50,140,0,0.05697884994190634
50,141,0,0.04691660787224966
50,142,0,0.06776738445634416
50,143,1,0.035626248991355886
50,144,1,0.043449616806637344
50,145,1,0.054265557868732495
50,146,0,0.04669759827732305
50,147,1,0.04111146355498844
50,148,1,0.07965597558424055
50,149,0,0.03687637552700872
50,150,0,0.033124767838770885
50,151,0,0.08026414092570607
50,152,0,0.03024868355497609
50,153,0,0.02768679194687076
50,154,0,0.057165634322040845
50,155,0,0.042726689481987115
50,156,0,0.05810822950174306
50,157,1,0.03375975205353474
50,158,0,0.028977067865741134
50,159,1,0.05540732937260078
50,160,0,0.04939767236630015
50,161,0,0.0461873408668864
50,162,0,0.03159527240998651
50,163,0,0.04033910905765263
50,164,1,0.04881102323106516
50,165,0,0.08267657431001021
50,166,1,0.06521992293126273
50,167,0,0.06298150044345331
50,168,1,0.07895374675696044
50,169,0,0.042320641785130085
50,170,0,0.03329958299676321
50,171,0,0.057338839043943005
50,172,0,0.053570033403653884
50,173,0,0.03282282146303037
50,174,0,0.05051248138672816
50,175,0,0.04975242752953306
50,176,0,0.03835489462997538
50,177,0,0.09505849231408452
50,178,0,0.04136286466606447
50,179,0,0.041218822701609335
50,180,0,0.11920628177261257
50,181,0,0.05671010797511532
50,182,0,0.03628772737915905
50,183,0,0.05668057385780712
50,184,0,0.03589929766299589
50,185,0,0.039647210599389436
50,186,0,0.013882022757706024
50,187,1,0.10057183296227719
50,188,0,0.05825442957914526
50,189,1,0.0507316770347034
50,190,0,0.028619100489088986
50,191,0,0.06493119610569442
50,192,0,0.03141757176965622
50,193,1,0.09978957308802791
50,194,1,0.017696012515346193
50,195,1,0.03633133851104413
50,196,0,0.0520855255289661
50,197,0,0.03434677844761463
50,198,0,0.06238658168443861
50,199,1,0.07317090373665068
50,200,0,0.03308705778827206
50,201,0,0.055363090403452844
50,202,1,0.13909156064938846
50,203,0,0.04115702198160407
50,204,1,0.07868958936128895
50,205,0,0.05698101950407357
50,206,0,0.05741977412970986
50,207,0,0.07157413104861715
50,208,0,0.04337521901598512
50,209,0,0.08168689972797394
50,210,1,0.05000611352963125
50,211,1,0.058942559701140075
50,212,0,0.06211087115616337
50,213,0,0.042768814078379194
50,214,1,0.08235133374214615
50,215,0,0.05588709037283575
50,216,0,0.06802944902446983
50,217,0,0.045904950166849166
50,218,0,0.036073048870386454
50,219,0,0.0629467958525019
50,220,1,0.04194994977870817
50,221,1,0.0348374398316921
50,222,0,0.03719002715682833
50,223,1,0.06031621548320662
50,224,1,0.04543233176660655
50,225,0,0.04333213656564897
50,226,0,0.04590152260182001
50,227,0,0.026967285345265414
50,228,0,0.048060424969841004
50,229,0,0.040459810719387646
50,230,1,0.06040891493682668
50,231,1,0.0222424342734056
50,232,1,0.02081988737891201
50,233,0,0.04680084539881273
50,234,1,0.044050202996183827
50,235,1,0.04094155364324767
50,236,1,0.09007033924335242
50,237,0,0.041309447821318665
50,238,0,0.10001180570051368
50,239,0,0.04025358191910408
50,240,0,0.03156856807316114
50,241,0,0.05193554809280768
50,242,0,0.05612351438010456
50,243,0,0.05938315609137901
50,244,0,0.03969644625306705
50,245,0,0.06198342991423703
50,246,0,0.04099109182862667
50,247,1,0.08881578453801901
50,248,1,0.06377354474022484
50,249,1,0.036776244206589745
50,250,0,0.03264355420864707
50,251,0,0.08219006492323952
50,252,0,0.06067341424105421
50,253,0,0.06532585136559853
50,254,0,0.030939166567835907
50,255,0,0.07511901838599007
50,256,0,0.06708779827346904
50,257,0,0.059016757367271
50,258,0,0.042288293596327034
50,259,0,0.03810463896684533
50,260,0,0.025102038532439887
50,261,0,0.03700001305729786
50,262,1,0.08444402141128972
50,263,1,0.07120980092741268
50,264,0,0.05288202756013093
50,265,0,0.038390264457412074
50,266,1,0.053030194920612804
50,267,0,0.046769608874445395
50,268,0,0.06970974437701535
50,269,0,0.0790815950153543
50,270,0,0.06902083352488513
50,271,0,0.052700576767908826
50,272,0,0.050830538260573224
50,273,0,0.027300903348223972
50,274,0,0.033525167676155314
50,275,0,0.04667406767719047
50,276,0,0.024712146273892576
50,277,0,0.04949887555494446
50,278,0,0.017364802757942183
50,279,0,0.035093421214645495
50,280,0,0.03014805572478089
50,281,0,0.047453339556522214
50,282,0,0.0489079747433357
50,283,1,0.05372801421311629
50,284,0,0.04451747196091186
50,285,0,0.056657828581310805
50,286,0,0.017855801871160246
50,287,0,0.06788331481133791
50,288,0,0.027417240102290807
50,289,0,0.0678879215213397
50,290,0,0.024257814418224596
50,291,1,0.06740955141785197
50,292,0,0.05549148856498003
50,293,0,0.031437313005479736
50,294,0,0.05149744312121829
50,295,0,0.013812133211409507
50,296,1,0.08898018550379003
50,297,1,0.07164031483896455
50,298,0,0.052063447009177366
50,299,0,0.04455088833993201
50,300,0,0.05327005031840255
50,301,1,0.06472341259522907
50,302,1,0.04469128596375234
50,303,0,0.03245723452667537
50,304,1,0.07714989057557123
50,305,0,0.017371147415371237
50,306,0,0.05770015449715797
50,307,0,0.10070329507361084
50,308,0,0.08578925043502345
50,309,0,0.09637808661846
50,310,1,0.05113369963475589
50,311,1,0.09105648494895677
50,312,0,0.02343919049771547
50,313,0,0.05398195288872331
50,314,0,0.04562433434229068
50,315,0,0.06321417211746583
50,316,0,0.04186105862840779
50,317,0,0.032681112111593705
50,318,0,0.07377662371659313
50,319,0,0.022680144557274667
50,320,0,0.041881243381953835
50,321,0,0.015986624786496945
50,322,0,0.06031016483596936
50,323,0,0.02819270051874575
50,324,0,0.04376600495762242
50,325,1,0.03824515376871419
50,326,0,0.018591065695609237
50,327,1,0.04559128041573418
50,328,1,0.05044087814538575
50,329,0,0.08089792107850752
50,330,0,0.04304038352806433
50,331,0,0.056768841494168026
50,332,0,0.036899774345044926
50,333,0,0.029218097881063457
50,334,0,0.06864322564224966
50,335,0,0.045932664611247453
50,336,0,0.06729598520543957
50,337,0,0.019317475118106685
50,338,0,0.03473874102434059
50,339,1,0.09253331935438915
50,340,0,0.040977157828195
50,341,0,0.06465590462508705
50,342,0,0.018700056337295934
50,343,0,0.06688109054350057
50,344,1,0.09807468115866397
50,345,0,0.052345313719616426
50,346,1,0.035253600941436126
50,347,0,0.12215467312942471
50,348,0,0.03186877804675646
50,349,0,0.05053235318960363
50,350,0,0.03318377542771631
50,351,0,0.016969965156998067
50,352,0,0.06889306717936755
50,353,0,0.08109580848208761
50,354,0,0.045160783168672156
50,355,0,0.041039779182093256
50,356,0,0.07637084702647137
50,357,0,0.017786243865337198
50,358,0,0.09908222128834906
50,359,1,0.0667420634201693
50,360,0,0.07311165559506222
50,361,0,0.05065324692110437
50,362,0,0.07546506008319033
50,363,0,0.044367569815023065
50,364,0,0.06260170280681493
50,365,0,0.011454123139179227
50,366,0,0.07903562691863511
50,367,0,0.06464546421887292
50,368,0,0.07656449424528733
50,369,0,0.04743140132519323
50,370,0,0.07516044976063371
50,371,0,0.012609723693586006
50,372,0,0.056889581755538786
50,373,0,0.04796311710656224
50,374,0,0.04047119822568826
50,375,0,0.06251038965895915
50,376,0,0.08156613844179236
50,377,1,0.06827829209991296
50,378,0,0.031019591086007752
50,379,1,0.07708763400814413
50,380,1,0.08164178781850678
50,381,1,0.11897093470009397
50,382,1,0.062066983752350174
50,383,0,0.03160056937807551
50,384,0,0.018910926154196504
50,385,0,0.032588350881403265
50,386,1,0.03451834632870965
50,387,0,0.06694311259892398
50,388,0,0.037428413208642236
50,389,0,0.039404403017435585
50,390,0,0.06400468643489335
50,391,1,0.07290395711315868
50,392,0,0.0481860994071953
50,393,0,0.023799192721125954
50,394,0,0.0953296605725368
50,395,0,0.03265989126831295
50,396,0,0.0780388116919
50,397,0,0.037497982721068204
50,398,0,0.0286948671179503
50,399,0,0.051150318923144214
50,400,0,0.03731452628003151
50,401,0,0.13762924616297778
50,402,1,0.09997255651842603
50,403,0,0.03464697699807125
50,404,0,0.05159145556950225
50,405,0,0.017718217423795216
50,406,1,0.06750155310190069
50,407,1,0.06673073495546336
50,408,0,0.01785648241577101
50,409,1,0.05065247396898109
50,410,0,0.06385122636394518
50,411,0,0.028988334615754494
50,412,0,0.017231545307193154
50,413,1,0.05067869482501868
50,414,0,0.06590644383828836
50,415,0,0.0874971761879611
50,416,0,0.04361572147996163
50,417,0,0.022876179210897678
50,418,1,0.10187228033031272
50,419,1,0.06663603787808235
50,420,0,0.037024502458130215
50,421,0,0.07459903578655921
50,422,0,0.04053400689816973
50,423,0,0.03919632303662274
50,424,0,0.06647783649333508
50,425,0,0.028854445180802185
50,426,1,0.0365732911333207
50,427,0,0.06638766402364629
50,428,0,0.05297125753216854
50,429,0,0.024822692582943506
50,430,0,0.040773050836997
50,431,1,0.04763146807803985
50,432,0,0.03551236629370861
50,433,1,0.08140925570562929
50,434,0,0.04035507775143661
50,435,0,0.046449686004180424
50,436,0,0.06172760233777921
50,437,0,0.07393611731002321
50,438,1,0.024459282353433785
50,439,0,0.061096369675328985
50,440,0,0.053089198302789194
50,441,1,0.06718003647776637
50,442,1,0.03920195953167035
50,443,1,0.05215116060122948
50,444,0,0.09949922020748334
50,445,0,0.06700989984159522
50,446,0,0.028461300765668752
50,447,0,0.02874352098353434
50,448,0,0.0625561847162362
50,449,0,0.058411694215758314
50,450,0,0.04562181182166236
50,451,0,0.08351030792691279
50,452,1,0.02123757043405895
50,453,1,0.06994667183413592
50,454,0,0.057884659845558566
50,455,1,0.018366523006543647
50,456,1,0.0831181113917366
50,457,1,0.051703110526133314
50,458,1,0.0836472893333915
50,459,0,0.044277247802997
50,460,0,0.045452015589242986
50,461,0,0.046068232038329465
50,462,0,0.05574648666063353
50,463,0,0.1028527380210138
50,464,0,0.04579890456601065
50,465,0,0.11243395014270824
50,466,0,0.07333512040368381
50,467,0,0.06798260975257384
50,468,0,0.05938210328378516
50,469,1,0.08338277290860599
50,470,0,0.04611918040995422
50,471,0,0.05656526766306643
50,472,0,0.08128789730468292
50,473,1,0.130020892989868
50,474,1,0.06810256991309106
50,475,0,0.021813179186331622
50,476,0,0.039757672371067726
50,477,0,0.06711782840621966
50,478,0,0.04116377818720714
50,479,0,0.017678135388031188
50,480,0,0.020112972943140454
50,481,0,0.05577984981656328
50,482,0,0.018087356015875602
50,483,0,0.03830796455524979
50,484,0,0.0657259818818184
50,485,0,0.027342173562074634
50,486,1,0.10434227056239072
50,487,0,0.028110190118611357
50,488,0,0.027569162839517658
50,489,0,0.10138102004663571
50,490,1,0.11490532120485179
50,491,0,0.03254987790802042
50,492,0,0.033495336333663944
50,493,0,0.03373697994015075
50,494,0,0.07936642107205454
50,495,0,0.03301019654907531
50,496,0,0.02749901605841607
50,497,1,0.05647016105035261
50,498,0,0.041933091194198975
50,499,0,0.1092141205679371
100,0,1,0.04446015853774684
100,1,0,0.02834948301399833
100,2,0,0.03583569487758958
100,3,0,0.049691633631726226
100,4,0,0.03926338800963297
100,5,0,0.05984307882278208
100,6,1,0.0565891957612036
100,7,0,0.03337787459965547
100,8,0,0.05169984819069347
100,9,0,0.030093833509135318
100,10,1,0.028678478768529136
100,11,0,0.021351094744560973
100,12,0,0.04470026277304365
100,13,0,0.017159399638400123
100,14,1,0.05968628245185072
100,15,0,0.06037008075336352
100,16,0,0.043387078863042564
100,17,0,0.016930601846190156
100,18,0,0.05278339332126833
100,19,0,0.05855899327371373
100,20,0,0.02910038718642361
100,21,0,0.0486037747053875
100,22,0,0.04911514132672439
100,23,0,0.0238059446891824
100,24,1,0.046138612389941096
100,25,1,0.04546623961788323
100,26,1,0.04363870899564446
100,27,0,0.02951235875643508
100,28,0,0.049196209786237406
100,29,0,0.02348105354758676
100,30,0,0.029070181639417082
100,31,0,0.02512577191188763
100,32,0,0.015768512039826467
100,33,0,0.04457908881149726
100,34,1,0.037398400638700174
100,35,0,0.036428410962700525
100,36,0,0.06341481953722171
100,37,0,0.049809884040607835
100,38,0,0.04696291263341176
100,39,0,0.07660003687567357
100,40,0,0.03278562160906375
100,41,0,0.0486503711727288
100,42,1,0.02589495098606929
100,43,0,0.05592181500142039
100,44,0,0.04112750400799058
100,45,0,0.014923189037711853
100,46,0,0.01615442832652299
100,47,0,0.018322600990821506
100,48,0,0.04679179319360388
100,49,1,0.04229342588665961
100,50,1,0.07613990132051313
100,51,0,0.03765100759748131
100,52,0,0.03819742915733084
100,53,0,0.021626913433492486
100,54,1,0.04497935216589749
100,55,0,0.03529302476386221
100,56,0,0.06102883855746971
100,57,0,0.0235879221879411
100,58,0,0.019553825662581712
100,59,0,0.0355866298688397
100,60,0,0.036074452185481325
100,61,0,0.02220585135948728
100,62,0,0.053827303679743574
100,63,0,0.04511754180762474
100,64,1,0.04454023322976937
100,65,0,0.018227490100490767
100,66,0,0.016045572480801403
100,67,0,0.014220867068387402
100,68,0,0.025481001286481182
100,69,0,0.017303834188287973
100,70,0,0.051074290477750375
100,71,0,0.06721794307703366
100,72,0,0.03620447801380926
100,73,1,0.041798942337542784
100,74,0,0.02823152674777963
100,75,0,0.02147932596677032
100,76,0,0.005750069473574004
100,77,0,0.0876339301597267
100,78,0,0.01405103720678651
100,79,0,0.027012437488652938
100,80,0,0.0441677376234022
100,81,1,0.09208500227718473
100,82,1,0.043183659516192664
100,83,0,0.020620127629319876
100,84,0,0.020194673759925102
100,85,1,0.07396019384623266
100,86,0,0.021825935455572692
100,87,0,0.03996877588589719
100,88,0,0.06634579117711442
100,89,0,0.025552430182528518
100,90,0,0.013649336697096528
100,91,1,0.04078157009521084
100,92,0,0.030096459428929617
100,93,0,0.008541166570556426
100,94,0,0.04923922189830025
100,95,0,0.05016729990113344
100,96,1,0.06080623899898989
100,97,0,0.03461329191590736
100,98,0,0.013518365512454316
100,99,0,0.03738373712421561
100,100,0,0.04067868003967952
100,101,0,0.03517390273138358
100,102,0,0.023798531956374897
100,103,0,0.019682978806270672
100,104,1,0.07069002851238905
100,105,0,0.029724940135866816
100,106,1,0.02780690333829345
100,107,1,0.005883599107050896
100,108,0,0.022484076263386377
100,109,0,0.0603790480530888
100,110,1,0.03910422591396355
100,111,0,0.021536731234468157
100,112,0,0.026123618608076903
100,113,1,0.05276690852949744
100,114,0,0.04532720429865891
100,115,1,0.027476300952822028
100,116,0,0.031878739676898055
100,117,0,0.023509723280011902
100,118,1,0.03179112137320753
100,119,0,0.04389871159612676
100,120,0,0.04311528169830967
100,121,1,0.04680398090133411
100,122,0,0.03953825470458116
100,123,1,0.12182212591376534
100,124,0,0.08131713790822434
100,125,0,0.0257627418799479
100,126,1,0.06673602884873978
100,127,1,0.0674513753582571
100,128,1,0.05056535695262282
100,129,0,0.05380259904429388
100,130,0,0.01956831895516083
100,131,0,0.021303860992035684
100,132,1,0.07321229728594139
100,133,0,0.04244794837497627
100,134,0,0.030916113237252393
100,135,0,0.009714830164806154
100,136,0,0.04233820116864735
100,137,0,0.047760137852510764
100,138,0,0.051180199349744285
100,139,1,0.02322724198106722
100,140,0,0.026386914423551514
100,141,0,0.04686672033798137
100,142,0,0.02450678941601879
100,143,1,0.03138603432172761
100,144,0,0.04625113243920886
100,145,0,0.017520897961614112
100,146,0,0.032602525119117716
100,147,0,0.050561128497680796
100,148,1,0.014390191006004917
100,149,0,0.02813056354249304
100,150,0,0.059729405990518174
100,151,0,0.05000875870210329
100,152,1,0.023867215100730012
100,153,0,0.0348554441455107
100,154,0,0.04966417450853786
100,155,0,0.024360748171094775
100,156,0,0.038866507308430644
100,157,0,0.04706767907033789
100,158,1,0.027691852666972626
100,159,0,0.03494865651633413
100,160,1,0.10320836332248161
100,161,0,0.049217852791740194
100,162,0,0.05028843600801237
100,163,0,0.01574748964020367
100,164,0,0.028231425112917485
100,165,0,0.0432140634741351
100,166,0,0.026018300073622096
100,167,0,0.029566747119132968
100,168,0,0.055957546176444245
100,169,1,0.02714967117688173
100,170,0,0.015506310218913806
100,171,0,0.07610549787759244
100,172,0,0.01826088410911652
100,173,0,0.02849065646298711
100,174,1,0.11816052753764973
100,175,0,0.027859257136001653
100,176,1,0.057817982380003276
100,177,0,0.018241837089642506
100,178,0,0.049459920477252055
100,179,1,0.03404797350702845
100,180,0,0.05052330874433983
100,181,0,0.02620094865533459
100,182,0,0.012583084218153608
100,183,0,0.029717083233767993
100,184,0,0.010262772656337515
100,185,0,0.03330167080274259
100,186,0,0.04692917201366539
100,187,0,0.03835822522432525
100,188,0,0.04011642729804644
100,189,0,0.0695811239359822
100,190,0,0.053257325949563755
100,191,0,0.03052429609218516
100,192,1,0.02064366788426488
100,193,0,0.07004790804032085
100,194,0,0.01834434174188449
100,195,0,0.028880709215138314
100,196,0,0.03413592760937622
100,197,0,0.020818574044160876
100,198,0,0.059881549492700456
100,199,0,0.025856469639175046
100,200,1,0.10020169634447024
100,201,0,0.03100065730869075
100,202,0,0.05630729239742597
100,203,1,0.06345069740450816
100,204,0,0.03261703616429536
100,205,0,0.056399833104686145
100,206,0,0.01812330346790427
100,207,0,0.04301573006003356
100,208,1,0.04881998906046696
100,209,0,0.023569901530469922
100,210,0,0.026810562394587307
100,211,0,0.03556648674085957
100,212,0,0.057786099375923085
100,213,0,0.041051814838078016
100,214,1,0.013578597217138128
100,215,1,0.06414152949719232
100,216,1,0.0378243301558155
100,217,0,0.059430977962841865
100,218,0,0.07143076392499634
100,219,0,0.02282095115655022
100,220,0,0.047521652824404924
100,221,0,0.06299766834480264
100,222,0,0.03897974856445237
100,223,0,0.08173037315435444
100,224,1,0.015479841673624246
100,225,0,0.05494218402315704
100,226,0,0.030189224765770933
100,227,0,0.021501375007680682
100,228,1,0.04406643643369396
100,229,0,0.03812994686498271
100,230,1,0.0740518325579459
100,231,1,0.022755444831145874
100,232,1,0.022278303618251314
100,233,0,0.02626434815630845
100,234,0,0.03288512815371539
100,235,0,0.03500773066909829
100,236,0,0.056555319417372976
100,237,0,0.05257345983813458
100,238,0,0.03606905961528893
100,239,1,0.04947281898445241
100,240,0,0.02444689356068329
100,241,0,0.026206679819794958
100,242,0,0.038520926487861915
100,243,0,0.05234274662938828
100,244,0,0.029561783227780622
100,245,0,0.03398220672026134
100,246,0,0.05971583302417609
100,247,0,0.05558406203363588
100,248,0,0.04045570256621195
100,249,0,0.10172541262187984
100,250,1,0.021486099390041827
100,251,1,0.0669498766453793
100,252,0,0.01759487164848903
100,253,0,0.03367789699526452
100,254,0,0.06597039288295391
100,255,0,0.04732094700128077
100,256,1,0.07057550828503703
100,257,0,0.03475376641573277
100,258,0,0.037129663710448305
100,259,0,0.02158377416619157
100,260,0,0.0355043734794855
100,261,1,0.05617230136528174
100,262,0,0.045023615478139205
100,263,0,0.041190841296164626
100,264,0,0.028480437779715574
100,265,0,0.028997533317521654
100,266,1,0.03026736122116875
100,267,0,0.011344072408126703
100,268,0,0.04615039642858229
100,269,0,0.028452464301603815
100,270,0,0.05038589366925733
100,271,0,0.0302509088520337
100,272,0,0.030519488203521187
100,273,1,0.037077635194461556
100,274,0,0.03629901417536479
100,275,0,0.03608355159892087
100,276,1,0.05019197761990614
100,277,0,0.020693159645185824
100,278,0,0.041586984962479104
100,279,0,0.023742150079887326
100,280,1,0.04659402053627115
100,281,0,0.027399443241640092
100,282,1,0.031216247166887756
100,283,0,0.03612531501672116
100,284,1,0.0333172675484012
100,285,0,0.028993336697679343
100,286,0,0.04147960991337582
100,287,0,0.03872753025923834
100,288,1,0.017946178040805668
100,289,0,0.030701573291497454
100,290,0,0.03918399746385068
100,291,0,0.028369368457728188
100,292,0,0.05494163878304028
100,293,0,0.036149972846303495
100,294,0,0.031105054190465452
100,295,0,0.02220395232790432
100,296,1,0.03477184709216065
100,297,0,0.050022407961655
100,298,0,0.022762552202933144
100,299,0,0.0644791570747195
100,300,0,0.02573408479917229
100,301,0,0.022102504480408257
100,302,0,0.05160918282490009
100,303,0,0.013078282019112888
100,304,0,0.016215089392997643
100,305,0,0.03723753827551216
100,306,0,0.042587634427188006
100,307,1,0.04388166964833758
100,308,1,0.02672187168434355
100,309,1,0.058230884844316926
100,310,0,0.015948440726944162
100,311,0,0.025045460687664046
100,312,0,0.05556721358810862
100,313,0,0.053506352527664836
100,314,0,0.03177470441774697
100,315,1,0.0436302117879993
100,316,0,0.020509765684800486
100,317,1,0.052041403421898745
100,318,0,0.029346123246983526
100,319,0,0.033356775968959404
100,320,0,0.04314061735539012
100,321,1,0.08667043383090145
100,322,1,0.03609237509930865
100,323,1,0.061609137045250714
100,324,0,0.01268342356215527
100,325,0,0.04645987422191149
100,326,0,0.07019210062534027
100,327,0,0.0322424891917779
100,328,0,0.022935061743268186
100,329,0,0.0640626548781193
100,330,0,0.025209090030504627
100,331,0,0.041293064512424656
100,332,0,0.02464461790709086
100,333,0,0.022150444972936514
100,334,1,0.05021204059624463
100,335,0,0.018250097307054965
100,336,1,0.024004559226397694
100,337,0,0.03182721057281467
100,338,1,0.04220090725163366
100,339,0,0.01726276760806008
100,340,0,0.05225619750936723
100,341,0,0.02855401769322037
100,342,1,0.04234813661628838
100,343,1,0.0315049755077003
100,344,0,0.020699398079564068
100,345,1,0.01959367325642745
100,346,1,0.02943161879838399
100,347,0,0.03616072556773787
100,348,1,0.06032731072723287
100,349,0,0.023543314067871884
100,350,0,0.025106856091583266
100,351,1,0.019657177357653474
100,352,1,0.06757552871237105
100,353,0,0.02287707038139295
100,354,1,0.016431075527160995
100,355,0,0.021166156357864445
100,356,0,0.044572717485547045
100,357,0,0.030940198776561276
100,358,1,0.05239286517746198
100,359,0,0.04211362708602584
100,360,0,0.03407450504495445
100,361,0,0.03177041654901691
100,362,1,0.09154376358766887
100,363,0,0.03909143295928098
100,364,0,0.0191971481563983
100,365,0,0.08881709956097181
100,366,0,0.03551025409595938
100,367,0,0.09939843843698859
100,368,0,0.02137094866620505
100,369,0,0.04028011811017641
100,370,0,0.049842973004268015
100,371,0,0.02821817342997469
100,372,0,0.04690040419451939
100,373,0,0.016269300078343745
100,374,1,0.05332754671615618
100,375,1,0.03145525633540436
100,376,0,0.01577633467815353
100,377,0,0.039199926560391736
100,378,0,0.03115607130946905
100,379,0,0.02415914374502285
100,380,0,0.031089570238695952
100,381,0,0.049538274017212836
100,382,1,0.028096683727836507
100,383,0,0.04063283619028294
100,384,0,0.044373390763182856
100,385,1,0.04481912209908284
100,386,0,0.029166740966545174
100,387,0,0.046572886325925045
100,388,0,0.027982163487862203
100,389,0,0.018184359917171378
100,390,0,0.03478792624204938
100,391,0,0.03219775619948004
100,392,0,0.03885348521025009
100,393,0,0.034447424042572346
100,394,0,0.018109664848671873
100,395,0,0.0262206040296848
100,396,0,0.03161458750746314
100,397,1,0.05509041308501856
100,398,0,0.05519871592118009
100,399,0,0.05251920954869911
100,400,0,0.017445319021766943
100,401,0,0.022429640991114563
100,402,0,0.021916571653159442
100,403,0,0.017674962171776755
100,404,0,0.028151949658531232
100,405,1,0.039473304769355275
100,406,0,0.02622621211008728
100,407,0,0.029065481787282646
100,408,1,0.04793765031357769
100,409,1,0.03504293706010936
100,410,1,0.017236287384652306
100,411,0,0.014526264426468313
100,412,0,0.028197249520557854
100,413,0,0.030970109927254817
100,414,0,0.02343861451693731
100,415,0,0.05671534501567324
100,416,0,0.041869108267485966
100,417,0,0.02042897936841434
100,418,0,0.016914861721584358
100,419,0,0.03720029110754498
100,420,0,0.04511231062138136
100,421,1,0.018657678401310832
100,422,1,0.03471366289204895
100,423,0,0.03196617697421922
100,424,0,0.028099426051634464
100,425,0,0.033854785544201876
100,426,0,0.04482220754757153
100,427,0,0.04885568412489665
100,428,0,0.03233436593883136
100,429,1,0.10523548598852123
100,430,0,0.034778008616574874
100,431,0,0.04090128801599521
100,432,0,0.06609544570063225
100,433,0,0.022758361613188404
100,434,1,0.022683669763665693
100,435,0,0.03388798286583315
100,436,0,0.052226448142305926
100,437,0,0.029656684559172794
100,438,1,0.013993202842448595
100,439,1,0.024528372638534107
100,440,0,0.022369814507600158
100,441,1,0.04949478702511387
100,442,1,0.027701078292016908
100,443,1,0.043549119652913484
100,444,1,0.0382979065832634
100,445,0,0.0307070897706102
100,446,0,0.024309635561969675
100,447,0,0.023901022498040925
100,448,0,0.012267962495562487
100,449,0,0.015991630468766806
100,450,1,0.049293136137121496
100,451,0,0.01993396410594128
100,452,0,0.03797726154873808
100,453,0,0.015031128332674252
100,454,0,0.035482877288093906
100,455,1,0.024999735118003234
100,456,0,0.03935606865991199
100,457,0,0.02369770129522216
100,458,0,0.05453789227419068
100,459,1,0.02485064755783241
100,460,0,0.059599658341168815
100,461,1,0.08331569228162544
100,462,0,0.028167782476375226
100,463,0,0.032263088051640805
100,464,1,0.04914756875513547
100,465,1,0.060880476759890154
100,466,0,0.024311660672309398
100,467,1,0.007852875744086586
100,468,1,0.03764400049136833
100,469,0,0.047739855093412054
100,470,0,0.027225533812944056
100,471,0,0.0401062535973471
100,472,0,0.0641340824845816
100,473,0,0.035481190221468006
100,474,1,0.03511826455728691
100,475,0,0.022254600463620287
100,476,0,0.025251062199710447
100,477,0,0.014996550208371436
100,478,0,0.08975903684528323
100,479,0,0.011612938112805109
100,480,0,0.037847617822472146
100,481,0,0.05754857244756278
100,482,0,0.04317825571268678
100,483,0,0.02784517788149768
100,484,1,0.0962847795506759
100,485,1,0.024979503368796188
100,486,0,0.03907517390103768
100,487,0,0.0688845824148554
100,488,0,0.02303516156614081
100,489,0,0.05078574001108622
100,490,0,0.05277322934219732
100,491,0,0.07905231444203022
100,492,0,0.039100653254510946
100,493,0,0.034226425508429824
100,494,0,0.019026242001317833
100,495,0,0.03801330809655795
100,496,1,0.03484938870574799
100,497,1,0.05246704915498956
100,498,1,0.01945861367060677
100,499,0,0.04952192776014959
200,0,0,0.025496061368091127
200,1,0,0.014982739408565033
200,2,1,0.028193668397870984
200,3,0,0.021801747436423283
200,4,0,0.011293923622983391
200,5,0,0.019832522007842877
200,6,0,0.008927380821746472
200,7,0,0.021339007652750083
200,8,0,0.03382217510719192
200,9,0,0.012357336703332736
200,10,0,0.031580915455955816
200,11,1,0.04680321050876182
200,12,0,0.05300631200591555
200,13,0,0.038351531135658944
200,14,0,0.025119484902768944
200,15,0,0.022717134250855156
200,16,0,0.007842399304400248
200,17,0,0.027260618338928743
200,18,1,0.04780080581241133
200,19,0,0.014883032144074906
200,20,1,0.01916623463328463
200,21,0,0.027264697892390857
200,22,0,0.029374282354566624
200,23,1,0.0049536306371413185
200,24,0,0.023211811997066588
200,25,0,0.025385996997154926
200,26,0,0.020938083298068382
200,27,0,0.042866778707349534
200,28,0,0.027925645093501535
200,29,0,0.019804997427769828
200,30,0,0.02178552332245476
200,31,1,0.05498643478448135
200,32,0,0.011729027101569292
200,33,0,0.016579619704062624
200,34,1,0.05614552650366767
200,35,0,0.023109277311577796
200,36,1,0.038078668274665925
200,37,1,0.0365230289133695
200,38,1,0.03674123108622838
200,39,0,0.019647020527571026
200,40,0,0.013376513467116363
200,41,0,0.025757021419478658
200,42,1,0.02250721707665276
200,43,0,0.020366517483786328
200,44,0,0.03296985554057058
200,45,0,0.04172353403023731
200,46,1,0.06577252071104167
200,47,0,0.030478341500993218
200,48,0,0.029427519776528376
200,49,0,0.017667207749872658
200,50,0,0.0246295688411712
200,51,0,0.02595371857063179
200,52,0,0.024183298557537806
200,53,0,0.01648549118430389
200,54,0,0.03943677731607401
200,55,0,0.03527756461124093
200,56,0,0.03161915635994843
200,57,1,0.041836199581864374
200,58,0,0.008694665506197002
200,59,0,0.02383359981790771
200,60,1,0.029766572355094476
200,61,0,0.024961991751709448
200,62,1,0.03770234557407308
200,63,1,0.0512489995273019
200,64,0,0.015793879430074816
200,65,0,0.025217091777997525
200,66,0,0.020547531181034907
200,67,1,0.026390095745524166
200,68,1,0.021972826433643095
200,69,0,0.01501162172230879
200,70,1,0.04245958992137856
200,71,0,0.02859581907466715
200,72,0,0.011342188280342154
200,73,0,0.03168438158548988
200,74,0,0.04793346194202775
200,75,0,0.022922904634098542
200,76,0,0.032103033739429035
200,77,0,0.020653218415267825
200,78,0,0.026304645047714275
200,79,0,0.034268876037975085
200,80,1,0.037224435149055324
200,81,0,0.011249518538114206
200,82,1,0.045980300146472135
200,83,0,0.02632750089302222
200,84,0,0.01225675034550462
200,85,0,0.01208732690447016
200,86,1,0.03548828745672471
200,87,0,0.02650324133175778
200,88,0,0.013187621062743807
200,89,0,0.019595229504059307
200,90,0,0.013498129584259402
200,91,0,0.006444726734259189
200,92,0,0.0158178393735584
200,93,1,0.028603563922556727
200,94,0,0.008114496095774899
200,95,0,0.04496985936708326
200,96,0,0.015298481310665366
200,97,0,0.017495579531094606
200,98,1,0.04280727754516814
200,99,0,0.01640379486627819
200,100,0,0.008839046904609788
200,101,0,0.024436965406314827
200,102,0,0.013527497452185004
200,103,1,0.031439082503363226
200,104,0,0.027767303806948557
200,105,0,0.02183568799757453
200,106,0,0.033211324754399724
200,107,0,0.022243814264199007
200,108,0,0.039372537246125786
200,109,0,0.03014421624130495
200,110,0,0.030860884254986242
200,111,0,0.0080200618755138
200,112,0,0.02343526768199483
200,113,0,0.01821051292886154
200,114,1,0.035034058162166086
200,115,0,0.02992428367390624
200,116,0,0.01786145603753107
200,117,0,0.027475343435342064
200,118,1,0.04526997715310343
200,119,0,0.015344189639502402
200,120,0,0.00891437908331257
200,121,0,0.018734767948151397
200,122,1,0.03145800750193822
200,123,0,0.025375925952071533
200,124,0,0.006158457729553732
200,125,1,0.024600713816208812
200,126,0,0.014082825182112915
200,127,0,0.007224297014738751
200,128,0,0.02878860537845608
200,129,0,0.016574331380400355
200,130,1,0.0751015959129835
200,131,0,0.017865130178661266
200,132,0,0.02508374370505036
200,133,0,0.01373002022450589
200,134,0,0.01501427866077262
200,135,0,0.014365180687376859
200,136,0,0.026171086626019704
200,137,1,0.03555570301257388
200,138,0,0.02635168188941072
200,139,0,0.048070545819306656
200,140,0,0.02565182733860736
200,141,1,0.0348062413539846
200,142,1,0.03425579197607473
200,143,0,0.019276512085619237
200,144,0,0.008128320521696108
200,145,0,0.020002643254847595
200,146,0,0.024693674425430287
200,147,1,0.029651417399026204
200,148,0,0.027862769518451666
200,149,0,0.030156185733200128
200,150,0,0.05080556651020842
200,151,1,0.01912234071255436
200,152,1,0.01878446054975902
200,153,0,0.01700614286327761
200,154,1,0.028793271010505654
200,155,0,0.02199742117245487
200,156,0,0.024019441983838798
200,157,0,0.013723956433680795
200,158,0,0.016231026472246515
200,159,0,0.038079997041057315
200,160,1,0.03832363865969607
200,161,0,0.025769463664867348
200,162,0,0.02797031782494959
200,163,0,0.03581365606066788
200,164,0,0.035594108169663845
200,165,0,0.01118091040370427
200,166,0,0.012515068724760815
200,167,0,0.02255822634974676
200,168,0,0.018647398214084197
200,169,0,0.013550737556236618
200,170,1,0.034452632899434274
200,171,0,0.019692264920600944
200,172,0,0.022704060521835337
200,173,0,0.04048351745731948
200,174,0,0.010568509770884011
200,175,1,0.013866390316544332
200,176,0,0.03790197080183152
200,177,0,0.029499615870078894
200,178,1,0.0243892787645459
200,179,0,0.024479391579941927
200,180,0,0.02602393956278287
200,181,0,0.016518355910151324
200,182,0,0.01571128148155144
200,183,1,0.04916019659509689
200,184,1,0.0515853709394227
200,185,0,0.03842348498855545
200,186,1,0.030927727766378553
200,187,1,0.03441587586740587
200,188,1,0.07190459906324442
200,189,0,0.022811274961641054
200,190,0,0.011942931497758127
200,191,0,0.020161542407940297
200,192,1,0.014288083768733926
200,193,0,0.02429550712694349
200,194,0,0.03267105842305047
200,195,0,0.01312567876669769
200,196,1,0.060632076280264
200,197,0,0.032099205058736736
200,198,0,0.023506783927517337
200,199,0,0.0223196263880456
200,200,0,0.02365733003563427
200,201,0,0.02206630958404098
200,202,0,0.011742295967009122
200,203,0,0.022250722443138145
200,204,0,0.01909795265522486
200,205,0,0.018450898243444994
200,206,0,0.015013399902483049
200,207,0,0.011472245515178779
200,208,0,0.05046040084958349
200,209,0,0.03050153484320886
200,210,0,0.020078800826322407
200,211,0,0.010074626898554165
200,212,0,0.007806812420529983
200,213,0,0.038137450354957796
200,214,0,0.024907408228956502
200,215,0,0.02368182618900989
200,216,1,0.03245973725014503
200,217,1,0.04084011850330268
200,218,0,0.020776308658338422
200,219,0,0.0273242782360101
200,220,1,0.04391189934380772
200,221,0,0.024196674980116302
200,222,0,0.04329624681370403
200,223,1,0.031028396314778463
200,224,0,0.05122425569716113
200,225,0,0.013542205424932206
200,226,0,0.017439032604595287
200,227,0,0.024813005766722903
200,228,1,0.01026669780250785
200,229,0,0.01726070282607677
200,230,0,0.0165239621462319
200,231,0,0.016692593913692502
200,232,0,0.00955848510645487
200,233,1,0.04242836395112699
200,234,0,0.024048277439036106
200,235,0,0.01620712929248444
200,236,1,0.022083198437355882
200,237,0,0.04168588825823342
200,238,0,0.008054676958787942
200,239,0,0.022913000212997768
200,240,0,0.01685186762554534
200,241,1,0.05172760503542085
200,242,0,0.022266025322183684
200,243,0,0.011998335099644975
200,244,1,0.03510068567916398
200,245,0,0.013430859087421898
200,246,0,0.012218952843437951
200,247,1,0.050748761875224715
200,248,0,0.029228532436217525
200,249,1,0.02544778494989154
200,250,0,0.02461460804482819
200,251,0,0.020149057936234296
200,252,0,0.013871766961927504
200,253,0,0.013774329967447364
200,254,0,0.023453259324150877
200,255,0,0.022925781608446688
200,256,0,0.026573280688170216
200,257,0,0.022462476724810464
200,258,1,0.05943403236649002
200,259,1,0.015428841360122953
200,260,0,0.013640297645268324
200,261,1,0.04144439091111979
200,262,0,0.02818133103982027
200,263,0,0.01705409109179065
200,264,1,0.039590676774640704
200,265,0,0.0161888662309728
200,266,0,0.01706783850935412
200,267,1,0.027468239302047767
200,268,0,0.036968102613636415
200,269,1,0.025121016042406116
200,270,1,0.015658414988254404
200,271,0,0.01241274639964495
200,272,0,0.014848336777898825
200,273,0,0.03108838431920235
200,274,0,0.01552854062508975
200,275,0,0.009848620508885048
200,276,1,0.07390229302345447
200,277,0,0.02220596695953142
200,278,0,0.003444266181773805
200,279,0,0.02156126880399734
200,280,1,0.05697548722390343
200,281,0,0.017273522847288336
200,282,0,0.015648085158959334
200,283,0,0.003502953552649333
200,284,0,0.03238846106021193
200,285,0,0.024834745176904156
200,286,0,0.03592480273311463
200,287,0,0.029937014173868647
200,288,0,0.013440740709426604
200,289,0,0.035352372293549
200,290,0,0.00430845699872544
200,291,0,0.01724799270227492
200,292,1,0.033950068527508405
200,293,0,0.014456720744996786
200,294,0,0.016726211263997634
200,295,0,0.01972430970607269
200,296,1,0.020714075502087266
200,297,0,0.025040234598131955
200,298,0,0.010705665848482784
200,299,1,0.020304475532796146
200,300,0,0.018077645497149998
200,301,1,0.021569305260515655
200,302,0,0.016693983510989104
200,303,0,0.023611767529828694
200,304,0,0.01265868430078305
200,305,0,0.01668485108224718
200,306,0,0.042155257087746596
200,307,0,0.03682249199749602
200,308,1,0.02659058144070367
200,309,0,0.013487839463695634
200,310,0,0.02926276323236468
200,311,0,0.03056141728496129
200,312,0,0.02475273888112759
200,313,0,0.009447058629327553
200,314,0,0.03479282177619862
200,315,0,0.008952121201932308
200,316,0,0.02541179707586357
200,317,0,0.013577146915571136
200,318,1,0.013682108517959826
200,319,0,0.030581983363830768
200,320,0,0.01067699693620218
200,321,0,0.02005408533001707
200,322,0,0.022206219662311313
200,323,0,0.014478197499578453
200,324,0,0.010416434908642329
200,325,0,0.01675267432440188
200,326,0,0.03955941220043087
200,327,0,0.03760911900261045
200,328,0,0.045184754515687334
200,329,0,0.01439860865165218
200,330,0,0.036687465776585354
200,331,1,0.033823652330115084
200,332,1,0.03715365859898731
200,333,0,0.017155644907215262
200,334,1,0.07459711643897832
200,335,0,0.015317055661176972
200,336,0,0.023568824110904107
200,337,0,0.01048434239123961
200,338,0,0.03769050483921489
200,339,0,0.008817763889149115
200,340,1,0.025656802367728763
200,341,0,0.023825858389977528
200,342,1,0.023375277438410204
200,343,1,0.04188497272078107
200,344,0,0.02690722169447057
200,345,0,0.010337999672787196
200,346,1,0.0245547518290724
200,347,0,0.01459889271159321
200,348,1,0.04687854943400578
200,349,0,0.04237186641681543
200,350,1,0.03702994403103626
200,351,1,0.05731436780094235
200,352,1,0.026047526155506723
200,353,0,0.023978405388191133
200,354,0,0.028792367185833497
200,355,1,0.02865642263879247
200,356,0,0.02282671564105995
200,357,0,0.03835017050948297
200,358,1,0.017743748429951266
200,359,1,0.03159431742828234
200,360,0,0.024756013740503353
200,361,0,0.012828977977459341
200,362,1,0.03587283703908235
200,363,0,0.01949455959735849
200,364,0,0.0219557681883382
200,365,0,0.026887617022846564
200,366,1,0.03971744600437757
200,367,1,0.03024177557560832
200,368,1,0.0363989986201523
200,369,0,0.016468270735292202
200,370,0,0.02018670882965222
200,371,1,0.04854154519685186
200,372,0,0.008987581695142438
200,373,0,0.04016203616073198
200,374,0,0.02580961257197356
200,375,0,0.01597068367288878
200,376,0,0.023957277074520944
200,377,1,0.07996133182261332
200,378,1,0.04065661243968033
200,379,1,0.023167730156695477
200,380,0,0.03960414083308335
200,381,0,0.004374302880733937
200,382,1,0.0260764388872292
200,383,1,0.025065139525322067
200,384,0,0.022975697218728434
200,385,0,0.02145947524125548
200,386,0,0.024360014206212706
200,387,0,0.015752745162567996
200,388,0,0.04747829838422421
200,389,0,0.017482683599397815
200,390,0,0.03089409932408383
200,391,0,0.03319177123559714
200,392,0,0.020175576083745556
200,393,0,0.01534984950791075
200,394,0,0.011012053836277366
200,395,1,0.025077330333507022
200,396,0,0.013749220538886102
200,397,0,0.03319154559355546
200,398,1,0.07460078073163662
200,399,1,0.06793903925705051
200,400,0,0.02983372154524997
200,401,1,0.033787444964084076
200,402,0,0.01988017013155232
200,403,1,0.030779552271207582
200,404,0,0.03476639564406453
200,405,0,0.016295940935563507
200,406,0,0.021294489135193242
200,407,0,0.017089806696833777
200,408,0,0.019117387743696014
200,409,0,0.018951532909440915
200,410,0,0.02422331551388028
200,411,0,0.013790939963898982
200,412,0,0.026835969102801806
200,413,0,0.04447326345840785
200,414,0,0.01425169215028349
200,415,1,0.05281842856692443
200,416,0,0.016177240512586802
200,417,0,0.013384359960951832
200,418,1,0.042130936016364744
200,419,0,0.029545006856781717
200,420,0,0.03232934759654303
200,421,1,0.06111675366760098
200,422,1,0.029806212882771542
200,423,1,0.03499259494766865
200,424,0,0.03380105999342999
200,425,0,0.036498370559361025
200,426,0,0.041381945087135774
200,427,0,0.04111332276553895
200,428,1,0.020584221327462314
200,429,1,0.03994069162549633
200,430,0,0.014175395765149704
200,431,0,0.01686978614360781
200,432,0,0.013584439392123181
200,433,0,0.022396246027888207
200,434,1,0.032402205289977296
200,435,0,0.02182862442519343
200,436,0,0.008339635454208221
200,437,1,0.032332236877895396
200,438,1,0.011375429102276274
200,439,0,0.012918655280147814
200,440,0,0.031017701221756563
200,441,1,0.06312884574034042
200,442,0,0.017075341768500302
200,443,0,0.012686470365667479
200,444,0,0.03502464697686873
200,445,1,0.04008424236373179
200,446,1,0.04686555202729802
200,447,0,0.02236408161708758
200,448,0,0.017391930055877032
200,449,0,0.02505806865038317
200,450,0,0.022252164168668945
200,451,0,0.01344555446020593
200,452,0,0.024933211536028385
200,453,0,0.01684932047306392
200,454,0,0.023180907103389645
200,455,1,0.025189723149365198
200,456,0,0.033473458803906835
200,457,0,0.006820006774282947
200,458,0,0.008429797572258042
200,459,0,0.04262471245995982
200,460,0,0.006992470524711316
200,461,1,0.03554234793732091
200,462,0,0.013673797204375653
200,463,0,0.02172730200474874
200,464,1,0.015821307608631274
200,465,0,0.02333652439521715
200,466,1,0.042661770853281974
200,467,1,0.04520973233450738
200,468,0,0.017184764843701506
200,469,0,0.04018589089764865
200,470,0,0.01991317261835237
200,471,0,0.020280090988968838
200,472,0,0.015529634904124776
200,473,0,0.017639218724820403
200,474,1,0.022406780428017234
200,475,0,0.027757795569938987
200,476,0,0.02782044900612276
200,477,0,0.017060532050698164
200,478,1,0.04283433203257524
200,479,0,0.008041582003721993
200,480,0,0.027658437197343108
200,481,0,0.026627263706018506
200,482,0,0.005400365196663339
200,483,0,0.022001653226068653
200,484,1,0.05039842339216033
200,485,0,0.014705769251139257
200,486,0,0.04205918301112923
200,487,1,0.06614961380193049
200,488,1,0.0326978336026808
200,489,0,0.014132979631073444
200,490,1,0.02210336729899126
200,491,1,0.035320361895791026
200,492,0,0.023902088893230963
200,493,0,0.05592325585636236
200,494,1,0.03311689786418398
200,495,0,0.029925485229185658
200,496,0,0.05344382555154987
200,497,0,0.01774643038755687
200,498,0,0.026359421245024647
200,499,1,0.04995614348922383
500,0,1,0.02664669541530882
500,1,0,0.007219435619812114
500,2,0,0.010804812320487195
500,3,0,0.01317172759937726
500,4,0,0.00955746656022012
500,5,0,0.014508813075977994
500,6,0,0.006129505483550001
500,7,0,0.005065987309055128
500,8,1,0.020353036587834772
500,9,0,0.024165353623311167
500,10,0,0.020008304590031868
500,11,0,0.011056375313286113
500,12,0,0.007406537332750633
500,13,0,0.013584228666153601
500,14,0,0.00476151605034939
500,15,0,0.007721167407329049
500,16,0,0.01703300631771568
500,17,0,0.014772291278340273
500,18,0,0.009597744096502395
500,19,0,0.004546415270156679
500,20,0,0.017289971635662944
500,21,0,0.005783374550250742
500,22,0,0.021474759480077252
500,23,0,0.012674115194738034
500,24,0,0.0038367517858061617
500,25,1,0.028313066365795912
500,26,1,0.015499611007349832
500,27,0,0.01940996116850513
500,28,0,0.01272741619351945
500,29,0,0.022585552517208108
500,30,0,0.007584109850738377
500,31,0,0.012846283949102158
500,32,0,0.007898048288375967
500,33,0,0.006887824544524585
500,34,0,0.008773122427029498
500,35,0,0.008580904003021212
500,36,0,0.004701688594197831
500,37,0,0.012331558026014409
500,38,0,0.009484652839326561
500,39,1,0.004429286005175915
500,40,1,0.03489188216725686
500,41,0,0.009982807453398015
500,42,1,0.015731952067010786
500,43,0,0.015439943515215226
500,44,0,0.009494344903760648
500,45,0,0.008531480230723332
500,46,0,0.006164092261504184
500,47,0,0.008242092038105633
500,48,0,0.011584806316469295
500,49,0,0.010345486327513188
500,50,0,0.009530058988508592
500,51,1,0.03373798378932644
500,52,0,0.015623386202104806
500,53,1,0.011197234654620126
500,54,0,0.019484593404371715
500,55,0,0.01318298894578635
500,56,0,0.013697260560923644
500,57,0,0.019618444590528767
500,58,0,0.010723992042659631
500,59,0,0.009313637698929657
500,60,0,0.011115972835709989
500,61,0,0.008354482506369654
500,62,0,0.009183788290102288
500,63,1,0.02463713572583103
500,64,1,0.013410257476578452
500,65,0,0.00816298375191705
500,66,0,0.007407229853729974
500,67,0,0.008820020510172432
500,68,0,0.014867015325111036
500,69,0,0.018488969262354115
500,70,0,0.010388863758525387
500,71,0,0.011857027413599324
500,72,1,0.0359707466182915
500,73,0,0.019292440424875473
500,74,0,0.02228086993932834
500,75,0,0.008152966489890976
500,76,0,0.00858238794899777
500,77,0,0.013559670196590408
500,78,0,0.012459831477776595
500,79,0,0.01954235646653326
500,80,0,0.009132736111340321
500,81,0,0.0075960444459620725
500,82,1,0.02651316822693605
500,83,0,0.00941183290078492
500,84,1,0.014155200908477546
500,85,0,0.012680275453241737
500,86,0,0.013603426554123499
500,87,1,0.02861286359472597
500,88,1,0.0348662840136395
500,89,1,0.026693952381716252
500,90,0,0.003930182913846317
500,91,1,0.04153346818842664
500,92,1,0.009889192973490857
500,93,0,0.008057822656848583
500,94,1,0.03879833831904401
500,95,0,0.01830235008250547
500,96,0,0.013849095060913077
500,97,0,0.012347282456405723
500,98,0,0.00979735104290115
500,99,0,0.01035962845729057
500,100,0,0.00851884040428583
500,101,1,0.018304761756999473
500,102,0,0.008468826044415343
500,103,1,0.015920480342274064
500,104,0,0.009278680530050838
500,105,0,0.01816211854827687
500,106,0,0.015899006408842162
500,107,1,0.06903160122734203
500,108,0,0.015493381858101628
500,109,0,0.006668093663468305
500,110,0,0.0031267095287943504
500,111,0,0.008848888159954122
500,112,1,0.027211645778740173
500,113,1,0.012658955580734503
500,114,1,0.008532630583086662
500,115,0,0.01092284931870141
500,116,1,0.047349517412591025
500,117,0,0.012263529295667836
500,118,0,0.015594549462048628
500,119,0,0.014206172944761643
500,120,0,0.01112153820393298
500,121,0,0.016004421796448322
500,122,1,0.03639455954405594
500,123,0,0.008472108061905587
500,124,0,0.01005245838140009
500,125,1,0.0259323424376287
500,126,1,0.026482579937435406
500,127,0,0.016159980117257017
500,128,0,0.008187255802271472
500,129,1,0.02472893009323536
500,130,0,0.011704114167117183
500,131,0,0.0041798967680088984
500,132,0,0.010904873290952646
500,133,0,0.0075569469317299815
500,134,1,0.02341833595556353
500,135,1,0.03086416386688337
500,136,1,0.04205636428583484
500,137,0,0.008958865722663535
500,138,0,0.01008465943402982
500,139,0,0.0075566840302019956
500,140,0,0.007718667064486704
500,141,0,0.005022241021772977
500,142,0,0.008900827640774996
500,143,0,0.004883865553449964
500,144,1,0.025840230809245697
500,145,1,0.059020931440413926
500,146,0,0.008319500463387586
500,147,0,0.013346695996575602
500,148,0,0.005773105330573483
500,149,0,0.008503161885388093
500,150,0,0.013314929315663636
500,151,0,0.009986226823387638
500,152,0,0.008544958952092247
500,153,0,0.013282955386121223
500,154,1,0.028112435959682165
500,155,1,0.01369438077370623
500,156,0,0.00905868216265534
500,157,1,0.02574354670928544
500,158,0,0.01759952692954117
500,159,0,0.010582589982851621
500,160,0,0.016110752263808828
500,161,0,0.010277009737154515
500,162,0,0.015727289905092482
500,163,0,0.015988938584760606
500,164,0,0.01018173245579547
500,165,0,0.01476485788179153
500,166,0,0.015164247831849175
500,167,1,0.021891291182427917
500,168,1,0.0066663404471070005
500,169,0,0.006330880963170965
500,170,0,0.0188649607631719
500,171,0,0.007929091671952443
500,172,0,0.012514404348617524
500,173,0,0.01006350046335298
500,174,0,0.00586769482865238
500,175,0,0.005465051930526265
500,176,0,0.007469462911914237
500,177,0,0.008900988692096226
500,178,1,0.017523679589231338
500,179,1,0.022699237030614987
500,180,1,0.02058684145073618
500,181,1,0.016297604012040594
500,182,1,0.03194022483903793
500,183,1,0.03433925270667244
500,184,0,0.004367669094481785
500,185,0,0.0059340463106214774
500,186,1,0.02804579978213782
500,187,0,0.010199217713848806
500,188,1,0.014356894102473726
500,189,1,0.011330712336248902
500,190,0,0.008715146404537072
500,191,0,0.008053591487743927
500,192,0,0.012210032579895256
500,193,0,0.024749020930438258
500,194,0,0.009829344826004942
500,195,0,0.007180188034335301
500,196,0,0.012857282953730703
500,197,0,0.02248682068143408
500,198,1,0.025653477534673137
500,199,0,0.017094477499677532
500,200,0,0.007066680624336456
500,201,1,0.02429259544227761
500,202,0,0.006135891096814983
500,203,1,0.014232958191319848
500,204,0,0.009630143645642051
500,205,0,0.01405233894170352
500,206,0,0.009031588786698306
500,207,0,0.010997716594238717
500,208,0,0.005404012475886915
500,209,0,0.005788177234075875
500,210,1,0.023260805159180453
500,211,0,0.009353890731661364
500,212,1,0.015747353961803965
500,213,0,0.010248789657326562
500,214,0,0.008003646800330234
500,215,1,0.030833543078556066
500,216,0,0.005460648492433716
500,217,0,0.005884541590105418
500,218,1,0.005189093759370232
500,219,0,0.009292449489537735
500,220,0,0.014517275218120665
500,221,0,0.008579390517706337
500,222,0,0.0050190409650608305
500,223,0,0.014081889476692866
500,224,0,0.008750609727844362
500,225,1,0.018246642789181377
500,226,0,0.0025629526740895904
500,227,0,0.004412593738705011
500,228,0,0.01001660059524659
500,229,1,0.030572471097079276
500,230,0,0.008743429596191217
500,231,0,0.018441448586185398
500,232,0,0.013295365379796278
500,233,0,0.008742797429271781
500,234,0,0.005721024639436053
500,235,1,0.021605166265628313
500,236,0,0.013928850227607342
500,237,0,0.01622058425757634
500,238,0,0.009282632001500915
500,239,0,0.009066316774735633
500,240,1,0.021111695541639844
500,241,0,0.009489939122222036
500,242,0,0.008548867013061
500,243,1,0.018576047449464433
500,244,0,0.004350009843367307
500,245,0,0.016325462128565414
500,246,1,0.01570649598481668
500,247,0,0.009416521090813881
500,248,0,0.023226476689183977
500,249,1,0.021168973935129773
500,250,0,0.011598024517759806
500,251,1,0.03098433289768067
500,252,0,0.012638839056889959
500,253,0,0.007308603422486736
500,254,1,0.025472931583979536
500,255,0,0.011272955861488456
500,256,1,0.038344652781147175
500,257,0,0.007144281228004564
500,258,0,0.005769112120850721
500,259,1,0.022452544690914556
500,260,0,0.006424627368135396
500,261,0,0.016983627860907624
500,262,0,0.019695648277905677
500,263,0,0.006035666099741072
500,264,0,0.009913635780864658
500,265,0,0.009221262666470302
500,266,1,0.02909015019243976
500,267,0,0.011478759603938776
500,268,0,0.010607080084875696
500,269,1,0.01377079292251705
500,270,0,0.0033980435815881204
500,271,0,0.0039626910462686625
500,272,0,0.006562807531650292
500,273,0,0.014799343655120364
500,274,0,0.009988341025039541
500,275,1,0.012936292711729275
500,276,0,0.011563090049533566
500,277,0,0.015159756546550388
500,278,0,0.014033059695328882
500,279,0,0.005271893786504398
500,280,0,0.009925295993206362
500,281,0,0.01602685237985421
500,282,1,0.015257713855274121
500,283,0,0.012101385149005401
500,284,0,0.005955614517960235
500,285,0,0.008966444835274184
500,286,1,0.03973567742327044
500,287,0,0.007942912996211677
500,288,0,0.006725695292746775
500,289,0,0.01511623064565092
500,290,0,0.019353318798433283
500,291,0,0.0073984288365392704
500,292,0,0.01160649971588814
500,293,0,0.018081223327065646
500,294,0,0.015477396913838832
500,295,0,0.00739598206235597
500,296,0,0.011962491944845825
500,297,1,0.013661897674867883
500,298,0,0.014674644517689716
500,299,1,0.054431901708895336
500,300,1,0.03245904766825042
500,301,0,0.010482090639893948
500,302,0,0.00888488151264609
500,303,0,0.012547697625180789
500,304,1,0.01971933895860884
500,305,0,0.012198412612487478
500,306,1,0.019128786251469056
500,307,0,0.008982998342119705
500,308,1,0.019675429439325494
500,309,0,0.016083338494409027
500,310,0,0.009765096020049841
500,311,0,0.006928814866896954
500,312,0,0.010658956277272516
500,313,0,0.00932426490241909
500,314,0,0.013960894142687688
500,315,1,0.030747473800023184
500,316,0,0.01144738561072084
500,317,0,0.004266830757391326
500,318,0,0.010728539219327588
500,319,1,0.02203875596604316
500,320,0,0.010514325455442362
500,321,0,0.005205603316588517
500,322,0,0.007326008411449631
500,323,0,0.006671782341432138
500,324,0,0.010165347585493258
500,325,0,0.013662702371922842
500,326,0,0.011924671508093485
500,327,0,0.01631087747092378
500,328,0,0.02020674697867364
500,329,0,0.00427383691447319
500,330,0,0.006078166543078787
500,331,0,0.010798550263407269
500,332,0,0.007457873067434501
500,333,0,0.01276683159613911
500,334,1,0.02776251442457715
500,335,0,0.007820145914543945
500,336,0,0.007550205770895273
500,337,1,0.026528225708553538
500,338,0,0.014072383299949491
500,339,1,0.023023199326519767
500,340,1,0.012956559651316306
500,341,1,0.0214099908371415
500,342,0,0.009887085821891326
500,343,0,0.014177951497493325
500,344,0,0.005243514678715129
500,345,0,0.012351449931600905
500,346,0,0.016674393691841972
500,347,1,0.019087519734111158
500,348,1,0.021838399109188913
500,349,0,0.010102936744869853
500,350,0,0.008186943860097686
500,351,0,0.004209057854219372
500,352,0,0.013500166800299022
500,353,1,0.02455453148844599
500,354,1,0.010062427930745313
500,355,0,0.004739588907894937
500,356,1,0.02031844807335175
500,357,0,0.012157531664935732
500,358,1,0.030551796446721124
500,359,0,0.018054417514445795
500,360,0,0.004163292226855901
500,361,0,0.007864691943723696
500,362,0,0.014288579771879202
500,363,0,0.010824812325061961
500,364,0,0.009378180129340124
500,365,1,0.034608429778417736
500,366,1,0.01373910927235303
500,367,0,0.01852703298613246
500,368,0,0.008967960752807147
500,369,0,0.011261234497686064
500,370,0,0.0077607602165444866
500,371,0,0.00878402585614722
500,372,1,0.014618309664128566
500,373,0,0.00846985154903129
500,374,1,0.013678723152556511
500,375,0,0.01354560124505988
500,376,0,0.015110948608716316
500,377,0,0.014363093503911347
500,378,1,0.061549408771657405
500,379,0,0.005661833152869379
500,380,0,0.012839083496212074
500,381,0,0.015169850094276384
500,382,0,0.011108939595404167
500,383,1,0.017142369053085027
500,384,0,0.008631124094572897
500,385,1,0.04901685888684733
500,386,0,0.00865132563503513
500,387,0,0.02030289592262335
500,388,1,0.03737924109171738
500,389,1,0.008617817040304517
500,390,0,0.007415839855929092
500,391,1,0.02567813812195384
500,392,0,0.010035272854120893
500,393,0,0.016163985547218897
500,394,0,0.009301470988955998
500,395,0,0.012345802622686402
500,396,0,0.010998524579289464
500,397,1,0.045190601657358595
500,398,0,0.007211140168870155
500,399,0,0.010788048309570497
500,400,0,0.01593632342901566
500,401,0,0.00587721752220705
500,402,0,0.014078395920369736
500,403,0,0.016857102471412675
500,404,0,0.01248810292035232
500,405,0,0.017376507330523677
500,406,0,0.0046571226380054545
500,407,0,0.01285399023455035
500,408,1,0.014557354346972612
500,409,0,0.006691168550543023
500,410,0,0.017292210086138127
500,411,0,0.015111689573914079
500,412,1,0.020299089176273967
500,413,0,0.008903471179850946
500,414,0,0.013148245413679628
500,415,0,0.00901893348995634
500,416,0,0.005235809045424979
500,417,0,0.01069859342869035
500,418,1,0.04926514439850137
500,419,0,0.012027685058769976
500,420,0,0.01177831266821654
500,421,0,0.011668525300522415
500,422,0,0.009807472765407745
500,423,0,0.01149936176302356
500,424,0,0.005366794656922966
500,425,0,0.019712729153765658
500,426,0,0.017512532398685894
500,427,0,0.016285598017012348
500,428,0,0.006193685032667264
500,429,0,0.009071586850602208
500,430,0,0.015230531355673264
500,431,1,0.011460958751696797
500,432,1,0.024360287099161288
500,433,0,0.010112066851749061
500,434,0,0.004708605463054583
500,435,1,0.03327693691451873
500,436,0,0.013656642487449397
500,437,1,0.015711969822543786
500,438,0,0.00323129870879359
500,439,0,0.00797289175892025
500,440,1,0.01831795015919057
500,441,1,0.03034195314543461
500,442,0,0.00981294218386363
500,443,1,0.012659020163361456
500,444,0,0.011979189548836922
500,445,1,0.019150553373904783
500,446,0,0.011965296534489737
500,447,0,0.007961863152010425
500,448,0,0.01090998260449475
500,449,0,0.00818801443333502
500,450,0,0.007450369585034939
500,451,0,0.011630320042620677
500,452,1,0.024731895621441617
500,453,0,0.005489403802000468
500,454,1,0.016845156850311592
500,455,0,0.016529448825327753
500,456,1,0.016652988622449513
500,457,0,0.01585564275488101
500,458,1,0.033191364652775765
500,459,0,0.011852386453265647
500,460,0,0.008643994551224703
500,461,1,0.02531513544267896
500,462,0,0.012679691944659273
500,463,0,0.008969812961658708
500,464,0,0.010764113024551717
500,465,0,0.012806612487944378
500,466,0,0.005703162300297868
500,467,0,0.0095320372280764
500,468,0,0.0038425608011254876
500,469,0,0.005063599276124248
500,470,0,0.014556266634206637
500,471,1,0.036111647050407945
500,472,0,0.007610880384629185
500,473,0,0.005777736877634613
500,474,0,0.02286725998267584
500,475,0,0.004745561650779627
500,476,1,0.026448272422596283
500,477,0,0.013121442364978914
500,478,0,0.013006885830741815
500,479,0,0.008699297652379043
500,480,0,0.022971155642723888
500,481,0,0.007784008354208722
500,482,0,0.008779481950373808
500,483,1,0.04530455973045313
500,484,0,0.005740441188604227
500,485,0,0.014339701494081453
500,486,0,0.006636750632647426
500,487,0,0.013144487781988363
500,488,1,0.016827961209630114
500,489,0,0.01107207840598469
500,490,0,0.007116856175821409
500,491,0,0.007713596670063917
500,492,1,0.028180825659375117
500,493,0,0.014946568728091214
500,494,0,0.010291101309486735
500,495,0,0.006932424213317561
500,496,0,0.015151521936408743
500,497,0,0.004811640380366155
500,498,1,0.04840945776927958
500,499,0,0.013760547475903218
1000,0,0,0.001830707898215284
1000,1,1,0.0395691933124313
1000,2,0,0.003874398296432619
1000,3,0,0.011970799097053578
1000,4,0,0.00842257445234363
1000,5,1,0.0275228852477815
1000,6,1,0.02343099343711909
1000,7,0,0.0055932481279827966
1000,8,0,0.007463501311284469
1000,9,0,0.003267297056479793
1000,10,0,0.00606167584543636
1000,11,0,0.0034458165900297863
1000,12,0,0.003541283970114398
1000,13,0,0.004457348283355333
1000,14,1,0.014641188970177925
1000,15,0,0.0054907435106869105
1000,16,0,0.0060550604677579055
1000,17,0,0.00909446316295404
1000,18,0,0.006403408200598799
1000,19,0,0.003012026199594692
1000,20,0,0.006663488697479662
1000,21,1,0.013474880697440138
1000,22,0,0.00708963931829009
1000,23,0,0.005299619875793148
1000,24,1,0.018102371660025922
1000,25,0,0.005220605724971932
1000,26,0,0.005352388192693383
1000,27,0,0.006597777678457921
1000,28,0,0.006077080596825377
1000,29,0,0.003260311976511932
1000,30,0,0.004726243790563553
1000,31,0,0.003825137259285257
1000,32,0,0.0037519515958642116
1000,33,0,0.006742036520991008
1000,34,0,0.0046517116494663256
1000,35,0,0.005253373242553798
1000,36,0,0.007088032073528881
1000,37,0,0.006386477046478266
1000,38,1,0.022850490657441703
1000,39,0,0.005850110535091019
1000,40,0,0.001392377277727262
1000,41,0,0.006789933780384462
1000,42,0,0.00463059424619727
1000,43,1,0.023129953981527552
1000,44,1,0.018170992422624863
1000,45,0,0.009712691713238743
1000,46,0,0.008593000054781042
1000,47,0,0.005206228010032938
1000,48,0,0.003887945274057815
1000,49,0,0.013034412264650228
1000,50,1,0.03067162263479601
1000,51,0,0.0038768750217997713
1000,52,0,0.007395925748626337
1000,53,0,0.00212612129385704
1000,54,0,0.0072765466170050305
1000,55,0,0.005056121292772376
1000,56,0,0.00487866807641432
1000,57,0,0.006019716304559825
1000,58,0,0.007673595849498139
1000,59,0,0.009669215830632256
1000,60,0,0.00736398141936488
1000,61,0,0.013480742894094812
1000,62,0,0.003428042282127252
1000,63,0,0.0026872339639440776
1000,64,1,0.03009305334615724
1000,65,0,0.006092379552410879
1000,66,0,0.008031147875449793
1000,67,0,0.011084258992258143
1000,68,0,0.005208116948041579
1000,69,1,0.010593923492387159
1000,70,1,0.00905401680720944
1000,71,1,0.01661800859031735
1000,72,0,0.006649104876209425
1000,73,0,0.005648092206636172
1000,74,0,0.008734130145886877
1000,75,0,0.005628670762678876
1000,76,0,0.0038204972957877315
1000,77,0,0.003808569853759804
1000,78,0,0.002827906251529297
1000,79,1,0.05839622475428358
1000,80,0,0.00635045904865519
1000,81,1,0.033077479836102305
1000,82,0,0.005473883123357252
1000,83,0,0.003847677409888626
1000,84,0,0.0030009524447194465
1000,85,1,0.02012366170499719
1000,86,1,0.01793054094450194
1000,87,0,0.007080671608019966
1000,88,0,0.0011555589297332235
1000,89,0,0.005407945803839191
1000,90,0,0.005386991771879217
1000,91,0,0.00902409151583234
1000,92,0,0.005705619730306881
1000,93,0,0.0035584170570801153
1000,94,0,0.007190851648552833
1000,95,1,0.01567078428910322
1000,96,0,0.004381450302467576
1000,97,0,0.010235987478297758
1000,98,0,0.0025617576502304827
1000,99,0,0.006186497921731692
1000,100,1,0.009812838374181728
1000,101,0,0.004321437642498924
1000,102,1,0.016240374186344046
1000,103,0,0.003057259939086737
1000,104,0,0.006020022231841154
1000,105,0,0.0036822336896908314
1000,106,0,0.0035720559121832675
1000,107,0,0.003473328235606283
1000,108,0,0.011626380958626318
1000,109,0,0.004076142874514019
1000,110,0,0.0037551173443307437
1000,111,0,0.005189521337220526
1000,112,0,0.006905679118214341
1000,113,0,0.005158558152902477
1000,114,1,0.016385011006237456
1000,115,0,0.005471348270700898
1000,116,0,0.006083931004941318
1000,117,0,0.007416726502849361
1000,118,1,0.016312372589300368
1000,119,0,0.011790705197805834
1000,120,0,0.0030966310140448346
1000,121,0,0.0034104258671328984
1000,122,0,0.003989415589793436
1000,123,1,0.009735349368430207
1000,124,1,0.027130728831593093
1000,125,1,0.030031680382344127
1000,126,0,0.00681888003728676
1000,127,0,0.005454663678756584
1000,128,0,0.004900835761244587
1000,129,0,0.0076440096341140245
1000,130,0,0.004730352953621505
1000,131,1,0.016275182252049946
1000,132,0,0.0039384510423584665
1000,133,0,0.005406876468859191
1000,134,0,0.0029525705683279874
1000,135,0,0.00524214054462189
1000,136,0,0.004072336165144963
1000,137,1,0.035208857165590045
1000,138,0,0.005460740400272296
1000,139,1,0.014669777544970591
1000,140,0,0.002910398347548632
1000,141,0,0.004032023814380769
1000,142,0,0.004870114336118316
1000,143,0,0.0050754175880176056
1000,144,0,0.009557906931578925
1000,145,0,0.00592693775434433
1000,146,1,0.028415726269017397
1000,147,0,0.005286755971820069
1000,148,0,0.0046931890294436415
1000,149,0,0.00461143507113224
1000,150,1,0.021324533397413508
1000,151,0,0.002720042614031271
1000,152,0,0.004596812951523312
1000,153,0,0.0039569136959649405
1000,154,0,0.0036840975284056676
1000,155,0,0.0037107459840276264
1000,156,0,0.003361601804952788
1000,157,0,0.006505577197996917
1000,158,1,0.02901757861098289
1000,159,1,0.039976055872476185
1000,160,0,0.0070176546005274775
1000,161,0,0.0054541483440988595
1000,162,0,0.004231983886933483
1000,163,0,0.0071232995407913965
1000,164,1,0.01427679624145872
1000,165,0,0.008716261738304403
1000,166,1,0.02273316120949669
1000,167,1,0.029104617334386323
1000,168,0,0.0046008675103911545
1000,169,0,0.008293550312116656
1000,170,1,0.02154014541811522
1000,171,1,0.014867656161172122
1000,172,0,0.0048991655233607875
1000,173,0,0.0027261061813795987
1000,174,0,0.0038671738938132953
1000,175,1,0.012370831669113076
1000,176,1,0.013079611458252377
1000,177,1,0.030147811839671315
1000,178,0,0.006828635309855011
1000,179,0,0.008994645841437426
1000,180,1,0.01344579505793091
1000,181,0,0.006579225844690429
1000,182,0,0.004157854793431079
1000,183,0,0.002298709267217178
1000,184,1,0.014992640946193105
1000,185,0,0.00410655953739411
1000,186,0,0.005282200167423208
1000,187,0,0.0036494222267376836
1000,188,1,0.016465632799762205
1000,189,0,0.006649780429380158
1000,190,1,0.02845866066284282
1000,191,0,0.007504929657669944
1000,192,1,0.008243565109343261
1000,193,0,0.0040362702695177725
1000,194,0,0.005310008190902939
1000,195,1,0.01288530547738138
1000,196,0,0.0032001474280758378
1000,197,0,0.0035988938733553873
1000,198,0,0.007350930708566775
1000,199,0,0.002475491973269879
1000,200,0,0.008046898529517035
1000,201,1,0.020709561894895808
1000,202,0,0.00490681739890232
1000,203,0,0.006274088725521876
1000,204,0,0.003637224088162339
1000,205,0,0.005106807743155958
1000,206,1,0.01752705499337211
1000,207,0,0.006907427245441303
1000,208,0,0.0022347962728484294
1000,209,0,0.006628268192221913
1000,210,0,0.006628681470529269
1000,211,0,0.007886987134992706
1000,212,0,0.00914468026554426
1000,213,0,0.009508008365586344
1000,214,0,0.0050944210412756825
1000,215,0,0.003291919320566672
1000,216,0,0.004851128172369601
1000,217,0,0.004848374907713438
1000,218,0,0.0031441589125992936
1000,219,0,0.0028434836322293803
1000,220,1,0.029216570387326172
1000,221,0,0.006027004662869934
1000,222,1,0.013413230685454133
1000,223,0,0.006023795140432464
1000,224,0,0.008198351884179262
1000,225,1,0.027479879901888122
1000,226,0,0.006219510084536586
1000,227,0,0.002067531439338327
1000,228,1,0.020000914203837504
1000,229,0,0.003928592957149601
1000,230,1,0.00927069384151518
1000,231,0,0.0037617616058362923
1000,232,0,0.003019886795724069
1000,233,1,0.010022082786731735
1000,234,0,0.0053750394388815325
1000,235,0,0.008230101268726416
1000,236,0,0.005439267789237781
1000,237,0,0.006494592158185349
1000,238,0,0.0016313222706099235
1000,239,0,0.007518957031690029
1000,240,0,0.0034132212255662464
1000,241,1,0.013437239621189674
1000,242,0,0.00845256372119637
1000,243,0,0.00480535826239619
1000,244,0,0.006359721047938839
1000,245,0,0.002753174486325156
1000,246,1,0.009638458527841292
1000,247,1,0.0052348394699895315
1000,248,1,0.013081687606602494
1000,249,1,0.02145951830367183
1000,250,1,0.012814625946399974
1000,251,0,0.004471962485180055
1000,252,1,0.02178147738696618
1000,253,1,0.019584350841638582
1000,254,0,0.008283196104960902
1000,255,0,0.009553917658896469
1000,256,0,0.00367613222410492
1000,257,1,0.020810110069035787
1000,258,0,0.0031596638264510075
1000,259,0,0.010760616444516116
1000,260,0,0.005935643202577886
1000,261,1,0.03276184213438633
1000,262,0,0.006223666857816079
1000,263,0,0.004318826840437546
1000,264,0,0.005084493866516484
1000,265,0,0.010412846055023867
1000,266,0,0.004771109159308678
1000,267,0,0.010266942219904124
1000,268,0,0.007291864197133929
1000,269,0,0.008343348229772228
1000,270,0,0.006971627400925291
1000,271,0,0.00328666434463789
1000,272,1,0.04435334043301071
1000,273,0,0.0023399661674318997
1000,274,1,0.021189408900238568
1000,275,0,0.010908223445352326
1000,276,0,0.004353289996593147
1000,277,1,0.016980729663102392
1000,278,1,0.040216490680472686
1000,279,1,0.028250164902973312
1000,280,0,0.006185052191388116
1000,281,0,0.005436020435264654
1000,282,0,0.007519639617430156
1000,283,0,0.003329986885979708
1000,284,0,0.004195358319265023
1000,285,0,0.001151167565367265
1000,286,0,0.009561052616218323
1000,287,0,0.005589028496086227
1000,288,0,0.005807332438496649
1000,289,0,0.004141249913770333
1000,290,1,0.0054728703589165244
1000,291,1,0.025821440743253144
1000,292,1,0.02073798302040056
1000,293,0,0.003981029417779714
1000,294,0,0.007219188656737584
1000,295,1,0.012668679888256802
1000,296,0,0.0026998170297399295
1000,297,0,0.006327174154893399
1000,298,1,0.014716628690944367
1000,299,1,0.011187054083675164
1000,300,0,0.007094484251320655
1000,301,0,0.004081612679260239
1000,302,0,0.005722508685664604
1000,303,1,0.02201792757128944
1000,304,0,0.0035239340137363006
1000,305,0,0.00460099096064336
1000,306,0,0.0034393209394285107
1000,307,0,0.00574704780668332
1000,308,1,0.04152346416804158
1000,309,0,0.005199755190372124
1000,310,0,0.0029359555914535724
1000,311,1,0.028544180973639668
1000,312,0,0.0070572308889940505
1000,313,0,0.004820449275185245
1000,314,0,0.009811408626890387
1000,315,0,0.006174024143102969
1000,316,0,0.006102179696021704
1000,317,0,0.013284559424237206
1000,318,1,0.012052507346558891
1000,319,0,0.004108560082427983
1000,320,0,0.003154390203571092
1000,321,0,0.006933022777385264
1000,322,1,0.023253130074425934
1000,323,0,0.004632690993433015
1000,324,0,0.0030438471147232957
1000,325,0,0.0036134075557155854
1000,326,0,0.007422235307678525
1000,327,0,0.004704873956656062
1000,328,1,0.013315673944127308
1000,329,0,0.0018870575591258768
1000,330,0,0.0038572150729025605
1000,331,0,0.0032314407725576857
1000,332,0,0.004016208877397443
1000,333,1,0.020347177388569643
1000,334,0,0.0023906361308716037
1000,335,1,0.01802835075826084
1000,336,0,0.0062039431614493625
1000,337,0,0.005453742948943843
1000,338,0,0.004663862093150128
1000,339,0,0.003265856916361584
1000,340,1,0.013325494218979836
1000,341,0,0.0026164365414266264
1000,342,0,0.003058531029037262
1000,343,0,0.004105632887039536
1000,344,0,0.011859980300762248
1000,345,0,0.005541522289576379
1000,346,0,0.011725135309875323
1000,347,0,0.0021505793401103276
1000,348,0,0.005099495956062456
1000,349,0,0.005025584584495287
1000,350,0,0.009795775468041912
1000,351,0,0.004237024035347226
1000,352,0,0.0049985635860171265
1000,353,0,0.004915876247540383
1000,354,0,0.0060725830554310516
1000,355,0,0.003099377234334766
1000,356,0,0.005018875595050597
1000,357,0,0.0035672098167773116
1000,358,0,0.0032204714651563253
1000,359,0,0.0038291999272649473
1000,360,0,0.004988261884003669
1000,361,0,0.002861537737655899
1000,362,0,0.0040610715041355374
1000,363,0,0.0072070663604224695
1000,364,0,0.0026569214845809878
1000,365,0,0.007147843177057131
1000,366,0,0.006046780040071722
1000,367,1,0.029686250866630272
1000,368,0,0.0089619957808181
1000,369,1,0.01635267003758363
1000,370,0,0.006015611486266497
1000,371,1,0.03144078669203657
1000,372,0,0.0073172323822796375
1000,373,1,0.01857060298506381
1000,374,0,0.008285525900370277
1000,375,1,0.024208310782950885
1000,376,1,0.026174339547339186
1000,377,1,0.02362653269551768
1000,378,0,0.005379826351476038
1000,379,0,0.004754297160395375
1000,380,1,0.007940878435520729
1000,381,1,0.025620437192879486
1000,382,0,0.007372393346894612
1000,383,0,0.003928130607295169
1000,384,0,0.005412420628500084
1000,385,1,0.02165312602050428
1000,386,0,0.004304368627916916
1000,387,0,0.006485647517148794
1000,388,0,0.007222358427305424
1000,389,0,0.009865850522595787
1000,390,0,0.004517035034903001
1000,391,1,0.00834705193572773
1000,392,1,0.016428128352495307
1000,393,0,0.003689396461516323
1000,394,0,0.005794238789867802
1000,395,0,0.009654610250595178
1000,396,0,0.00526007949959257
1000,397,0,0.0051383969047721
1000,398,0,0.002065271554573706
1000,399,0,0.004642834176388154
1000,400,0,0.011372373960224889
1000,401,0,0.005943220281063281
1000,402,0,0.004699225058588969
1000,403,1,0.05092841719266231
1000,404,0,0.006341158373319791
1000,405,0,0.005680146139174272
1000,406,0,0.004876955046397427
1000,407,0,0.007829912207599259
1000,408,1,0.006906597368535643
1000,409,0,0.004884371261811087
1000,410,0,0.0051129606531752055
1000,411,0,0.006931065195037174
1000,412,0,0.0034795241106105558
1000,413,0,0.00516922035039
1000,414,1,0.029648764312169396
1000,415,0,0.006521317272923077
1000,416,0,0.0022520565379255866
1000,417,1,0.022912688437869887
1000,418,0,0.003007617507324496
1000,419,1,0.006438570362917846
1000,420,0,0.0037188849770409737
1000,421,0,0.002308895716784215
1000,422,0,0.006608685504109211
1000,423,0,0.003162098326932762
1000,424,0,0.003121723429147534
1000,425,0,0.003376739364494768
1000,426,0,0.006005910829410574
1000,427,1,0.020160863440781565
1000,428,0,0.0051892558729692085
1000,429,0,0.006152850245136597
1000,430,0,0.004809754987939258
1000,431,0,0.008231891876566002
1000,432,1,0.0067953408762819545
1000,433,0,0.0043711226511292
1000,434,1,0.04900320874355275
1000,435,0,0.007729385909679206
1000,436,1,0.01485525572146524
1000,437,0,0.00188517829308319
1000,438,0,0.006283383333565302
1000,439,1,0.03511510094711773
1000,440,0,0.002759674884711392
1000,441,0,0.006239192518523711
1000,442,1,0.035405780919374866
1000,443,0,0.004414612962755552
1000,444,0,0.005069178101802985
1000,445,0,0.006743206811038574
1000,446,1,0.030169568539702773
1000,447,1,0.01109277390498507
1000,448,0,0.0036681536569773644
1000,449,0,0.008128223841303763
1000,450,0,0.0043358870649574995
1000,451,1,0.01843341691707079
1000,452,1,0.04422595420370717
1000,453,0,0.0037857114833063287
1000,454,1,0.050585679507547616
1000,455,0,0.002668422940303156
1000,456,0,0.004419720280113814
1000,457,0,0.008207577194087302
1000,458,0,0.010557312298408332
1000,459,0,0.005639240623164272
1000,460,0,0.007066023825495824
1000,461,0,0.008991203237476127
1000,462,0,0.0055751302759199485
1000,463,0,0.004240848680315272
1000,464,0,0.006235783016000265
1000,465,0,0.006632389133602751
1000,466,0,0.004756761971855418
1000,467,1,0.024432771729257605
1000,468,1,0.03066054109015521
1000,469,0,0.00606353441302116
1000,470,0,0.002100334607107173
1000,471,0,0.005586867214171128
1000,472,0,0.003853239835576523
1000,473,1,0.015118313303800654
1000,474,1,0.002443504929194316
1000,475,0,0.0038228161544221297
1000,476,0,0.006301742109880438
1000,477,0,0.005442942049733216
1000,478,0,0.0048624885267637774
1000,479,1,0.020858824144173505
1000,480,0,0.005715610018353438
1000,481,0,0.00376655873258278
1000,482,0,0.008129835736564677
1000,483,0,0.005933794798273558
1000,484,0,0.004354773969923908
1000,485,1,0.012789798824353604
1000,486,0,0.002999045161622295
1000,487,1,0.013277892109338607
1000,488,0,0.002839483765443556
1000,489,1,0.019039979196468527
1000,490,0,0.006841255682817706
1000,491,1,0.034790337533119824
1000,492,0,0.0060794869699492445
1000,493,0,0.011042228277407765
1000,494,0,0.010246024373091644
1000,495,0,0.0032107011131844642
1000,496,1,0.02322834480176158
1000,497,0,0.0036956811345985894
1000,498,0,0.003021348395108408
1000,499,0,0.004758392020118949
