N,w,concurrent_events,label,union_bound
1000.0,36,2,baseline local write set (w=36),1.0
1080.4718223181285,36,2,baseline local write set (w=36),1.0
1167.4193588234587,36,2,baseline local write set (w=36),1.0
1261.3637220374437,36,2,baseline local write set (w=36),1.0
1362.867959355774,36,2,baseline local write set (w=36),0.950935848996419
1472.5404276241222,36,2,baseline local write set (w=36),0.8801116598822606
1591.0384392721533,36,2,baseline local write set (w=36),0.8145623436935167
1719.0722018585745,36,2,baseline local write set (w=36),0.7538950362869168
1857.4090746385718,36,2,baseline local write set (w=36),0.6977461334155401
2006.8781676649664,36,2,baseline local write set (w=36),0.6457791114982908
2168.375310987435,36,2,baseline local write set (w=36),0.59768251069499
2342.8684237322327,36,2,baseline local write set (w=36),0.5531680681988312
2531.403315241567,36,2,baseline local write set (w=36),0.5119689905582372
2735.1099530412107,36,2,baseline local write set (w=36),0.4738383546734411
2955.2092352028876,36,2,baseline local write set (w=36),0.4385476278842991
3193.020307691027,36,2,baseline local write set (w=36),0.4058852982796023
3449.9684705497157,36,2,baseline local write set (w=36),0.3756556070187784
3727.593720314938,36,2,baseline local write set (w=36),0.3476773750682527
4027.5599798502976,36,2,baseline local write set (w=36),0.3217829173206184
4351.665070924416,36,2,baseline local write set (w=36),0.2978170375884864
4701.851489299852,36,2,baseline local write set (w=36),0.27563609844958886
5080.218046913023,36,2,baseline local write set (w=36),0.25510716036834485
5489.032450921557,36,2,baseline local write set (w=36),0.23610718493427996
5930.744895010558,36,2,baseline local write set (w=36),0.21852229744197973
6408.002744415996,36,2,baseline local write set (w=36),0.2022471043929169
6923.6664026787275,36,2,baseline local write set (w=36),0.18718406182865555
7480.826455225086,36,2,baseline local write set (w=36),0.17324289070959414
8082.822192522714,36,2,baseline local write set (w=36),0.16034003583536802
8733.261623828437,36,2,baseline local write set (w=36),0.14839816506400125
9436.04310147889,36,2,baseline local write set (w=36),0.1373457058284188
10195.378685327301,36,2,baseline local write set (w=36),0.12711641617247046
11015.819387358995,36,2,baseline local write set (w=36),0.11764898773551075
11902.282447787144,36,2,baseline local write set (w=36),0.1088866783060547
12860.08080610565,36,2,baseline local write set (w=36),0.10077697174225306
13894.95494373136,36,2,baseline local write set (w=36),0.09327126322094942
15013.107289081743,36,2,baseline local write set (w=36),0.08632456792888664
16221.239391291729,36,2,baseline local write set (w=36),0.0798952514501296
17526.592085367585,36,2,baseline local write set (w=36),0.07394478023380202
18936.988889503602,36,2,baseline local write set (w=36),0.06843749064659098
20460.88289466011,36,2,baseline local write set (w=36),0.06334037522585258
22107.407427431233,36,2,baseline local write set (w=36),0.05862288485224649
23886.430789846003,36,2,baseline local write set (w=36),0.05425674565623772
25808.615404180768,36,2,baseline local write set (w=36),0.05021578956111142
27885.481717262915,36,2,baseline local write set (w=36),0.0464757974468733
30129.47724726992,36,2,baseline local write set (w=36),0.04301435399505422
32554.05118685032,36,2,baseline local write set (w=36),0.039810713344442306
35173.7350096938,36,2,baseline local write set (w=36),0.03684567475256254
38004.22956365882,36,2,baseline local write set (w=36),0.03410146751769144
41062.49917244294,36,2,baseline local write set (w=36),0.031561644471697084
44366.87330978607,36,2,baseline local write set (w=36),0.029210983405362923
47937.15645558219,36,2,baseline local write set (w=36),0.027035395835396558
51794.74679231213,36,2,baseline local write set (w=36),0.025021842566326915
55962.76445319552,36,2,baseline local write set (w=36),0.023158255541216338
60466.19009070435,36,2,baseline local write set (w=36),0.021433465512807923
65332.014595937704,36,2,baseline local write set (w=36),0.019837135101610417
70589.40086618738,36,2,baseline local write set (w=36),0.01835969683971053
76269.85859023451,36,2,baseline local write set (w=36),0.01699229582898346
82407.43309893666,36,2,baseline local write set (w=36),0.015726736670028895
89038.90941296735,36,2,baseline local write set (w=36),0.014555434343755053
96204.0327106476,36,2,baseline local write set (w=36),0.013471368751224523
103945.74653722627,36,2,baseline local write set (w=36),0.01246804263929993
112310.45018329515,36,2,baseline local write set (w=36),0.01153944265992057
121348.27677491431,36,2,baseline local write set (w=36),0.010680003329622191
131113.3937421563,36,2,baseline local write set (w=36),0.009884573673294393
141664.32746690192,36,2,baseline local write set (w=36),0.009148386352257903
153064.31405563562,36,2,baseline local write set (w=36),0.008467029091633544
165381.6783395673,36,2,baseline local write set (w=36),0.007836418235755285
178690.24337358287,36,2,baseline local write set (w=36),0.0072527742731341395
193069.77288832495,36,2,baseline local write set (w=36),0.006712599184283652
208606.44934719568,36,2,baseline local write set (w=36),0.006212655476643451
225393.39047347935,36,2,baseline local write set (w=36),0.0057499467809482745
243531.20734334175,36,2,baseline local write set (w=36),0.005321699892748604
263128.6073895944,36,2,baseline local write set (w=36),0.0049253481514501835
284303.0459302665,36,2,baseline local write set (w=36),0.004558516057256317
307181.43012686964,36,2,baseline local write set (w=36),0.004219005033815801
331900.87959146773,36,2,baseline local write set (w=36),0.0039047802512461815
358609.54820118286,36,2,baseline local write set (w=36),0.0036139584305572743
387467.5120456128,36,2,baseline local write set (w=36),0.0033447965563818275
418647.7288289947,36,2,baseline local write set (w=36),0.0030956814303640424
452337.07447720965,36,2,baseline local write set (w=36),0.0028651200025950935
488737.4631624417,36,2,baseline local write set (w=36),0.002651730423147956
528067.0574582637,36,2,baseline local write set (w=36),0.002454233760079667
570561.5758781021,36,2,baseline local write set (w=36),0.002271446334263639
616475.7056337161,36,2,baseline local write set (w=36),0.002102272625111408
666084.6290809154,36,2,baseline local write set (w=36),0.001945698704664994
719685.6730011528,36,2,baseline local write set (w=36),0.0018007861607075844
777600.0906038043,36,2,baseline local write set (w=36),0.0016666664724712926
840174.9869294344,36,2,baseline local write set (w=36),0.001542535805233214
907785.3991937558,36,2,baseline local write set (w=36),0.0014276501926017257
980836.5445406671,36,2,baseline local write set (w=36),0.0013213210776184183
1059766.2486760707,36,2,baseline local write set (w=36),0.0012229111859516644
1145047.569938281,36,2,baseline local write set (w=36),0.0011318307064481657
1237191.6345321594,36,2,baseline local write set (w=36),0.0010475337561509448
1336750.6999197064,36,2,baseline local write set (w=36),0.0009695151085971721
1444321.464727279,36,2,baseline local write set (w=36),0.0008973071657871639
1560548.6450070718,36,2,baseline local write set (w=36),0.0008304771556763148
1686128.8382868804,36,2,baseline local write set (w=36),0.0007686245383933684
1821814.6985669748,36,2,baseline local write set (w=36),0.0007113786056394338
1968419.4472866112,36,2,baseline local write set (w=36),0.0006583962588799278
2126821.747296208,36,2,baseline local write set (w=36),0.0006093599530132615
2297970.9690469652,36,2,baseline local write set (w=36),0.0005639757931918037
2482892.88056033,36,2,baseline local write set (w=36),0.000521971773388598
2682695.7952797273,36,2,baseline local write set (w=36),0.00048309614615281595
2898577.214651068,36,2,baseline local write set (w=36),0.00044711591378324313
3131831.005243845,36,2,baseline local write set (w=36),0.0004138154318767571
3383855.153428233,36,2,baseline local write set (w=36),0.0003829951168822943
3656160.1440851935,36,2,baseline local write set (w=36),0.00035447024991414094
3950378.0135666407,36,2,baseline local write set (w=36),0.0003280698696553074
4268272.131163817,36,2,baseline local write set (w=36),0.0003036357477156977
4611747.767708251,36,2,baseline local write set (w=36),0.0002810214403039719
4982863.514647296,36,2,baseline local write set (w=36),0.0002600914105293802
5383843.622033478,36,2,baseline local write set (w=36),0.00024072021607315943
5817091.329374358,36,2,baseline local write set (w=36),0.00022279175736087124
6285203.269240097,36,2,baseline local write set (w=36),0.00020619858172967107
6790985.029955707,36,2,baseline local write set (w=36),0.00019084123942008646
7337467.970651388,36,2,baseline local write set (w=36),0.00017662768753250814
7927927.389450606,36,2,baseline local write set (w=36),0.00016347273837605253
8565902.153685499,36,2,baseline local write set (w=36),0.0001512975489035201
9255215.909791354,36,2,baseline local write set (w=36),0.00014002914817242944
10000000.0,36,2,baseline local write set (w=36),0.0001296
1000.0,36,4,baseline local write set (w=36),1.0
1080.4718223181285,36,4,baseline local write set (w=36),1.0
1167.4193588234587,36,4,baseline local write set (w=36),1.0
1261.3637220374437,36,4,baseline local write set (w=36),1.0
1362.867959355774,36,4,baseline local write set (w=36),1.0
1472.5404276241222,36,4,baseline local write set (w=36),1.0
1591.0384392721533,36,4,baseline local write set (w=36),1.0
1719.0722018585745,36,4,baseline local write set (w=36),1.0
1857.4090746385718,36,4,baseline local write set (w=36),1.0
2006.8781676649664,36,4,baseline local write set (w=36),1.0
2168.375310987435,36,4,baseline local write set (w=36),1.0
2342.8684237322327,36,4,baseline local write set (w=36),1.0
2531.403315241567,36,4,baseline local write set (w=36),1.0
2735.1099530412107,36,4,baseline local write set (w=36),1.0
2955.2092352028876,36,4,baseline local write set (w=36),1.0
3193.020307691027,36,4,baseline local write set (w=36),1.0
3449.9684705497157,36,4,baseline local write set (w=36),1.0
3727.593720314938,36,4,baseline local write set (w=36),1.0
4027.5599798502976,36,4,baseline local write set (w=36),1.0
4351.665070924416,36,4,baseline local write set (w=36),1.0
4701.851489299852,36,4,baseline local write set (w=36),1.0
5080.218046913023,36,4,baseline local write set (w=36),1.0
5489.032450921557,36,4,baseline local write set (w=36),1.0
5930.744895010558,36,4,baseline local write set (w=36),1.0
6408.002744415996,36,4,baseline local write set (w=36),1.0
6923.6664026787275,36,4,baseline local write set (w=36),1.0
7480.826455225086,36,4,baseline local write set (w=36),1.0
8082.822192522714,36,4,baseline local write set (w=36),0.9620402150122082
8733.261623828437,36,4,baseline local write set (w=36),0.8903889903840075
9436.04310147889,36,4,baseline local write set (w=36),0.8240742349705127
10195.378685327301,36,4,baseline local write set (w=36),0.7626984970348227
11015.819387358995,36,4,baseline local write set (w=36),0.7058939264130645
11902.282447787144,36,4,baseline local write set (w=36),0.6533200698363282
12860.08080610565,36,4,baseline local write set (w=36),0.6046618304535183
13894.95494373136,36,4,baseline local write set (w=36),0.5596275793256965
15013.107289081743,36,4,baseline local write set (w=36),0.5179474075733198
16221.239391291729,36,4,baseline local write set (w=36),0.47937150870077766
17526.592085367585,36,4,baseline local write set (w=36),0.4436686814028121
18936.988889503602,36,4,baseline local write set (w=36),0.41062494387954585
20460.88289466011,36,4,baseline local write set (w=36),0.3800422513551155
22107.407427431233,36,4,baseline local write set (w=36),0.35173730911347895
23886.430789846003,36,4,baseline local write set (w=36),0.3255404739374263
25808.615404180768,36,4,baseline local write set (w=36),0.3012947373666685
27885.481717262915,36,4,baseline local write set (w=36),0.2788547846812398
30129.47724726992,36,4,baseline local write set (w=36),0.2580861239703253
32554.05118685032,36,4,baseline local write set (w=36),0.23886428006665386
35173.7350096938,36,4,baseline local write set (w=36),0.22107404851537524
38004.22956365882,36,4,baseline local write set (w=36),0.20460880510614865
41062.49917244294,36,4,baseline local write set (w=36),0.18936986683018253
44366.87330978607,36,4,baseline local write set (w=36),0.17526590043217755
47937.15645558219,36,4,baseline local write set (w=36),0.16221237501237937
51794.74679231213,36,4,baseline local write set (w=36),0.15013105539796148
55962.76445319552,36,4,baseline local write set (w=36),0.13894953324729803
60466.19009070435,36,4,baseline local write set (w=36),0.12860079307684755
65332.014595937704,36,4,baseline local write set (w=36),0.11902281060966251
70589.40086618738,36,4,baseline local write set (w=36),0.11015818103826316
76269.85859023451,36,4,baseline local write set (w=36),0.10195377497390075
82407.43309893666,36,4,baseline local write set (w=36),0.09436042002017336
89038.90941296735,36,4,baseline local write set (w=36),0.08733260606253032
96204.0327106476,36,4,baseline local write set (w=36),0.08082821250734715
103945.74653722627,36,4,baseline local write set (w=36),0.07480825583579957
112310.45018329515,36,4,baseline local write set (w=36),0.06923665595952341
121348.27677491431,36,4,baseline local write set (w=36),0.06408001997773315
131113.3937421563,36,4,baseline local write set (w=36),0.05930744203976636
141664.32746690192,36,4,baseline local write set (w=36),0.05489031811354742
153064.31405563562,36,4,baseline local write set (w=36),0.050802174549801266
165381.6783395673,36,4,baseline local write set (w=36),0.04701850941453171
178690.24337358287,36,4,baseline local write set (w=36),0.043516645638804835
193069.77288832495,36,4,baseline local write set (w=36),0.04027559510570191
208606.44934719568,36,4,baseline local write set (w=36),0.03727593285986071
225393.39047347935,36,4,baseline local write set (w=36),0.03449968068568965
243531.20734334175,36,4,baseline local write set (w=36),0.03193019935649163
263128.6073895944,36,4,baseline local write set (w=36),0.0295520889087011
284303.0459302665,36,4,baseline local write set (w=36),0.0273510963435379
307181.43012686964,36,4,baseline local write set (w=36),0.02531403020289481
331900.87959146773,36,4,baseline local write set (w=36),0.023428681507477088
358609.54820118286,36,4,baseline local write set (w=36),0.021683750583343646
387467.5120456128,36,4,baseline local write set (w=36),0.020068779338290967
418647.7288289947,36,4,baseline local write set (w=36),0.018574088582184255
452337.07447720965,36,4,baseline local write set (w=36),0.017190720015570562
488737.4631624417,36,4,baseline local write set (w=36),0.015910382538887737
528067.0574582637,36,4,baseline local write set (w=36),0.014725402560478001
570561.5758781021,36,4,baseline local write set (w=36),0.013628678005581832
616475.7056337161,36,4,baseline local write set (w=36),0.012613635750668449
666084.6290809154,36,4,baseline local write set (w=36),0.011674192227989964
719685.6730011528,36,4,baseline local write set (w=36),0.010804716964245507
777600.0906038043,36,4,baseline local write set (w=36),0.009999998834827755
840174.9869294344,36,4,baseline local write set (w=36),0.009255214831399284
907785.3991937558,36,4,baseline local write set (w=36),0.008565901155610355
980836.5445406671,36,4,baseline local write set (w=36),0.00792792646571051
1059766.2486760707,36,4,baseline local write set (w=36),0.007337467115709985
1145047.569938281,36,4,baseline local write set (w=36),0.006790984238688994
1237191.6345321594,36,4,baseline local write set (w=36),0.006285202536905669
1336750.6999197064,36,4,baseline local write set (w=36),0.005817090651583033
1444321.464727279,36,4,baseline local write set (w=36),0.0053838429947229835
1560548.6450070718,36,4,baseline local write set (w=36),0.0049828629340578886
1686128.8382868804,36,4,baseline local write set (w=36),0.00461174723036021
1821814.6985669748,36,4,baseline local write set (w=36),0.004268271633836603
1968419.4472866112,36,4,baseline local write set (w=36),0.003950377553279567
2126821.747296208,36,4,baseline local write set (w=36),0.003656159718079569
2297970.9690469652,36,4,baseline local write set (w=36),0.003383854759150822
2482892.88056033,36,4,baseline local write set (w=36),0.003131830640331588
2682695.7952797273,36,4,baseline local write set (w=36),0.002898576876916896
2898577.214651068,36,4,baseline local write set (w=36),0.0026826954826994587
3131831.005243845,36,4,baseline local write set (w=36),0.0024828925912605427
3383855.153428233,36,4,baseline local write set (w=36),0.0022979707012937656
3656160.1440851935,36,4,baseline local write set (w=36),0.0021268214994848455
3950378.0135666407,36,4,baseline local write set (w=36),0.0019684192179318443
4268272.131163817,36,4,baseline local write set (w=36),0.001821814486294186
4611747.767708251,36,4,baseline local write set (w=36),0.0016861286418238313
4982863.514647296,36,4,baseline local write set (w=36),0.0015605484631762811
5383843.622033478,36,4,baseline local write set (w=36),0.0014443212964389564
5817091.329374358,36,4,baseline local write set (w=36),0.0013367505441652275
6285203.269240097,36,4,baseline local write set (w=36),0.0012371914903780265
6790985.029955707,36,4,baseline local write set (w=36),0.0011450474365205187
7337467.970651388,36,4,baseline local write set (w=36),0.0010597661251950487
7927927.389450606,36,4,baseline local write set (w=36),0.000980836430256315
8565902.153685499,36,4,baseline local write set (w=36),0.0009077852934211207
9255215.909791354,36,4,baseline local write set (w=36),0.0008401748890345767
10000000.0,36,4,baseline local write set (w=36),0.0007776
1000.0,36,8,baseline local write set (w=36),1.0
1080.4718223181285,36,8,baseline local write set (w=36),1.0
1167.4193588234587,36,8,baseline local write set (w=36),1.0
1261.3637220374437,36,8,baseline local write set (w=36),1.0
1362.867959355774,36,8,baseline local write set (w=36),1.0
1472.5404276241222,36,8,baseline local write set (w=36),1.0
1591.0384392721533,36,8,baseline local write set (w=36),1.0
1719.0722018585745,36,8,baseline local write set (w=36),1.0
1857.4090746385718,36,8,baseline local write set (w=36),1.0
2006.8781676649664,36,8,baseline local write set (w=36),1.0
2168.375310987435,36,8,baseline local write set (w=36),1.0
2342.8684237322327,36,8,baseline local write set (w=36),1.0
2531.403315241567,36,8,baseline local write set (w=36),1.0
2735.1099530412107,36,8,baseline local write set (w=36),1.0
2955.2092352028876,36,8,baseline local write set (w=36),1.0
3193.020307691027,36,8,baseline local write set (w=36),1.0
3449.9684705497157,36,8,baseline local write set (w=36),1.0
3727.593720314938,36,8,baseline local write set (w=36),1.0
4027.5599798502976,36,8,baseline local write set (w=36),1.0
4351.665070924416,36,8,baseline local write set (w=36),1.0
4701.851489299852,36,8,baseline local write set (w=36),1.0
5080.218046913023,36,8,baseline local write set (w=36),1.0
5489.032450921557,36,8,baseline local write set (w=36),1.0
5930.744895010558,36,8,baseline local write set (w=36),1.0
6408.002744415996,36,8,baseline local write set (w=36),1.0
6923.6664026787275,36,8,baseline local write set (w=36),1.0
7480.826455225086,36,8,baseline local write set (w=36),1.0
8082.822192522714,36,8,baseline local write set (w=36),1.0
8733.261623828437,36,8,baseline local write set (w=36),1.0
9436.04310147889,36,8,baseline local write set (w=36),1.0
10195.378685327301,36,8,baseline local write set (w=36),1.0
11015.819387358995,36,8,baseline local write set (w=36),1.0
11902.282447787144,36,8,baseline local write set (w=36),1.0
12860.08080610565,36,8,baseline local write set (w=36),1.0
13894.95494373136,36,8,baseline local write set (w=36),1.0
15013.107289081743,36,8,baseline local write set (w=36),1.0
16221.239391291729,36,8,baseline local write set (w=36),1.0
17526.592085367585,36,8,baseline local write set (w=36),1.0
18936.988889503602,36,8,baseline local write set (w=36),1.0
20460.88289466011,36,8,baseline local write set (w=36),1.0
22107.407427431233,36,8,baseline local write set (w=36),1.0
23886.430789846003,36,8,baseline local write set (w=36),1.0
25808.615404180768,36,8,baseline local write set (w=36),1.0
27885.481717262915,36,8,baseline local write set (w=36),1.0
30129.47724726992,36,8,baseline local write set (w=36),1.0
32554.05118685032,36,8,baseline local write set (w=36),1.0
35173.7350096938,36,8,baseline local write set (w=36),1.0
38004.22956365882,36,8,baseline local write set (w=36),0.9548410904953604
41062.49917244294,36,8,baseline local write set (w=36),0.8837260452075184
44366.87330978607,36,8,baseline local write set (w=36),0.8179075353501618
47937.15645558219,36,8,baseline local write set (w=36),0.7569910833911037
51794.74679231213,36,8,baseline local write set (w=36),0.7006115918571536
55962.76445319552,36,8,baseline local write set (w=36),0.6484311551540575
60466.19009070435,36,8,baseline local write set (w=36),0.6001370343586219
65332.014595937704,36,8,baseline local write set (w=36),0.5554397828450917
70589.40086618738,36,8,baseline local write set (w=36),0.5140715115118948
76269.85859023451,36,8,baseline local write set (w=36),0.4757842832115368
82407.43309893666,36,8,baseline local write set (w=36),0.44034862676080905
89038.90941296735,36,8,baseline local write set (w=36),0.40755216162514146
96204.0327106476,36,8,baseline local write set (w=36),0.37719832503428663
103945.74653722627,36,8,baseline local write set (w=36),0.349105193900398
112310.45018329515,36,8,baseline local write set (w=36),0.32310439447777595
121348.27677491431,36,8,baseline local write set (w=36),0.2990400932294213
131113.3937421563,36,8,baseline local write set (w=36),0.276768062852243
141664.32746690192,36,8,baseline local write set (w=36),0.2561548178632213
153064.31405563562,36,8,baseline local write set (w=36),0.23707681456573923
165381.6783395673,36,8,baseline local write set (w=36),0.21941971060114798
178690.24337358287,36,8,baseline local write set (w=36),0.20307767964775592
193069.77288832495,36,8,baseline local write set (w=36),0.18795277715994224
208606.44934719568,36,8,baseline local write set (w=36),0.17395435334601664
225393.39047347935,36,8,baseline local write set (w=36),0.16099850986655168
243531.20734334175,36,8,baseline local write set (w=36),0.14900759699696092
263128.6073895944,36,8,baseline local write set (w=36),0.13790974824060515
284303.0459302665,36,8,baseline local write set (w=36),0.12763844960317688
307181.43012686964,36,8,baseline local write set (w=36),0.11813214094684245
331900.87959146773,36,8,baseline local write set (w=36),0.10933384703489309
358609.54820118286,36,8,baseline local write set (w=36),0.10119083605560368
387467.5120456128,36,8,baseline local write set (w=36),0.09365430357869117
418647.7288289947,36,8,baseline local write set (w=36),0.08667908005019319
452337.07447720965,36,8,baseline local write set (w=36),0.08022336007266262
488737.4631624417,36,8,baseline local write set (w=36),0.07424845184814277
528067.0574582637,36,8,baseline local write set (w=36),0.06871854528223068
570561.5758781021,36,8,baseline local write set (w=36),0.06360049735938189
616475.7056337161,36,8,baseline local write set (w=36),0.05886363350311943
666084.6290809154,36,8,baseline local write set (w=36),0.05447956373061983
719685.6730011528,36,8,baseline local write set (w=36),0.05042201249981236
777600.0906038043,36,8,baseline local write set (w=36),0.04666666122919619
840174.9869294344,36,8,baseline local write set (w=36),0.04319100254652999
907785.3991937558,36,8,baseline local write set (w=36),0.03997420539284832
980836.5445406671,36,8,baseline local write set (w=36),0.036996990173315716
1059766.2486760707,36,8,baseline local write set (w=36),0.0342415132066466
1145047.569938281,36,8,baseline local write set (w=36),0.03169125978054864
1237191.6345321594,36,8,baseline local write set (w=36),0.029330945172226456
1336750.6999197064,36,8,baseline local write set (w=36),0.02714642304072082
1444321.464727279,36,8,baseline local write set (w=36),0.02512460064204059
1560548.6450070718,36,8,baseline local write set (w=36),0.02325336035893681
1686128.8382868804,36,8,baseline local write set (w=36),0.021521487075014317
1821814.6985669748,36,8,baseline local write set (w=36),0.019918600957904146
1968419.4472866112,36,8,baseline local write set (w=36),0.018435095248637977
2126821.747296208,36,8,baseline local write set (w=36),0.01706207868437132
2297970.9690469652,36,8,baseline local write set (w=36),0.015791322209370504
2482892.88056033,36,8,baseline local write set (w=36),0.014615209654880744
2682695.7952797273,36,8,baseline local write set (w=36),0.013526692092278848
2898577.214651068,36,8,baseline local write set (w=36),0.012519245585930807
3131831.005243845,36,8,baseline local write set (w=36),0.0115868320925492
3383855.153428233,36,8,baseline local write set (w=36),0.01072386327270424
3656160.1440851935,36,8,baseline local write set (w=36),0.009925166997595946
3950378.0135666407,36,8,baseline local write set (w=36),0.009185956350348608
4268272.131163817,36,8,baseline local write set (w=36),0.008501800936039534
4611747.767708251,36,8,baseline local write set (w=36),0.007868600328511213
4982863.514647296,36,8,baseline local write set (w=36),0.007282559494822646
5383843.622033478,36,8,baseline local write set (w=36),0.006740166050048463
5817091.329374358,36,8,baseline local write set (w=36),0.006238169206104395
6285203.269240097,36,8,baseline local write set (w=36),0.00577356028843079
6790985.029955707,36,8,baseline local write set (w=36),0.005343554703762421
7337467.970651388,36,8,baseline local write set (w=36),0.004945575250910228
7927927.389450606,36,8,baseline local write set (w=36),0.004577236674529471
8565902.153685499,36,8,baseline local write set (w=36),0.004236331369298563
9255215.909791354,36,8,baseline local write set (w=36),0.003920816148828025
10000000.0,36,8,baseline local write set (w=36),0.0036288
1000.0,205,2,cascade stress write set (w=205),1.0
1080.4718223181285,205,2,cascade stress write set (w=205),1.0
1167.4193588234587,205,2,cascade stress write set (w=205),1.0
1261.3637220374437,205,2,cascade stress write set (w=205),1.0
1362.867959355774,205,2,cascade stress write set (w=205),1.0
1472.5404276241222,205,2,cascade stress write set (w=205),1.0
1591.0384392721533,205,2,cascade stress write set (w=205),1.0
1719.0722018585745,205,2,cascade stress write set (w=205),1.0
1857.4090746385718,205,2,cascade stress write set (w=205),1.0
2006.8781676649664,205,2,cascade stress write set (w=205),1.0
2168.375310987435,205,2,cascade stress write set (w=205),1.0
2342.8684237322327,205,2,cascade stress write set (w=205),1.0
2531.403315241567,205,2,cascade stress write set (w=205),1.0
2735.1099530412107,205,2,cascade stress write set (w=205),1.0
2955.2092352028876,205,2,cascade stress write set (w=205),1.0
3193.020307691027,205,2,cascade stress write set (w=205),1.0
3449.9684705497157,205,2,cascade stress write set (w=205),1.0
3727.593720314938,205,2,cascade stress write set (w=205),1.0
4027.5599798502976,205,2,cascade stress write set (w=205),1.0
4351.665070924416,205,2,cascade stress write set (w=205),1.0
4701.851489299852,205,2,cascade stress write set (w=205),1.0
5080.218046913023,205,2,cascade stress write set (w=205),1.0
5489.032450921557,205,2,cascade stress write set (w=205),1.0
5930.744895010558,205,2,cascade stress write set (w=205),1.0
6408.002744415996,205,2,cascade stress write set (w=205),1.0
6923.6664026787275,205,2,cascade stress write set (w=205),1.0
7480.826455225086,205,2,cascade stress write set (w=205),1.0
8082.822192522714,205,2,cascade stress write set (w=205),1.0
8733.261623828437,205,2,cascade stress write set (w=205),1.0
9436.04310147889,205,2,cascade stress write set (w=205),1.0
10195.378685327301,205,2,cascade stress write set (w=205),1.0
11015.819387358995,205,2,cascade stress write set (w=205),1.0
11902.282447787144,205,2,cascade stress write set (w=205),1.0
12860.08080610565,205,2,cascade stress write set (w=205),1.0
13894.95494373136,205,2,cascade stress write set (w=205),1.0
15013.107289081743,205,2,cascade stress write set (w=205),1.0
16221.239391291729,205,2,cascade stress write set (w=205),1.0
17526.592085367585,205,2,cascade stress write set (w=205),1.0
18936.988889503602,205,2,cascade stress write set (w=205),1.0
20460.88289466011,205,2,cascade stress write set (w=205),1.0
22107.407427431233,205,2,cascade stress write set (w=205),1.0
23886.430789846003,205,2,cascade stress write set (w=205),1.0
25808.615404180768,205,2,cascade stress write set (w=205),1.0
27885.481717262915,205,2,cascade stress write set (w=205),1.0
30129.47724726992,205,2,cascade stress write set (w=205),1.0
32554.05118685032,205,2,cascade stress write set (w=205),1.0
35173.7350096938,205,2,cascade stress write set (w=205),1.0
38004.22956365882,205,2,cascade stress write set (w=205),1.0
41062.49917244294,205,2,cascade stress write set (w=205),1.0
44366.87330978607,205,2,cascade stress write set (w=205),0.947215723464797
47937.15645558219,205,2,cascade stress write set (w=205),0.8766686033815898
51794.74679231213,205,2,cascade stress write set (w=205),0.8113757205631856
55962.76445319552,205,2,cascade stress write set (w=205),0.750945747777482
60466.19009070435,205,2,cascade stress write set (w=205),0.6950165032220317
65332.014595937704,205,2,cascade stress write set (w=205),0.64325277981881
70589.40086618738,205,2,cascade stress write set (w=205),0.5953443361796565
76269.85859023451,205,2,cascade stress write set (w=205),0.5510040372014119
82407.43309893666,205,2,cascade stress write set (w=205),0.5099661331465773
89038.90941296735,205,2,cascade stress write set (w=205),0.47198466689529794
96204.0327106476,205,2,cascade stress write set (w=205),0.4368319998226934
103945.74653722627,205,2,cascade stress write set (w=205),0.40429744746649654
112310.45018329515,205,2,cascade stress write set (w=205),0.3741860168079953
121348.27677491431,205,2,cascade stress write set (w=205),0.3463172375982813
131113.3937421563,205,2,cascade stress write set (w=205),0.32052408072546057
141664.32746690192,205,2,cascade stress write set (w=205),0.2966519571401531
153064.31405563562,205,2,cascade stress write set (w=205),0.27455779133942876
165381.6783395673,205,2,cascade stress write set (w=205),0.2541091638561851
178690.24337358287,205,2,cascade stress write set (w=205),0.2351835176145542
193069.77288832495,205,2,cascade stress write set (w=205),0.21766742339469172
208606.44934719568,205,2,cascade stress write set (w=205),0.20145590000458413
225393.39047347935,205,2,cascade stress write set (w=205),0.18645178508437596
243531.20734334175,205,2,cascade stress write set (w=205),0.17256515277219145
263128.6073895944,205,2,cascade stress write set (w=205),0.1597127747412762
284303.0459302665,205,2,cascade stress write set (w=205),0.1478176213782382
307181.43012686964,205,2,cascade stress write set (w=205),0.13680840011273848
331900.87959146773,205,2,cascade stress write set (w=205),0.12661912813165183
358609.54820118286,205,2,cascade stress write set (w=205),0.11718873691679742
387467.5120456128,205,2,cascade stress write set (w=205),0.10846070623606968
418647.7288289947,205,2,cascade stress write set (w=205),0.10038272539432784
452337.07447720965,205,2,cascade stress write set (w=205),0.09290637971377995
488737.4631624417,205,2,cascade stress write set (w=205),0.08598686036480929
528067.0574582637,205,2,cascade stress write set (w=205),0.07958269580813888
570561.5758781021,205,2,cascade stress write set (w=205),0.07365550323875728
616475.7056337161,205,2,cascade stress write set (w=205),0.06816975854190349
666084.6290809154,205,2,cascade stress write set (w=205),0.06309258338236602
719685.6730011528,205,2,cascade stress write set (w=205),0.058393548151031045
777600.0906038043,205,2,cascade stress write set (w=205),0.054044489587659
840174.9869294344,205,2,cascade stress write set (w=205),0.05001934198682548
907785.3991937558,205,2,cascade stress write set (w=205),0.046293980975376174
980836.5445406671,205,2,cascade stress write set (w=205),0.04284607892508799
1059766.2486760707,205,2,cascade stress write set (w=205),0.03965497113396504
1145047.569938281,205,2,cascade stress write set (w=205),0.036701531974139015
1237191.6345321594,205,2,cascade stress write set (w=205),0.03396806026407674
1336750.6999197064,205,2,cascade stress write set (w=205),0.03143817317808346
1444321.464727279,205,2,cascade stress write set (w=205),0.02909670805725738
1560548.6450070718,205,2,cascade stress write set (w=205),0.02692963153340828
1686128.8382868804,205,2,cascade stress write set (w=205),0.024923955421281875
1821814.6985669748,205,2,cascade stress write set (w=205),0.023067658874997843
1968419.4472866112,205,2,cascade stress write set (w=205),0.02134961634215198
2126821.747296208,205,2,cascade stress write set (w=205),0.01975953088378265
2297970.9690469652,205,2,cascade stress write set (w=205),0.018287872460559837
2482892.88056033,205,2,cascade stress write set (w=205),0.016925820815320857
2682695.7952797273,205,2,cascade stress write set (w=205),0.015665212609623527
2898577.214651068,205,2,cascade stress write set (w=205),0.01449849249748518
3131831.005243845,205,2,cascade stress write set (w=205),0.013418667843071542
3383855.153428233,205,2,cascade stress write set (w=205),0.012419266810940136
3656160.1440851935,205,2,cascade stress write set (w=205),0.011494299577655688
3950378.0135666407,205,2,cascade stress write set (w=205),0.010638222432302696
4268272.131163817,205,2,cascade stress write set (w=205),0.009845904550734719
4611747.767708251,205,2,cascade stress write set (w=205),0.009112597244424706
4982863.514647296,205,2,cascade stress write set (w=205),0.00843390549961204
5383843.622033478,205,2,cascade stress write set (w=205),0.007805761636168615
5817091.329374358,205,2,cascade stress write set (w=205),0.007224400928310659
6285203.269240097,205,2,cascade stress write set (w=205),0.006686339041041225
6790985.029955707,205,2,cascade stress write set (w=205),0.006188351147090381
7337467.970651388,205,2,cascade stress write set (w=205),0.005727452599192635
7927927.389450606,205,2,cascade stress write set (w=205),0.005300881041862352
8565902.153685499,205,2,cascade stress write set (w=205),0.00490607985545558
9255215.909791354,205,2,cascade stress write set (w=205),0.004540682833291935
10000000.0,205,2,cascade stress write set (w=205),0.0042025
1000.0,205,4,cascade stress write set (w=205),1.0
1080.4718223181285,205,4,cascade stress write set (w=205),1.0
1167.4193588234587,205,4,cascade stress write set (w=205),1.0
1261.3637220374437,205,4,cascade stress write set (w=205),1.0
1362.867959355774,205,4,cascade stress write set (w=205),1.0
1472.5404276241222,205,4,cascade stress write set (w=205),1.0
1591.0384392721533,205,4,cascade stress write set (w=205),1.0
1719.0722018585745,205,4,cascade stress write set (w=205),1.0
1857.4090746385718,205,4,cascade stress write set (w=205),1.0
2006.8781676649664,205,4,cascade stress write set (w=205),1.0
2168.375310987435,205,4,cascade stress write set (w=205),1.0
2342.8684237322327,205,4,cascade stress write set (w=205),1.0
2531.403315241567,205,4,cascade stress write set (w=205),1.0
2735.1099530412107,205,4,cascade stress write set (w=205),1.0
2955.2092352028876,205,4,cascade stress write set (w=205),1.0
3193.020307691027,205,4,cascade stress write set (w=205),1.0
3449.9684705497157,205,4,cascade stress write set (w=205),1.0
3727.593720314938,205,4,cascade stress write set (w=205),1.0
4027.5599798502976,205,4,cascade stress write set (w=205),1.0
4351.665070924416,205,4,cascade stress write set (w=205),1.0
4701.851489299852,205,4,cascade stress write set (w=205),1.0
5080.218046913023,205,4,cascade stress write set (w=205),1.0
5489.032450921557,205,4,cascade stress write set (w=205),1.0
5930.744895010558,205,4,cascade stress write set (w=205),1.0
6408.002744415996,205,4,cascade stress write set (w=205),1.0
6923.6664026787275,205,4,cascade stress write set (w=205),1.0
7480.826455225086,205,4,cascade stress write set (w=205),1.0
8082.822192522714,205,4,cascade stress write set (w=205),1.0
8733.261623828437,205,4,cascade stress write set (w=205),1.0
9436.04310147889,205,4,cascade stress write set (w=205),1.0
10195.378685327301,205,4,cascade stress write set (w=205),1.0
11015.819387358995,205,4,cascade stress write set (w=205),1.0
11902.282447787144,205,4,cascade stress write set (w=205),1.0
12860.08080610565,205,4,cascade stress write set (w=205),1.0
13894.95494373136,205,4,cascade stress write set (w=205),1.0
15013.107289081743,205,4,cascade stress write set (w=205),1.0
16221.239391291729,205,4,cascade stress write set (w=205),1.0
17526.592085367585,205,4,cascade stress write set (w=205),1.0
18936.988889503602,205,4,cascade stress write set (w=205),1.0
20460.88289466011,205,4,cascade stress write set (w=205),1.0
22107.407427431233,205,4,cascade stress write set (w=205),1.0
23886.430789846003,205,4,cascade stress write set (w=205),1.0
25808.615404180768,205,4,cascade stress write set (w=205),1.0
27885.481717262915,205,4,cascade stress write set (w=205),1.0
30129.47724726992,205,4,cascade stress write set (w=205),1.0
32554.05118685032,205,4,cascade stress write set (w=205),1.0
35173.7350096938,205,4,cascade stress write set (w=205),1.0
38004.22956365882,205,4,cascade stress write set (w=205),1.0
41062.49917244294,205,4,cascade stress write set (w=205),1.0
44366.87330978607,205,4,cascade stress write set (w=205),1.0
47937.15645558219,205,4,cascade stress write set (w=205),1.0
51794.74679231213,205,4,cascade stress write set (w=205),1.0
55962.76445319552,205,4,cascade stress write set (w=205),1.0
60466.19009070435,205,4,cascade stress write set (w=205),1.0
65332.014595937704,205,4,cascade stress write set (w=205),1.0
70589.40086618738,205,4,cascade stress write set (w=205),1.0
76269.85859023451,205,4,cascade stress write set (w=205),1.0
82407.43309893666,205,4,cascade stress write set (w=205),1.0
89038.90941296735,205,4,cascade stress write set (w=205),1.0
96204.0327106476,205,4,cascade stress write set (w=205),1.0
103945.74653722627,205,4,cascade stress write set (w=205),1.0
112310.45018329515,205,4,cascade stress write set (w=205),1.0
121348.27677491431,205,4,cascade stress write set (w=205),1.0
131113.3937421563,205,4,cascade stress write set (w=205),1.0
141664.32746690192,205,4,cascade stress write set (w=205),1.0
153064.31405563562,205,4,cascade stress write set (w=205),1.0
165381.6783395673,205,4,cascade stress write set (w=205),1.0
178690.24337358287,205,4,cascade stress write set (w=205),1.0
193069.77288832495,205,4,cascade stress write set (w=205),1.0
208606.44934719568,205,4,cascade stress write set (w=205),1.0
225393.39047347935,205,4,cascade stress write set (w=205),1.0
243531.20734334175,205,4,cascade stress write set (w=205),1.0
263128.6073895944,205,4,cascade stress write set (w=205),0.9582766484476573
284303.0459302665,205,4,cascade stress write set (w=205),0.8869057282694293
307181.43012686964,205,4,cascade stress write set (w=205),0.8208504006764309
331900.87959146773,205,4,cascade stress write set (w=205),0.759714768789911
358609.54820118286,205,4,cascade stress write set (w=205),0.7031324215007845
387467.5120456128,205,4,cascade stress write set (w=205),0.6507642374164181
418647.7288289947,205,4,cascade stress write set (w=205),0.602296352365967
452337.07447720965,205,4,cascade stress write set (w=205),0.5574382782826797
488737.4631624417,205,4,cascade stress write set (w=205),0.5159211621888558
528067.0574582637,205,4,cascade stress write set (w=205),0.47749617484883333
570561.5758781021,205,4,cascade stress write set (w=205),0.4419330194325436
616475.7056337161,205,4,cascade stress write set (w=205),0.40901855125142095
666084.6290809154,205,4,cascade stress write set (w=205),0.37855550029419616
719685.6730011528,205,4,cascade stress write set (w=205),0.3503612889061863
777600.0906038043,205,4,cascade stress write set (w=205),0.32426693752595404
840174.9869294344,205,4,cascade stress write set (w=205),0.30011605192095286
907785.3991937558,205,4,cascade stress write set (w=205),0.2777638858522571
980836.5445406671,205,4,cascade stress write set (w=205),0.25707647355052793
1059766.2486760707,205,4,cascade stress write set (w=205),0.23792982680379024
1145047.569938281,205,4,cascade stress write set (w=205),0.22020919184483406
1237191.6345321594,205,4,cascade stress write set (w=205),0.20380836158446045
1336750.6999197064,205,4,cascade stress write set (w=205),0.18862903906850073
1444321.464727279,205,4,cascade stress write set (w=205),0.17458024834354427
1560548.6450070718,205,4,cascade stress write set (w=205),0.16157778920044966
1686128.8382868804,205,4,cascade stress write set (w=205),0.14954373252769124
1821814.6985669748,205,4,cascade stress write set (w=205),0.13840595324998706
1968419.4472866112,205,4,cascade stress write set (w=205),0.12809769805291188
2126821.747296208,205,4,cascade stress write set (w=205),0.11855718530269589
2297970.9690469652,205,4,cascade stress write set (w=205),0.10972723476335904
2482892.88056033,205,4,cascade stress write set (w=205),0.10155492489192515
2682695.7952797273,205,4,cascade stress write set (w=205),0.09399127565774117
2898577.214651068,205,4,cascade stress write set (w=205),0.08699095498491108
3131831.005243845,205,4,cascade stress write set (w=205),0.08051200705842924
3383855.153428233,205,4,cascade stress write set (w=205),0.07451560086564082
3656160.1440851935,205,4,cascade stress write set (w=205),0.06896579746593413
3950378.0135666407,205,4,cascade stress write set (w=205),0.06382933459381618
4268272.131163817,205,4,cascade stress write set (w=205),0.05907542730440831
4611747.767708251,205,4,cascade stress write set (w=205),0.05467558346654824
4982863.514647296,205,4,cascade stress write set (w=205),0.05060343299767223
5383843.622033478,205,4,cascade stress write set (w=205),0.04683456981701169
5817091.329374358,205,4,cascade stress write set (w=205),0.04334640556986396
6285203.269240097,205,4,cascade stress write set (w=205),0.040118034246247346
6790985.029955707,205,4,cascade stress write set (w=205),0.037130106882542285
7337467.970651388,205,4,cascade stress write set (w=205),0.03436471559515581
7927927.389450606,205,4,cascade stress write set (w=205),0.03180528625117411
8565902.153685499,205,4,cascade stress write set (w=205),0.029436479132733485
9255215.909791354,205,4,cascade stress write set (w=205),0.02724409699975161
10000000.0,205,4,cascade stress write set (w=205),0.025215
1000.0,205,8,cascade stress write set (w=205),1.0
1080.4718223181285,205,8,cascade stress write set (w=205),1.0
1167.4193588234587,205,8,cascade stress write set (w=205),1.0
1261.3637220374437,205,8,cascade stress write set (w=205),1.0
1362.867959355774,205,8,cascade stress write set (w=205),1.0
1472.5404276241222,205,8,cascade stress write set (w=205),1.0
1591.0384392721533,205,8,cascade stress write set (w=205),1.0
1719.0722018585745,205,8,cascade stress write set (w=205),1.0
1857.4090746385718,205,8,cascade stress write set (w=205),1.0
2006.8781676649664,205,8,cascade stress write set (w=205),1.0
2168.375310987435,205,8,cascade stress write set (w=205),1.0
2342.8684237322327,205,8,cascade stress write set (w=205),1.0
2531.403315241567,205,8,cascade stress write set (w=205),1.0
2735.1099530412107,205,8,cascade stress write set (w=205),1.0
2955.2092352028876,205,8,cascade stress write set (w=205),1.0
3193.020307691027,205,8,cascade stress write set (w=205),1.0
3449.9684705497157,205,8,cascade stress write set (w=205),1.0
3727.593720314938,205,8,cascade stress write set (w=205),1.0
4027.5599798502976,205,8,cascade stress write set (w=205),1.0
4351.665070924416,205,8,cascade stress write set (w=205),1.0
4701.851489299852,205,8,cascade stress write set (w=205),1.0
5080.218046913023,205,8,cascade stress write set (w=205),1.0
5489.032450921557,205,8,cascade stress write set (w=205),1.0
5930.744895010558,205,8,cascade stress write set (w=205),1.0
6408.002744415996,205,8,cascade stress write set (w=205),1.0
6923.6664026787275,205,8,cascade stress write set (w=205),1.0
7480.826455225086,205,8,cascade stress write set (w=205),1.0
8082.822192522714,205,8,cascade stress write set (w=205),1.0
8733.261623828437,205,8,cascade stress write set (w=205),1.0
9436.04310147889,205,8,cascade stress write set (w=205),1.0
10195.378685327301,205,8,cascade stress write set (w=205),1.0
11015.819387358995,205,8,cascade stress write set (w=205),1.0
11902.282447787144,205,8,cascade stress write set (w=205),1.0
12860.08080610565,205,8,cascade stress write set (w=205),1.0
13894.95494373136,205,8,cascade stress write set (w=205),1.0
15013.107289081743,205,8,cascade stress write set (w=205),1.0
16221.239391291729,205,8,cascade stress write set (w=205),1.0
17526.592085367585,205,8,cascade stress write set (w=205),1.0
18936.988889503602,205,8,cascade stress write set (w=205),1.0
20460.88289466011,205,8,cascade stress write set (w=205),1.0
22107.407427431233,205,8,cascade stress write set (w=205),1.0
23886.430789846003,205,8,cascade stress write set (w=205),1.0
25808.615404180768,205,8,cascade stress write set (w=205),1.0
27885.481717262915,205,8,cascade stress write set (w=205),1.0
30129.47724726992,205,8,cascade stress write set (w=205),1.0
32554.05118685032,205,8,cascade stress write set (w=205),1.0
35173.7350096938,205,8,cascade stress write set (w=205),1.0
38004.22956365882,205,8,cascade stress write set (w=205),1.0
41062.49917244294,205,8,cascade stress write set (w=205),1.0
44366.87330978607,205,8,cascade stress write set (w=205),1.0
47937.15645558219,205,8,cascade stress write set (w=205),1.0
51794.74679231213,205,8,cascade stress write set (w=205),1.0
55962.76445319552,205,8,cascade stress write set (w=205),1.0
60466.19009070435,205,8,cascade stress write set (w=205),1.0
65332.014595937704,205,8,cascade stress write set (w=205),1.0
70589.40086618738,205,8,cascade stress write set (w=205),1.0
76269.85859023451,205,8,cascade stress write set (w=205),1.0
82407.43309893666,205,8,cascade stress write set (w=205),1.0
89038.90941296735,205,8,cascade stress write set (w=205),1.0
96204.0327106476,205,8,cascade stress write set (w=205),1.0
103945.74653722627,205,8,cascade stress write set (w=205),1.0
112310.45018329515,205,8,cascade stress write set (w=205),1.0
121348.27677491431,205,8,cascade stress write set (w=205),1.0
131113.3937421563,205,8,cascade stress write set (w=205),1.0
141664.32746690192,205,8,cascade stress write set (w=205),1.0
153064.31405563562,205,8,cascade stress write set (w=205),1.0
165381.6783395673,205,8,cascade stress write set (w=205),1.0
178690.24337358287,205,8,cascade stress write set (w=205),1.0
193069.77288832495,205,8,cascade stress write set (w=205),1.0
208606.44934719568,205,8,cascade stress write set (w=205),1.0
225393.39047347935,205,8,cascade stress write set (w=205),1.0
243531.20734334175,205,8,cascade stress write set (w=205),1.0
263128.6073895944,205,8,cascade stress write set (w=205),1.0
284303.0459302665,205,8,cascade stress write set (w=205),1.0
307181.43012686964,205,8,cascade stress write set (w=205),1.0
331900.87959146773,205,8,cascade stress write set (w=205),1.0
358609.54820118286,205,8,cascade stress write set (w=205),1.0
387467.5120456128,205,8,cascade stress write set (w=205),1.0
418647.7288289947,205,8,cascade stress write set (w=205),1.0
452337.07447720965,205,8,cascade stress write set (w=205),1.0
488737.4631624417,205,8,cascade stress write set (w=205),1.0
528067.0574582637,205,8,cascade stress write set (w=205),1.0
570561.5758781021,205,8,cascade stress write set (w=205),1.0
616475.7056337161,205,8,cascade stress write set (w=205),1.0
666084.6290809154,205,8,cascade stress write set (w=205),1.0
719685.6730011528,205,8,cascade stress write set (w=205),1.0
777600.0906038043,205,8,cascade stress write set (w=205),1.0
840174.9869294344,205,8,cascade stress write set (w=205),1.0
907785.3991937558,205,8,cascade stress write set (w=205),1.0
980836.5445406671,205,8,cascade stress write set (w=205),1.0
1059766.2486760707,205,8,cascade stress write set (w=205),1.0
1145047.569938281,205,8,cascade stress write set (w=205),1.0
1237191.6345321594,205,8,cascade stress write set (w=205),0.9511056873941488
1336750.6999197064,205,8,cascade stress write set (w=205),0.8802688489863367
1444321.464727279,205,8,cascade stress write set (w=205),0.8147078256032066
1560548.6450070718,205,8,cascade stress write set (w=205),0.7540296829354317
1686128.8382868804,205,8,cascade stress write set (w=205),0.6978707517958924
1821814.6985669748,205,8,cascade stress write set (w=205),0.6458944484999396
1968419.4472866112,205,8,cascade stress write set (w=205),0.5977892575802554
2126821.747296208,205,8,cascade stress write set (w=205),0.5532668647459141
2297970.9690469652,205,8,cascade stress write set (w=205),0.5120604288956755
2482892.88056033,205,8,cascade stress write set (w=205),0.47392298282898404
2682695.7952797273,205,8,cascade stress write set (w=205),0.43862595306945873
2898577.214651068,205,8,cascade stress write set (w=205),0.40595778992958503
3131831.005243845,205,8,cascade stress write set (w=205),0.37572269960600313
3383855.153428233,205,8,cascade stress write set (w=205),0.3477394707063238
3656160.1440851935,205,8,cascade stress write set (w=205),0.3218403881743593
3950378.0135666407,205,8,cascade stress write set (w=205),0.2978702281044755
4268272.131163817,205,8,cascade stress write set (w=205),0.2756853274205721
4611747.767708251,205,8,cascade stress write set (w=205),0.2551527228438918
4982863.514647296,205,8,cascade stress write set (w=205),0.23614935398913708
5383843.622033478,205,8,cascade stress write set (w=205),0.21856132581272122
5817091.329374358,205,8,cascade stress write set (w=205),0.20228322599269846
6285203.269240097,205,8,cascade stress write set (w=205),0.18721749314915428
6790985.029955707,205,8,cascade stress write set (w=205),0.17327383211853065
7337467.970651388,205,8,cascade stress write set (w=205),0.16036867277739378
7927927.389450606,205,8,cascade stress write set (w=205),0.14842466917214583
8565902.153685499,205,8,cascade stress write set (w=205),0.13737023595275627
9255215.909791354,205,8,cascade stress write set (w=205),0.12713911933217417
10000000.0,205,8,cascade stress write set (w=205),0.11767
