candidates,trial,method,exact_value,greedy_value,relative_regret,greedy_ms,exact_ms
8,0,raw,2.297807874373266,2.1496074037194157,0.06449645869294984,0.22576900028070668,3.4561829997983295
8,0,ratio,2.297807874373266,2.297807874373266,0.0,0.20844399978159345,3.4561829997983295
8,0,price,2.297807874373266,2.208309632170319,0.03894940181948754,0.1971149999917543,3.4561829997983295
8,1,raw,2.4348000991845673,2.161239528196472,0.11235442740441515,0.18139699977837154,1.9281790000604815
8,1,ratio,2.4348000991845673,2.161239528196472,0.11235442740441515,0.19948299996030983,1.9281790000604815
8,1,price,2.4348000991845673,2.161239528196472,0.11235442740441515,0.2044080001724069,1.9281790000604815
8,2,raw,2.8335086477022617,2.6787320675660418,0.0546236484090955,0.501658999837673,2.4584259999755886
8,2,ratio,2.8335086477022617,2.8335086477022613,1.567276705543785e-16,0.6727689997205744,2.4584259999755886
8,2,price,2.8335086477022617,2.6787320675660418,0.0546236484090955,0.7151140002861212,2.4584259999755886
8,3,raw,2.8215858469616846,2.8215858469616846,0.0,0.18510299969420885,1.6975970002022223
8,3,ratio,2.8215858469616846,2.7262680121021847,0.03378165330753242,0.44098700027461746,1.6975970002022223
8,3,price,2.8215858469616846,2.7262680121021847,0.03378165330753242,0.4116439999961585,1.6975970002022223
8,4,raw,3.952194377327455,3.9521943773274546,1.123652248476614e-16,0.20410500019352185,2.1925959999862243
8,4,ratio,3.952194377327455,3.5884993485786185,0.09202356818157655,0.2591820002635359,2.1925959999862243
8,4,price,3.952194377327455,3.9521943773274546,1.123652248476614e-16,0.21779400003651972,2.1925959999862243
8,5,raw,3.3504644938618067,3.350464493861807,-1.3254556514884813e-16,0.21667999999408494,2.032095000231493
8,5,ratio,3.3504644938618067,3.350464493861807,-1.3254556514884813e-16,0.44178500002090004,2.032095000231493
8,5,price,3.3504644938618067,3.350464493861807,-1.3254556514884813e-16,0.20150099999227677,2.032095000231493
8,6,raw,2.1517480560258107,1.9507526011065979,0.09341031091272044,0.13650600021719583,1.9706099997165438
8,6,ratio,2.1517480560258107,2.1517480560258107,0.0,0.19453200002317317,1.9706099997165438
8,6,price,2.1517480560258107,1.778782144287617,0.1733315899571654,0.13484600003721425,1.9706099997165438
8,7,raw,1.778296733053212,1.742848403596939,0.01993386637752562,0.1467309998588462,1.6329250001945184
8,7,ratio,1.778296733053212,1.778296733053212,0.0,0.198503999854438,1.6329250001945184
8,7,price,1.778296733053212,1.742848403596939,0.01993386637752562,0.14779699995415285,1.6329250001945184
8,8,raw,2.9706317940302203,2.97063179403022,1.4949318550434423e-16,0.226734999614564,1.975010000023758
8,8,ratio,2.9706317940302203,2.97063179403022,1.4949318550434423e-16,0.25124000012510805,1.975010000023758
8,8,price,2.9706317940302203,2.97063179403022,1.4949318550434423e-16,0.22759200010114,1.975010000023758
8,9,raw,3.312115961109968,3.175782906393705,0.041161920753093044,0.21855299974049558,2.243661000193242
8,9,ratio,3.312115961109968,3.312115961109967,2.681604237680361e-16,0.31206699986796593,2.243661000193242
8,9,price,3.312115961109968,3.312115961109967,2.681604237680361e-16,0.2314809999006684,2.243661000193242
8,10,raw,3.0627414864805704,2.607949515923064,0.14849179160730047,0.18522300024415017,2.4435989998892182
8,10,ratio,3.0627414864805704,3.0627414864805704,0.0,0.256695000189211,2.4435989998892182
8,10,price,3.0627414864805704,3.0627414864805704,0.0,0.21611000011034776,2.4435989998892182
8,11,raw,3.0611334994512647,3.0611334994512647,0.0,0.16005700035748305,2.268438000101014
8,11,ratio,3.0611334994512647,2.9114268830069054,0.048905615018487586,0.22829599993201555,2.268438000101014
8,11,price,3.0611334994512647,3.0611334994512647,0.0,0.16183400020963745,2.268438000101014
8,12,raw,2.7652917309922236,2.7652917309922236,0.0,0.18360300009589992,1.8768350000755163
8,12,ratio,2.7652917309922236,2.4973806189553938,0.09688348937444649,0.2681789997041051,1.8768350000755163
8,12,price,2.7652917309922236,2.7652917309922236,0.0,0.20915000004606554,1.8768350000755163
8,13,raw,2.554440706444631,2.3814635174090246,0.06771626704789031,0.24306399973283987,2.6604869999573566
8,13,ratio,2.554440706444631,2.3814635174090246,0.06771626704789031,0.2548869997553993,2.6604869999573566
8,13,price,2.554440706444631,2.3814635174090246,0.06771626704789031,0.21663500001523062,2.6604869999573566
8,14,raw,3.2356809307821823,3.235680930782182,1.3724752821740987e-16,0.20429799997145892,2.0894829999633657
8,14,ratio,3.2356809307821823,3.235680930782182,1.3724752821740987e-16,0.3818380000666366,2.0894829999633657
8,14,price,3.2356809307821823,3.235680930782182,1.3724752821740987e-16,0.27527399970495026,2.0894829999633657
8,15,raw,1.907796476797715,1.5552068953162306,0.1848150920549528,0.12139799991928157,1.8498839999665506
8,15,ratio,1.907796476797715,1.8965996835741388,0.005868966296850618,0.24981400019896682,1.8498839999665506
8,15,price,1.907796476797715,1.5552068953162306,0.1848150920549528,0.12183999979242799,1.8498839999665506
8,16,raw,2.0893596020112546,1.9091302667228323,0.08626056286095049,0.14341599990075338,1.6455760001008457
8,16,ratio,2.0893596020112546,2.0893596020112546,0.0,0.19790000033026445,1.6455760001008457
8,16,price,2.0893596020112546,1.9091302667228323,0.08626056286095049,0.1814679999370128,1.6455760001008457
8,17,raw,2.868856580442055,2.8688565804420545,1.547965879080766e-16,0.15974799998730305,1.655838000260701
8,17,ratio,2.868856580442055,2.8688565804420545,1.547965879080766e-16,0.19621499995992053,1.655838000260701
8,17,price,2.868856580442055,2.8688565804420545,1.547965879080766e-16,0.16536600014660507,1.655838000260701
8,18,raw,2.787929184059571,2.5951434756280714,0.06915014539601022,0.16318899997713743,1.543108000078064
8,18,ratio,2.787929184059571,2.653102678398253,0.04836080716547953,0.22016999992047204,1.543108000078064
8,18,price,2.787929184059571,2.7879291840595704,1.5928998928280296e-16,0.19192300032955245,1.543108000078064
8,19,raw,3.2306714312554443,3.2306714312554443,0.0,0.19787799965342856,2.817318999859708
8,19,ratio,3.2306714312554443,3.2306714312554443,0.0,0.23710599998594262,2.817318999859708
8,19,price,3.2306714312554443,3.2306714312554443,0.0,0.1976570001716027,2.817318999859708
8,20,raw,2.707079405144482,2.707079405144482,0.0,0.30597599970860756,1.8856189999496564
8,20,ratio,2.707079405144482,2.693986714029779,0.004836463640417058,0.2376689999437076,1.8856189999496564
8,20,price,2.707079405144482,2.707079405144482,0.0,0.2190540003539354,1.8856189999496564
8,21,raw,2.935004465269663,2.4741517206814914,0.15701943558911394,0.1540709999972023,1.6897630002858932
8,21,ratio,2.935004465269663,2.935004465269663,0.0,0.22242700015340233,1.6897630002858932
8,21,price,2.935004465269663,2.4741517206814914,0.15701943558911394,0.16120199961733306,1.6897630002858932
8,22,raw,2.055757236462842,1.600066697245982,0.22166554062624924,0.1619280001250445,1.7897610000545683
8,22,ratio,2.055757236462842,1.7528067955286626,0.14736683668711742,0.21590799997284194,1.7897610000545683
8,22,price,2.055757236462842,1.600066697245982,0.22166554062624924,0.16406300028393161,1.7897610000545683
8,23,raw,2.6251759153831316,2.625175915383131,1.6916550515634682e-16,0.15194999969025957,1.9382740001674392
8,23,ratio,2.6251759153831316,2.5761776690806237,0.0186647477661918,0.21789999982502195,1.9382740001674392
8,23,price,2.6251759153831316,2.5761776690806237,0.0186647477661918,0.18260599972563796,1.9382740001674392
8,24,raw,3.198583011385072,3.0088447859430207,0.059319462639142104,0.18490000002202578,1.8905329998233356
8,24,ratio,3.198583011385072,3.198583011385072,0.0,0.25412700006199884,1.8905329998233356
8,24,price,3.198583011385072,3.198583011385072,0.0,0.19553700030883192,1.8905329998233356
8,25,raw,2.0961158304910117,2.0961158304910117,0.0,0.17225100009454763,1.5196009999272064
8,25,ratio,2.0961158304910117,1.6147827171404696,0.22963097093627244,0.15900200014584698,1.5196009999272064
8,25,price,2.0961158304910117,2.0961158304910117,0.0,0.18078799985232763,1.5196009999272064
8,26,raw,1.9372125185394145,1.9372125185394142,1.146206741903798e-16,0.17983799989451654,1.5326889997595572
8,26,ratio,1.9372125185394145,1.9372125185394142,1.146206741903798e-16,0.2002010000978771,1.5326889997595572
8,26,price,1.9372125185394145,1.9372125185394142,1.146206741903798e-16,0.16626300021016505,1.5326889997595572
8,27,raw,2.148176306528101,2.1481763065281005,2.067284740551873e-16,0.15145699990171124,1.661216000229615
8,27,ratio,2.148176306528101,2.0439542617981576,0.04851652278875927,0.21810099997310317,1.661216000229615
8,27,price,2.148176306528101,2.1481763065281005,2.067284740551873e-16,0.1574119996803347,1.661216000229615
8,28,raw,2.683131037744534,2.5719366663654886,0.041442020465954056,0.14637799995398382,1.6784849999567086
8,28,ratio,2.683131037744534,2.5719366663654886,0.041442020465954056,0.17924799976754002,1.6784849999567086
8,28,price,2.683131037744534,2.5719366663654886,0.041442020465954056,0.1741450000736222,1.6784849999567086
8,29,raw,3.4651392889287362,3.465139288928736,1.2815912228086936e-16,0.22263500022745575,2.592353999716579
8,29,ratio,3.4651392889287362,3.465139288928736,1.2815912228086936e-16,0.325728000007075,2.592353999716579
8,29,price,3.4651392889287362,3.465139288928736,1.2815912228086936e-16,0.24010200013435679,2.592353999716579
8,30,raw,2.8126068063756224,1.8864234910365756,0.32929711797595485,0.12667999999393942,1.7843569999058673
8,30,ratio,2.8126068063756224,2.812606806375623,-1.5789238966619876e-16,0.2245079999738664,1.7843569999058673
8,30,price,2.8126068063756224,1.8864234910365756,0.32929711797595485,0.13314899979377515,1.7843569999058673
8,31,raw,3.1520146605254724,2.8666095740601265,0.09054687785550021,0.1674219997767068,2.2546740001416765
8,31,ratio,3.1520146605254724,2.7337534893112223,0.13269645489038487,0.20880200008832617,2.2546740001416765
8,31,price,3.1520146605254724,2.8666095740601265,0.09054687785550021,0.16206800000873045,2.2546740001416765
8,32,raw,1.678258749527918,1.4072111488244254,0.1615052510703348,0.1941880000231322,1.9052450002163823
8,32,ratio,1.678258749527918,1.4072111488244252,0.16150525107033495,0.23147699994297,1.9052450002163823
8,32,price,1.678258749527918,1.4072111488244252,0.16150525107033495,0.22613900000578724,1.9052450002163823
8,33,raw,2.3185525722740223,2.2691009510276334,0.02132866075056778,0.17772000001059496,1.660509999965143
8,33,ratio,2.3185525722740223,2.3074735574581755,0.004778418634251887,0.2095219997499953,1.660509999965143
8,33,price,2.3185525722740223,2.2691009510276334,0.02132866075056778,0.18026899988399236,1.660509999965143
8,34,raw,3.0249092334126093,2.9422436622170083,0.027328281550564174,0.15358900009232457,1.6511280000486295
8,34,ratio,3.0249092334126093,3.0249092334126098,-1.4681075549134904e-16,0.22286200010057655,1.6511280000486295
8,34,price,3.0249092334126093,2.942243662217008,0.02732828155056432,0.15994000023056287,1.6511280000486295
8,35,raw,1.9717150831674053,1.7580493687601089,0.1083654105156305,0.131108999994467,1.5868789996602573
8,35,ratio,1.9717150831674053,1.971715083167405,1.1261495477750978e-16,0.20123100011915085,1.5868789996602573
8,35,price,1.9717150831674053,1.7580493687601089,0.1083654105156305,0.1301219999731984,1.5868789996602573
8,36,raw,2.1624180333904954,2.162418033390496,-2.0536695633904184e-16,0.1784249998308951,1.7879399997582368
8,36,ratio,2.1624180333904954,2.162418033390496,-2.0536695633904184e-16,0.21931899982519099,1.7879399997582368
8,36,price,2.1624180333904954,2.162418033390496,-2.0536695633904184e-16,0.2092300001095282,1.7879399997582368
8,37,raw,2.040705661352147,1.9925491735171594,0.02359795866057405,0.16806899975563283,1.650363000408106
8,37,ratio,2.040705661352147,1.7925291165095738,0.12161310155729868,0.20366699982332648,1.650363000408106
8,37,price,2.040705661352147,1.9925491735171594,0.02359795866057405,0.3695469999911438,1.650363000408106
8,38,raw,2.181683607951687,1.6796415053671492,0.23011682388533367,0.141056000302342,1.791337999748066
8,38,ratio,2.181683607951687,2.10347719833834,0.035846815426537726,0.2131719998033077,1.791337999748066
8,38,price,2.181683607951687,1.6796415053671492,0.23011682388533367,0.14347700016514864,1.791337999748066
8,39,raw,3.1534905236029087,3.153490523602909,-1.4082465335671415e-16,0.17287499986196053,1.805828000215115
8,39,ratio,3.1534905236029087,3.0339069896971758,0.037921006266131735,0.2543089999562653,1.805828000215115
8,39,price,3.1534905236029087,3.0339069896971758,0.037921006266131735,0.18425899997964734,1.805828000215115
8,40,raw,2.4077883690632262,1.9174576870566375,0.20364359605132434,0.14503400007015443,1.6451479996248963
8,40,ratio,2.4077883690632262,2.4077883690632267,-1.8443863902492389e-16,0.22216799970919965,1.6451479996248963
8,40,price,2.4077883690632262,1.9174576870566375,0.20364359605132434,0.14983000028223614,1.6451479996248963
8,41,raw,2.2844312944355685,1.9071515900530283,0.1651525722404173,0.1644650001253467,1.6714710000087507
8,41,ratio,2.2844312944355685,2.284431294435569,-1.9439814667737122e-16,0.2365029999964463,1.6714710000087507
8,41,price,2.2844312944355685,1.9071515900530283,0.1651525722404173,0.1676319998296094,1.6714710000087507
8,42,raw,2.2271493485663134,1.7846460111083766,0.19868597395266294,0.18231300009574625,2.131090000148106
8,42,ratio,2.2271493485663134,2.145441445865567,0.03668721307502091,0.2350269996895804,2.131090000148106
8,42,price,2.2271493485663134,1.7846460111083766,0.19868597395266294,0.1892039999802364,2.131090000148106
8,43,raw,2.6700988663401404,2.6700988663401404,0.0,0.1944079999702808,2.0352269998511474
8,43,ratio,2.6700988663401404,2.4924664807852897,0.06652651997052396,0.20587200015143026,2.0352269998511474
8,43,price,2.6700988663401404,2.6700988663401404,0.0,0.19333499994900194,2.0352269998511474
8,44,raw,2.57731758137303,2.2375574568826213,0.13182703092003362,0.15930800009300583,1.5772159999869473
8,44,ratio,2.57731758137303,2.57731758137303,0.0,0.25300300012531807,1.5772159999869473
8,44,price,2.57731758137303,2.57731758137303,0.0,0.19358000008651288,1.5772159999869473
8,45,raw,2.8778475726546073,2.8778475726546078,-1.5431297128792066e-16,0.17574000003151014,1.9991869999103073
8,45,ratio,2.8778475726546073,2.8778475726546078,-1.5431297128792066e-16,0.19987299992862972,1.9991869999103073
8,45,price,2.8778475726546073,2.8778475726546078,-1.5431297128792066e-16,0.17056900014722487,1.9991869999103073
8,46,raw,2.0509244942218032,1.7685142421257378,0.13769900008104508,0.1720529999147402,1.7420670001229155
8,46,ratio,2.0509244942218032,2.0509244942218032,0.0,0.20926099978169077,1.7420670001229155
8,46,price,2.0509244942218032,1.7685142421257378,0.13769900008104508,0.1384739998684381,1.7420670001229155
8,47,raw,2.6678119170402947,2.6678119170402947,0.0,0.22213800002646167,2.0753980002155004
8,47,ratio,2.6678119170402947,2.6678119170402947,0.0,0.4015380000055302,2.0753980002155004
8,47,price,2.6678119170402947,2.6678119170402947,0.0,0.23367299991150503,2.0753980002155004
8,48,raw,3.0288037327843447,3.0288037327843442,1.4662198314243904e-16,0.22000699982527294,1.848413000061555
8,48,ratio,3.0288037327843447,3.0288037327843442,1.4662198314243904e-16,0.26742900035969797,1.848413000061555
8,48,price,3.0288037327843447,3.0288037327843442,1.4662198314243904e-16,0.22513400017487584,1.848413000061555
8,49,raw,1.5154731912330133,1.2299516197462599,0.1884042377908701,0.18557800012786174,1.7906250000123691
8,49,ratio,1.5154731912330133,1.2117378369655443,0.20042278281435322,0.24561999998695683,1.7906250000123691
8,49,price,1.5154731912330133,1.211737836965544,0.20042278281435336,0.19251899993832922,1.7906250000123691
10,0,raw,3.9219570088562317,2.7717196141286484,0.2932814898608563,0.21495200007848325,4.808727000181534
10,0,ratio,3.9219570088562317,3.921957008856232,-1.1323153437104434e-16,0.2996230000462674,4.808727000181534
10,0,price,3.9219570088562317,3.921957008856231,1.1323153437104434e-16,0.2700449999792909,4.808727000181534
10,1,raw,2.5514715438922053,2.4087662323020886,0.055930591086437643,0.19135499996991712,4.519832999903883
10,1,ratio,2.5514715438922053,2.3383556208284424,0.08352667054975654,0.2548799998294271,4.519832999903883
10,1,price,2.5514715438922053,2.338355620828442,0.08352667054975672,0.17426199974579504,4.519832999903883
10,2,raw,2.3792495938380007,2.2238881990014603,0.06529848538753968,0.23290900026040617,4.783685999882437
10,2,ratio,2.3792495938380007,2.3792495938380007,0.0,0.24788200016701012,4.783685999882437
10,2,price,2.3792495938380007,2.2238881990014603,0.06529848538753968,0.23073800002748612,4.783685999882437
10,3,raw,2.869957037410785,2.1707694921453764,0.24362300067606618,0.2115500001309556,4.400824000185821
10,3,ratio,2.869957037410785,2.8699570374107846,1.547372326697652e-16,0.2938319998975203,4.400824000185821
10,3,price,2.869957037410785,2.8699570374107846,1.547372326697652e-16,0.2536030001465406,4.400824000185821
10,4,raw,2.83045957306251,2.7605555768047303,0.024697048112983615,0.2820509998855414,4.704467999999906
10,4,ratio,2.83045957306251,2.7605555768047303,0.024697048112983615,0.3143250000903208,4.704467999999906
10,4,price,2.83045957306251,2.7605555768047303,0.024697048112983615,0.27073699993707123,4.704467999999906
10,5,raw,2.4001677519363933,2.4001677519363933,0.0,0.20709000000351807,4.462641999907646
10,5,ratio,2.4001677519363933,2.4001677519363933,0.0,0.271418000011181,4.462641999907646
10,5,price,2.4001677519363933,2.4001677519363933,0.0,0.21197200021561002,4.462641999907646
10,6,raw,3.1444371795159753,2.828017235299134,0.10062848330318624,0.28732200007652864,5.119012000250223
10,6,ratio,3.1444371795159753,3.1444371795159753,0.0,0.3313080001134949,5.119012000250223
10,6,price,3.1444371795159753,2.828017235299134,0.10062848330318624,0.3213089999007934,5.119012000250223
10,7,raw,3.0040806049814206,2.705227251257316,0.09948246835605558,0.17223200029548025,4.272095000033005
10,7,ratio,3.0040806049814206,2.3463271081671913,0.21895334490144194,0.264779000190174,4.272095000033005
10,7,price,3.0040806049814206,2.705227251257316,0.09948246835605558,0.1947770001606841,4.272095000033005
10,8,raw,2.213153841459385,2.213153841459385,0.0,0.19885099982275278,4.165465999903972
10,8,ratio,2.213153841459385,2.1190771705183895,0.04250796721793185,0.2504179997231404,4.165465999903972
10,8,price,2.213153841459385,1.9481055286500797,0.1197604558002749,0.18318799993721768,4.165465999903972
10,9,raw,3.493096217505726,3.1121496809404223,0.10905698350253906,0.24220600016633398,4.966039999999339
10,9,ratio,3.493096217505726,2.696217054096889,0.22812974902187347,0.47756799995113397,4.966039999999339
10,9,price,3.493096217505726,3.493096217505726,0.0,0.2838599998540303,4.966039999999339
10,10,raw,2.445657168330244,2.3331748387471145,0.045992680838388394,0.2083729996229522,4.067523000230722
10,10,ratio,2.445657168330244,2.4456571683302446,-1.8158277276175283e-16,0.23370500002783956,4.067523000230722
10,10,price,2.445657168330244,2.4456571683302446,-1.8158277276175283e-16,0.3098319998571242,4.067523000230722
10,11,raw,4.752321568528563,4.752321568528563,0.0,0.3323810001347738,4.91169799988711
10,11,ratio,4.752321568528563,3.774108735619218,0.20583893972735184,0.30523300029017264,4.91169799988711
10,11,price,4.752321568528563,4.752321568528563,0.0,0.26557899991530576,4.91169799988711
10,12,raw,2.938672054312043,2.938672054312043,0.0,0.20932699999320903,4.078377000041655
10,12,ratio,2.938672054312043,2.938672054312043,0.0,0.23851800006013946,4.078377000041655
10,12,price,2.938672054312043,2.938672054312043,0.0,0.20163299996056594,4.078377000041655
10,13,raw,3.4951356520864465,2.7845609244094707,0.2033039053156043,0.21135099996172357,4.756303999783995
10,13,ratio,3.4951356520864465,3.495135652086447,-1.2705922002911686e-16,0.32323599998562713,4.756303999783995
10,13,price,3.4951356520864465,2.7845609244094707,0.2033039053156043,0.212550000014744,4.756303999783995
10,14,raw,3.6701308645643187,3.6701308645643187,0.0,0.260784000147396,4.919838999740023
10,14,ratio,3.6701308645643187,3.557431821151292,0.030707091265097197,0.24910000001909793,4.919838999740023
10,14,price,3.6701308645643187,3.6701308645643187,0.0,0.2660579998519097,4.919838999740023
10,15,raw,2.3939127202956536,2.3939127202956536,0.0,0.20792899977095658,4.663038999751734
10,15,ratio,2.3939127202956536,1.9870093468448422,0.16997418911770432,0.2762419999271515,4.663038999751734
10,15,price,2.3939127202956536,1.987009346844842,0.1699741891177044,0.35277200004202314,4.663038999751734
10,16,raw,3.0669403532713866,3.0669403532713866,0.0,0.27476500008560834,5.6277570001839194
10,16,ratio,3.0669403532713866,3.0669403532713866,0.0,0.320857000133401,5.6277570001839194
10,16,price,3.0669403532713866,3.0669403532713866,0.0,0.2766289999271976,5.6277570001839194
10,17,raw,2.560588034050263,2.560588034050263,0.0,0.2558789997237909,3.969235000113258
10,17,ratio,2.560588034050263,2.560588034050263,0.0,0.29608499971800484,3.969235000113258
10,17,price,2.560588034050263,2.560588034050263,0.0,0.5188889999772073,3.969235000113258
10,18,raw,2.764226107459352,2.306907255705099,0.16544191175973752,0.2822430001288012,4.63198299985379
10,18,ratio,2.764226107459352,2.7642261074593524,-1.6065589158993679e-16,0.3812250001828943,4.63198299985379
10,18,price,2.764226107459352,2.306907255705099,0.16544191175973752,0.33992899989243597,4.63198299985379
10,19,raw,2.8635347155331665,2.8635347155331665,0.0,0.2429359997222491,5.349356999886368
10,19,ratio,2.8635347155331665,2.5982020173209874,0.09265915191210676,0.3372609999132692,5.349356999886368
10,19,price,2.8635347155331665,2.5982020173209874,0.09265915191210676,0.2917080000770511,5.349356999886368
10,20,raw,3.997308266301418,3.977648884973952,0.004918154922701551,0.2578079997874738,6.431127999803721
10,20,ratio,3.997308266301418,3.977648884973952,0.004918154922701551,0.30624000009993324,6.431127999803721
10,20,price,3.997308266301418,3.977648884973952,0.004918154922701551,0.2700220002225251,6.431127999803721
10,21,raw,3.071452482111403,3.0714524821114035,-1.4458605901816954e-16,0.2085030000671395,4.375425000034738
10,21,ratio,3.071452482111403,3.0714524821114035,-1.4458605901816954e-16,0.35703200001080404,4.375425000034738
10,21,price,3.071452482111403,3.0714524821114035,-1.4458605901816954e-16,0.35642800003188313,4.375425000034738
10,22,raw,2.3015191424290213,2.3015191424290213,0.0,0.3314470000077563,7.50745300001654
10,22,ratio,2.3015191424290213,2.127729035832677,0.07551104111735808,0.45799000008628354,7.50745300001654
10,22,price,2.3015191424290213,2.3015191424290213,0.0,0.209909999739466,7.50745300001654
10,23,raw,2.6943542844756774,2.6943542844756774,0.0,0.2585650004220952,5.545636000078957
10,23,ratio,2.6943542844756774,2.252875603135382,0.16385324078722902,0.43394799968154985,5.545636000078957
10,23,price,2.6943542844756774,2.6943542844756774,0.0,0.27349399988452205,5.545636000078957
10,24,raw,2.9230098308680006,2.9230098308680006,0.0,0.2439359996060375,5.079066999769566
10,24,ratio,2.9230098308680006,2.923009830868,1.5192874316067161e-16,0.31116399986785837,5.079066999769566
10,24,price,2.9230098308680006,2.9230098308680006,0.0,0.2573329998085683,5.079066999769566
10,25,raw,2.8527881473909638,2.4404098441880646,0.1445527259288575,0.21916100013186224,4.690083999776107
10,25,ratio,2.8527881473909638,2.7763331860146776,0.02680008378687655,0.2821199996105861,4.690083999776107
10,25,price,2.8527881473909638,2.4404098441880646,0.1445527259288575,0.2180720002797898,4.690083999776107
10,26,raw,3.2937432961736763,2.962996017692028,0.10041683541819299,0.24858200004018727,4.573342000185221
10,26,ratio,3.2937432961736763,3.293743296173677,-1.3482811801574174e-16,0.2668000001904147,4.573342000185221
10,26,price,3.2937432961736763,3.293743296173677,-1.3482811801574174e-16,0.23487399994337466,4.573342000185221
10,27,raw,4.5242133997572,3.88149747006438,0.14206136468436986,0.2500020000297809,4.721587999938492
10,27,ratio,4.5242133997572,4.524213399757201,-1.963166502596431e-16,0.3187659999639436,4.721587999938492
10,27,price,4.5242133997572,4.524213399757201,-1.963166502596431e-16,0.28655300002355943,4.721587999938492
10,28,raw,2.423776533417391,2.423776533417391,0.0,0.2274429998578853,4.212327000004734
10,28,ratio,2.423776533417391,2.3468414125822985,0.03174183748970376,0.25722200007294305,4.212327000004734
10,28,price,2.423776533417391,2.423776533417391,0.0,0.24027800009207567,4.212327000004734
10,29,raw,2.2217988611870974,2.170905112193062,0.02290655103083599,0.41573199996491894,4.21222500017393
10,29,ratio,2.2217988611870974,2.170905112193062,0.02290655103083599,0.2866310001081729,4.21222500017393
10,29,price,2.2217988611870974,2.170905112193062,0.02290655103083599,0.22169700014273985,4.21222500017393
10,30,raw,1.8237103379814217,1.8237103379814215,1.2175431607784924e-16,0.19242300004407298,4.282865000277525
10,30,ratio,1.8237103379814217,1.6922433960112253,0.07208762226775052,0.3142300001854892,4.282865000277525
10,30,price,1.8237103379814217,1.8237103379814215,1.2175431607784924e-16,0.1581020001140132,4.282865000277525
10,31,raw,2.811908835878982,2.3608695474185364,0.16040324021367283,0.22287799993137014,5.071730000054231
10,31,ratio,2.811908835878982,2.5107948280578696,0.10708526676932124,0.3362930001458153,5.071730000054231
10,31,price,2.811908835878982,2.5107948280578696,0.10708526676932124,0.2693919996090699,5.071730000054231
10,32,raw,2.5472919822693956,2.5472919822693956,0.0,0.38425999991886783,5.740972999774385
10,32,ratio,2.5472919822693956,2.40136889842732,0.05728557419321523,0.2990309999404417,5.740972999774385
10,32,price,2.5472919822693956,2.5472919822693956,0.0,0.22405999970942503,5.740972999774385
10,33,raw,3.3050260819229202,3.3050260819229202,0.0,0.21873000014238642,4.8332899996239576
10,33,ratio,3.3050260819229202,3.3050260819229202,0.0,0.3909580000254209,4.8332899996239576
10,33,price,3.3050260819229202,3.3050260819229202,0.0,0.275283000064519,4.8332899996239576
10,34,raw,2.253285368848346,2.182851505136664,0.03125829718926409,0.2373750003243913,4.495925000355783
10,34,ratio,2.253285368848346,2.0439807272049557,0.09288865251469056,0.3126279998468817,4.495925000355783
10,34,price,2.253285368848346,2.0439807272049557,0.09288865251469056,0.24909700005082414,4.495925000355783
10,35,raw,1.6849052386340053,1.6739518383196206,0.0065008999101130085,0.1918520001709112,4.392951999761863
10,35,ratio,1.6849052386340053,1.5184859376946087,0.09877071844961256,0.2524260003156087,4.392951999761863
10,35,price,1.6849052386340053,1.6739518383196206,0.0065008999101130085,0.1897410002129618,4.392951999761863
10,36,raw,3.2987593412116487,3.2987593412116496,-2.692462007167499e-16,0.35458000002108747,4.8865149997254775
10,36,ratio,3.2987593412116487,3.2987593412116496,-2.692462007167499e-16,0.25341699983982835,4.8865149997254775
10,36,price,3.2987593412116487,3.2987593412116496,-2.692462007167499e-16,0.24222299998655217,4.8865149997254775
10,37,raw,2.685872030722848,2.6565680523396944,0.010910414959445076,0.19773700023506535,4.220494000037434
10,37,ratio,2.685872030722848,2.514097418704222,0.06395487575496903,0.24096700008158223,4.220494000037434
10,37,price,2.685872030722848,2.6565680523396944,0.010910414959445076,0.23742299981677206,4.220494000037434
10,38,raw,2.046885766839409,2.0468857668394085,2.169584727416321e-16,0.2231140001640597,4.092575999948167
10,38,ratio,2.046885766839409,2.046885766839409,0.0,0.2613019996715593,4.092575999948167
10,38,price,2.046885766839409,2.0468857668394085,2.169584727416321e-16,0.2308699999957753,4.092575999948167
10,39,raw,3.2375272891340097,3.2375272891340097,0.0,0.26054699992528185,4.941910000070493
10,39,ratio,3.2375272891340097,3.2375272891340097,0.0,0.3115180002168927,4.941910000070493
10,39,price,3.2375272891340097,3.2375272891340097,0.0,0.2668130000529345,4.941910000070493
10,40,raw,2.552674347482614,2.2667223622899004,0.11202055031998596,0.21535599989874754,4.25384500022119
10,40,ratio,2.552674347482614,2.552674347482614,0.0,0.26363100005255546,4.25384500022119
10,40,price,2.552674347482614,2.2667223622899004,0.11202055031998596,0.22150399991005543,4.25384500022119
10,41,raw,3.557939988514206,2.8259092657747793,0.2057456632496835,0.21220100006758003,4.6914429999560525
10,41,ratio,3.557939988514206,3.5579399885142062,-1.2481638568488449e-16,0.29899399987698416,4.6914429999560525
10,41,price,3.557939988514206,3.5579399885142062,-1.2481638568488449e-16,0.24798000004011556,4.6914429999560525
10,42,raw,3.6566956359985445,3.656695635998544,1.2144549452740929e-16,0.2697289996831387,4.734851999728562
10,42,ratio,3.6566956359985445,3.656695635998544,1.2144549452740929e-16,0.3332129999762401,4.734851999728562
10,42,price,3.6566956359985445,3.656695635998544,1.2144549452740929e-16,0.28584699975908734,4.734851999728562
10,43,raw,3.6672798080605937,3.4111335124602737,0.06984640087656156,0.1976700000341225,5.012387999613566
10,43,ratio,3.6672798080605937,3.6672798080605933,1.2109498949983721e-16,0.3434919999563135,5.012387999613566
10,43,price,3.6672798080605937,3.4111335124602737,0.06984640087656156,0.23796999994374346,5.012387999613566
10,44,raw,2.6051263299072,2.5730571416669843,0.012310031905960634,0.20073999985470437,4.018027000256552
10,44,ratio,2.6051263299072,2.6051263299071996,1.704674375103652e-16,0.23287500016522245,4.018027000256552
10,44,price,2.6051263299072,2.5730571416669843,0.012310031905960634,0.20600699963324587,4.018027000256552
10,45,raw,2.6398676009810575,2.511527763962681,0.048616012776807924,0.24753400020927074,4.876360000253044
10,45,ratio,2.6398676009810575,2.551131003333965,0.03361403337580844,0.24426300024060765,4.876360000253044
10,45,price,2.6398676009810575,2.511527763962681,0.048616012776807924,0.2150479999727395,4.876360000253044
10,46,raw,2.95963545023273,2.2237798265339634,0.24863049388089423,0.19723500008694828,4.8624730002302385
10,46,ratio,2.95963545023273,2.4086287503613963,0.18617384104789164,0.34469699994588154,4.8624730002302385
10,46,price,2.95963545023273,2.2237798265339634,0.24863049388089423,0.2044230000137759,4.8624730002302385
10,47,raw,2.3469705544744577,2.339775666950467,0.003065606217459339,0.179920999926253,4.2906889998448605
10,47,ratio,2.3469705544744577,2.3326138245817787,0.006117132515918509,0.2216999996562663,4.2906889998448605
10,47,price,2.3469705544744577,2.339775666950467,0.003065606217459339,0.18061999981000554,4.2906889998448605
10,48,raw,3.617571024811275,3.5643186927482633,0.014720466218293517,0.3261740002926672,4.467902000214963
10,48,ratio,3.617571024811275,3.617571024811275,0.0,0.39142800005720346,4.467902000214963
10,48,price,3.617571024811275,3.5643186927482633,0.014720466218293517,0.29532299959100783,4.467902000214963
10,49,raw,3.4973569806427083,3.1712678185092615,0.09323874112316709,0.2747999997154693,5.238614000063535
10,49,ratio,3.4973569806427083,3.4973569806427083,0.0,0.33102099996540346,5.238614000063535
10,49,price,3.4973569806427083,3.4973569806427083,0.0,0.28352699973765993,5.238614000063535
12,0,raw,3.3483798005385825,2.829364145247884,0.1550050132327329,0.2541189996918547,11.93896999984645
12,0,ratio,3.3483798005385825,2.547717220293252,0.23911940339520174,0.2787390003504697,11.93896999984645
12,0,price,3.3483798005385825,3.3483798005385825,0.0,0.28099000019210507,11.93896999984645
12,1,raw,3.3231553027370424,3.3231553027370424,0.0,0.27402100022300147,10.389553000095475
12,1,ratio,3.3231553027370424,2.8069117110592936,0.155347416731489,0.335132000145677,10.389553000095475
12,1,price,3.3231553027370424,3.2554240654872615,0.02038160455335795,0.28411099992808886,10.389553000095475
12,2,raw,3.1126834762580167,3.1126834762580167,0.0,0.29565600016212557,10.89264300026116
12,2,ratio,3.1126834762580167,3.1126834762580167,0.0,0.340241999765567,10.89264300026116
12,2,price,3.1126834762580167,3.1126834762580167,0.0,0.29705699989790446,10.89264300026116
12,3,raw,2.71053696523122,1.792713215025118,0.33861325707019385,0.2003909999075404,9.206088000155432
12,3,ratio,2.71053696523122,2.088214225374484,0.2295938951725933,0.32439799997519003,9.206088000155432
12,3,price,2.71053696523122,2.7105369652312197,1.6383809390778035e-16,0.2616419997139019,9.206088000155432
12,4,raw,3.6164516495038592,3.0376886529603446,0.16003614941814998,0.2518920000511571,9.890037999866763
12,4,ratio,3.6164516495038592,3.608650162389092,0.002157221462047652,0.3853270000035991,9.890037999866763
12,4,price,3.6164516495038592,3.608650162389092,0.002157221462047652,0.3291369998805749,9.890037999866763
12,5,raw,3.756654926071261,3.2060891959033104,0.1465574403299631,0.4280240000298363,11.875725999743736
12,5,ratio,3.756654926071261,3.681469245758983,0.020013996971211864,0.5203599998822028,11.875725999743736
12,5,price,3.756654926071261,3.4752454024928428,0.07490960152486476,0.7405760002257011,11.875725999743736
12,6,raw,3.4469037594749894,3.44690375947499,-1.2883713640954787e-16,0.32330199974239804,11.140030000206025
12,6,ratio,3.4469037594749894,2.8182673254640287,0.18237713550398363,0.34696400007305783,11.140030000206025
12,6,price,3.4469037594749894,2.9346610303404814,0.14860952462813454,0.3281020003669255,11.140030000206025
12,7,raw,2.8415398420841065,2.766378347311958,0.02645097339793834,0.48807100029080175,11.611621999691124
12,7,ratio,2.8415398420841065,2.7090902059529247,0.046611922933319686,0.5411659999481344,11.611621999691124
12,7,price,2.8415398420841065,2.7090902059529247,0.046611922933319686,0.3734960000656429,11.611621999691124
12,8,raw,3.587112254087877,3.5871122540878773,-1.2380131381279695e-16,0.31537499990008655,14.593244000025152
12,8,ratio,3.587112254087877,2.8366985492498475,0.2091971624202329,0.42658599977585254,14.593244000025152
12,8,price,3.587112254087877,3.5681614245053335,0.005283032210923136,0.31726599991088733,14.593244000025152
12,9,raw,3.4174474728452795,3.119350418591574,0.08722798422575823,0.33414299969081185,12.598988000263489
12,9,ratio,3.4174474728452795,2.6727503535406893,0.21791033372769716,0.38828200013085734,12.598988000263489
12,9,price,3.4174474728452795,3.4174474728452795,0.0,0.34756600007312954,12.598988000263489
12,10,raw,4.230186222220258,2.9761680018615997,0.2964451573719309,0.2788349997899786,12.590693999754876
12,10,ratio,4.230186222220258,4.090422463829902,0.03303962309181738,0.4714000001513341,12.590693999754876
12,10,price,4.230186222220258,2.9761680018615997,0.2964451573719309,0.3774219999286288,12.590693999754876
12,11,raw,3.7041562467402698,2.845960375218476,0.2316845765555983,0.30342799982463475,10.196004000135872
12,11,ratio,3.7041562467402698,3.5409215175744593,0.04406799235573831,0.3805010001087794,10.196004000135872
12,11,price,3.7041562467402698,3.187904958783385,0.13937081849913752,0.3258820001974527,10.196004000135872
12,12,raw,2.9192511177411236,2.9192511177411236,0.0,0.22409799976230715,10.462972000368609
12,12,ratio,2.9192511177411236,2.5621495045930267,0.12232644563459727,0.3542720000950794,10.462972000368609
12,12,price,2.9192511177411236,2.9192511177411236,0.0,0.2879219996430038,10.462972000368609
12,13,raw,3.5345579511068785,3.1680454103801603,0.10369402505112175,0.28134800004409044,12.795650000043679
12,13,ratio,3.5345579511068785,3.4497140765411416,0.0240040977512244,0.3938909999305906,12.795650000043679
12,13,price,3.5345579511068785,3.1680454103801603,0.10369402505112175,0.27864399999089073,12.795650000043679
12,14,raw,4.0142771842342135,4.0142771842342135,0.0,0.3677110003081907,15.27384200016968
12,14,ratio,4.0142771842342135,3.861880654873138,0.037963628909234735,0.39372099990941933,15.27384200016968
12,14,price,4.0142771842342135,4.0142771842342135,0.0,0.37949099987599766,15.27384200016968
12,15,raw,3.9852758586374426,3.9852758586374435,-2.228649787881413e-16,0.30645400011053425,12.048604000028718
12,15,ratio,3.9852758586374426,3.6349512551221044,0.08790473130136428,0.3730280000127095,12.048604000028718
12,15,price,3.9852758586374426,3.9852758586374435,-2.228649787881413e-16,0.31283499993151054,12.048604000028718
12,16,raw,2.6280355350731694,2.4978380036017307,0.04954176978730001,0.29030299992882647,12.092009999832953
12,16,ratio,2.6280355350731694,2.378508863361314,0.09494798239282867,0.38934099984544446,12.092009999832953
12,16,price,2.6280355350731694,2.4978380036017307,0.04954176978730001,0.2606220000416215,12.092009999832953
12,17,raw,3.3676989440484633,2.6343311444666715,0.21776524914076112,0.36322899995866464,11.57175800017285
12,17,ratio,3.3676989440484633,3.3676989440484633,0.0,0.39752300017426023,11.57175800017285
12,17,price,3.3676989440484633,2.6343311444666715,0.21776524914076112,0.2685750000637199,11.57175800017285
12,18,raw,3.3166329985682697,3.31663299856827,-1.3389760339530117e-16,0.2577079999355192,10.761669000203256
12,18,ratio,3.3166329985682697,3.31663299856827,-1.3389760339530117e-16,0.42939800005115103,10.761669000203256
12,18,price,3.3166329985682697,3.31663299856827,-1.3389760339530117e-16,0.2855020002243691,10.761669000203256
12,19,raw,3.592462263614138,3.5924622636141383,-1.2361694494274074e-16,0.3167640002175176,9.910303000197018
12,19,ratio,3.592462263614138,3.5924622636141383,-1.2361694494274074e-16,0.3632970001490321,9.910303000197018
12,19,price,3.592462263614138,3.5924622636141383,-1.2361694494274074e-16,0.40116300033332664,9.910303000197018
12,20,raw,3.6414787641806177,2.901405424454731,0.20323428685225722,0.2526119997128262,11.618552000072668
12,20,ratio,3.6414787641806177,3.620040566262282,0.005887223105407749,0.40339899987884564,11.618552000072668
12,20,price,3.6414787641806177,3.3116289495087377,0.09058128195513471,0.33129200028270134,11.618552000072668
12,21,raw,2.9586929190758116,2.958692919075812,-1.5009641824835947e-16,0.27189000002181274,10.352816999784409
12,21,ratio,2.9586929190758116,2.958692919075812,-1.5009641824835947e-16,0.32759600026111,10.352816999784409
12,21,price,2.9586929190758116,2.958692919075812,-1.5009641824835947e-16,0.305028000184393,10.352816999784409
12,22,raw,3.291193870692147,3.291193870692147,0.0,0.3151650003019313,10.284882000178186
12,22,ratio,3.291193870692147,2.8131956788497066,0.14523550134769672,0.2873970001928683,10.284882000178186
12,22,price,3.291193870692147,3.1002633430267803,0.05801254352275929,0.3604409998843039,10.284882000178186
12,23,raw,4.2582943138173395,3.4410768539485064,0.19191192520843872,0.5024329998377652,13.28230099989014
12,23,ratio,4.2582943138173395,4.2582943138173395,0.0,0.35380799999984447,13.28230099989014
12,23,price,4.2582943138173395,4.2582943138173395,0.0,0.3410839999560267,13.28230099989014
12,24,raw,3.293575588913437,2.872673307028647,0.12779493608757492,0.2650060000632948,16.195128999697772
12,24,ratio,3.293575588913437,3.1595952134198946,0.0406793079061358,0.6222759998308902,16.195128999697772
12,24,price,3.293575588913437,2.872673307028647,0.12779493608757492,0.25413999992451863,16.195128999697772
12,25,raw,3.7371515932087727,3.737151593208772,1.188309328037617e-16,0.34742599973469623,13.541662000079668
12,25,ratio,3.7371515932087727,3.7371515932087718,2.376618656075234e-16,0.457525000001624,13.541662000079668
12,25,price,3.7371515932087727,3.7371515932087718,2.376618656075234e-16,0.43171600009372924,13.541662000079668
12,26,raw,3.262943634530743,3.2629436345307425,1.3610079106191146e-16,0.36439899986362434,10.324424999907933
12,26,ratio,3.262943634530743,3.2629436345307434,-1.3610079106191146e-16,0.4191319999335974,10.324424999907933
12,26,price,3.262943634530743,2.3827184124438117,0.2697641518449092,0.27618600006462657,10.324424999907933
12,27,raw,3.1588520429580633,2.8685389474207916,0.09190461964955218,0.27538799986359663,11.122923000129958
12,27,ratio,3.1588520429580633,2.734774043103006,0.13425066894172588,0.42303600002924213,11.122923000129958
12,27,price,3.1588520429580633,2.8685389474207916,0.09190461964955218,0.2787470002658665,11.122923000129958
12,28,raw,3.2796330312511808,2.8883920916443655,0.11929412098205291,0.29446700000335113,13.328825999906257
12,28,ratio,3.2796330312511808,3.2164868830417293,0.019254028608609683,0.2905060000557569,13.328825999906257
12,28,price,3.2796330312511808,2.8883920916443655,0.11929412098205291,0.5130930003360845,13.328825999906257
12,29,raw,3.3630398026069255,3.3630398026069255,0.0,0.283386999853974,10.593667000193818
12,29,ratio,3.3630398026069255,2.51106676933236,0.2533342105003164,0.30000399965501856,10.593667000193818
12,29,price,3.3630398026069255,3.3630398026069255,0.0,0.3289940000286151,10.593667000193818
12,30,raw,2.1078444479888447,1.9109113313228665,0.09342867632091059,0.2833149997059081,9.969441999601258
12,30,ratio,2.1078444479888447,1.658902295155081,0.21298637727376538,0.23889000021881657,9.969441999601258
12,30,price,2.1078444479888447,1.7460077611762697,0.1716619493235442,0.27706200035026995,9.969441999601258
12,31,raw,2.9452495082927337,2.916925293122106,0.009616915338030628,0.23679500009166077,10.611104999952659
12,31,ratio,2.9452495082927337,2.916925293122106,0.009616915338030628,0.275516999863612,10.611104999952659
12,31,price,2.9452495082927337,2.916925293122106,0.009616915338030628,0.22980999983701622,10.611104999952659
12,32,raw,3.097743806512761,2.23193029884305,0.27949809982652746,0.25687900006232667,11.315321999973094
12,32,ratio,3.097743806512761,3.097743806512761,0.0,0.39774000015313504,11.315321999973094
12,32,price,3.097743806512761,3.097743806512761,0.0,0.34328700030528125,11.315321999973094
12,33,raw,2.868769248001472,2.868769248001472,0.0,0.24895100023059058,10.881520000111777
12,33,ratio,2.868769248001472,2.868769248001472,0.0,0.29278000010890537,10.881520000111777
12,33,price,2.868769248001472,2.868769248001472,0.0,0.31318500032284646,10.881520000111777
12,34,raw,3.433101586007247,2.6989341607315174,0.21384960709233722,0.2741479997894203,11.358885000390728
12,34,ratio,3.433101586007247,3.2215344928164575,0.06162564313654503,0.414471000112826,11.358885000390728
12,34,price,3.433101586007247,3.0025053600213836,0.12542484257992895,0.30917699996280135,11.358885000390728
12,35,raw,3.313919894704138,3.097468258054915,0.06531589281778574,0.3304970000499452,10.068974000205344
12,35,ratio,3.313919894704138,3.097468258054915,0.06531589281778574,0.36211999986335286,10.068974000205344
12,35,price,3.313919894704138,3.097468258054915,0.06531589281778574,0.33127800043075695,10.068974000205344
12,36,raw,3.1428571357131077,2.213359765334584,0.29574916397452566,0.27176999992661877,10.031530999640381
12,36,ratio,3.1428571357131077,3.1428571357131077,0.0,0.3663990000859485,10.031530999640381
12,36,price,3.1428571357131077,2.8325793015081766,0.09872476565325317,0.33638000013525016,10.031530999640381
12,37,raw,2.9472199558558683,2.691897047546375,0.08663177914569599,0.2516490003472427,9.519206999812013
12,37,ratio,2.9472199558558683,2.9472199558558683,0.0,0.3030040002158785,9.519206999812013
12,37,price,2.9472199558558683,2.691897047546375,0.08663177914569599,0.25263399993491475,9.519206999812013
12,38,raw,4.43364470466347,3.571917317866986,0.1943609477525539,0.33656499999779044,12.599075999787601
12,38,ratio,4.43364470466347,3.37509869720978,0.23875300750650416,0.4385430002002977,12.599075999787601
12,38,price,4.43364470466347,3.571917317866986,0.1943609477525539,0.5043109999860462,12.599075999787601
12,39,raw,3.1565669922061863,3.156566992206186,1.4068740215130997e-16,0.3535339997142728,10.512698000184173
12,39,ratio,3.1565669922061863,3.156566992206186,1.4068740215130997e-16,0.4438099999788392,10.512698000184173
12,39,price,3.1565669922061863,3.156566992206186,1.4068740215130997e-16,0.40000400031203753,10.512698000184173
12,40,raw,2.9213781391863685,2.373421161816315,0.18756797349167015,0.3380600001037237,11.31190800015247
12,40,ratio,2.9213781391863685,2.921378139186369,-1.5201360066784976e-16,0.37302000009731273,11.31190800015247
12,40,price,2.9213781391863685,2.373421161816315,0.18756797349167015,0.28732100008710404,11.31190800015247
12,41,raw,2.995081889528687,2.6661482135956343,0.10982460181908901,0.28463700027714367,9.717147000174009
12,41,ratio,2.995081889528687,2.634025632761835,0.12054971118791963,0.38406600015150616,9.717147000174009
12,41,price,2.995081889528687,2.6404638386122716,0.1184001185931577,0.2825680003297748,9.717147000174009
12,42,raw,3.3528783932427375,2.730943439933663,0.18549284536012348,0.3100760000052105,11.392290999992838
12,42,ratio,3.3528783932427375,2.7714725842661165,0.1734049794792331,0.3622479998739436,11.392290999992838
12,42,price,3.3528783932427375,2.730943439933663,0.18549284536012348,0.28011800031890743,11.392290999992838
12,43,raw,2.7913110294086865,2.7913110294086865,0.0,0.2538720000302419,10.152070999993157
12,43,ratio,2.7913110294086865,2.3317781600177727,0.16462976162432946,0.3254570001445245,10.152070999993157
12,43,price,2.7913110294086865,2.7913110294086865,0.0,0.2516209997338592,10.152070999993157
12,44,raw,3.4701106097285166,3.470110609728517,-1.2797552003243086e-16,0.3105160003542551,11.575622000236763
12,44,ratio,3.4701106097285166,2.731715513845094,0.2127871929538266,0.43482699993546703,11.575622000236763
12,44,price,3.4701106097285166,3.470110609728517,-1.2797552003243086e-16,0.31538099983663415,11.575622000236763
12,45,raw,2.267820103843258,2.1865016210571104,0.03585755441903777,0.23051900006976211,9.338956000192411
12,45,ratio,2.267820103843258,2.267820103843258,0.0,0.32892199988054927,9.338956000192411
12,45,price,2.267820103843258,2.1865016210571104,0.03585755441903777,0.23763099989082548,9.338956000192411
12,46,raw,3.6141094525396205,3.3135809801470106,0.08315422549846399,0.3432319999774336,10.32139000017196
12,46,ratio,3.6141094525396205,3.614109452539621,-1.2287652482079725e-16,0.42142799975408707,10.32139000017196
12,46,price,3.6141094525396205,3.3135809801470106,0.08315422549846399,0.34751100020002923,10.32139000017196
12,47,raw,2.8120212038314314,2.6762776783973052,0.04827258245747688,0.537934000021778,9.855832000084774
12,47,ratio,2.8120212038314314,2.6762776783973052,0.04827258245747688,0.4972300002918928,9.855832000084774
12,47,price,2.8120212038314314,2.6762776783973052,0.04827258245747688,0.3110589996140334,9.855832000084774
12,48,raw,3.289454671043473,2.786374253831152,0.15293733081074345,0.2282159998685529,11.864562000027945
12,48,ratio,3.289454671043473,3.032904740288152,0.07799162974145463,0.300624999908905,11.864562000027945
12,48,price,3.289454671043473,2.786374253831152,0.15293733081074345,0.24699799996596994,11.864562000027945
12,49,raw,3.472599744314218,2.736782192102318,0.21189241674531428,0.28494499974840437,11.823152000033588
12,49,ratio,3.472599744314218,2.9981679674781585,0.13662149737033746,0.36843299994870904,11.823152000033588
12,49,price,3.472599744314218,2.736782192102318,0.21189241674531428,0.28179999981148285,11.823152000033588
14,0,raw,2.529949279561005,2.529949279561005,0.0,0.40509400014343555,20.98546599972906
14,0,ratio,2.529949279561005,2.529949279561005,0.0,0.48061100005725166,20.98546599972906
14,0,price,2.529949279561005,2.529949279561005,0.0,0.40123500002664514,20.98546599972906
14,1,raw,3.16542369313803,3.16542369313803,0.0,0.41241400003855233,20.87816900029793
14,1,ratio,3.16542369313803,3.16542369313803,0.0,0.48815299987836624,20.87816900029793
14,1,price,3.16542369313803,3.16542369313803,0.0,0.41727699999682955,20.87816900029793
14,2,raw,3.053481941015109,2.9898003113490748,0.02085541388362159,0.32059399973149993,20.159449000402674
14,2,ratio,3.053481941015109,2.6060509091837223,0.1465314157655183,0.35647799995786045,20.159449000402674
14,2,price,3.053481941015109,3.001910664135897,0.01688933416847637,0.40770299983705627,20.159449000402674
14,3,raw,3.989982482755171,3.3738712067237917,0.15441453156604856,0.39643999980398803,23.887533999641164
14,3,ratio,3.989982482755171,3.9899824827551713,-1.1130104249064504e-16,0.465269999949669,23.887533999641164
14,3,price,3.989982482755171,3.7380484421124205,0.06314164077953154,0.36904399985360214,23.887533999641164
14,4,raw,3.8238261347872617,3.8238261347872626,-2.322747918949351e-16,0.43295399973430904,23.421416000019235
14,4,ratio,3.8238261347872617,3.5504942994352358,0.07148124044275689,0.4768060002788843,23.421416000019235
14,4,price,3.8238261347872617,3.8238261347872626,-2.322747918949351e-16,0.3872290003528178,23.421416000019235
14,5,raw,3.1473464109548694,2.2547241034284204,0.2836110777064535,0.29423499972836,22.118028000022605
14,5,ratio,3.1473464109548694,3.0932670205829824,0.0171825351615744,0.6877340001665289,22.118028000022605
14,5,price,3.1473464109548694,2.5873398711149416,0.17792974357405678,0.3541860000950692,22.118028000022605
14,6,raw,4.002471996986232,4.002471996986232,0.0,0.404513999910705,21.063862000119116
14,6,ratio,4.002471996986232,4.002471996986232,0.0,0.4479009999158734,21.063862000119116
14,6,price,4.002471996986232,4.002471996986232,0.0,0.4012559998045617,21.063862000119116
14,7,raw,3.2413070343470896,3.2413070343470896,0.0,0.31244799993146444,21.0022400001435
14,7,ratio,3.2413070343470896,2.4890847148432274,0.2320737626928902,0.6044259998816415,21.0022400001435
14,7,price,3.2413070343470896,2.185303313243497,0.32579564660597105,0.32325700021829107,21.0022400001435
14,8,raw,3.3011068633032568,3.3011068633032563,1.345273655896387e-16,0.5120480000186944,23.668525000175578
14,8,ratio,3.3011068633032568,3.3011068633032563,1.345273655896387e-16,0.6568759999936447,23.668525000175578
14,8,price,3.3011068633032568,3.3011068633032563,1.345273655896387e-16,0.3939039997931104,23.668525000175578
14,9,raw,3.8342804959565746,2.740739137443949,0.285201189549334,0.34119800011467305,26.90740000025471
14,9,ratio,3.8342804959565746,3.498441767855539,0.08758846110898594,0.49416299998483737,26.90740000025471
14,9,price,3.8342804959565746,3.8342804959565746,0.0,0.39785799981473247,26.90740000025471
14,10,raw,3.232023166256767,2.8702284410966796,0.11194063487456593,0.3807849998338497,24.204759999975067
14,10,ratio,3.232023166256767,3.00000770653581,0.0717864469980487,0.4417439999997441,24.204759999975067
14,10,price,3.232023166256767,2.8702284410966796,0.11194063487456593,0.3816979997282033,24.204759999975067
14,11,raw,3.7705452174295777,2.703027465148902,0.2831202626469002,0.2942109999821696,22.15919299987945
14,11,ratio,3.7705452174295777,3.7705452174295773,1.1777851324981674e-16,0.4648879998967459,22.15919299987945
14,11,price,3.7705452174295777,3.7705452174295777,0.0,0.44820499988418305,22.15919299987945
14,12,raw,3.4810022298054464,3.481002229805446,1.2757510065567605e-16,0.703599999724247,23.133603999667685
14,12,ratio,3.4810022298054464,3.3312145587760518,0.04303004167790098,0.4162119998909475,23.133603999667685
14,12,price,3.4810022298054464,3.481002229805446,1.2757510065567605e-16,0.4724699997495918,23.133603999667685
14,13,raw,3.511552526387539,3.078531741565143,0.12331320165894259,0.3101119996244961,22.81710799979919
14,13,ratio,3.511552526387539,3.3169874752445008,0.055407131085461574,0.49676500020723324,22.81710799979919
14,13,price,3.511552526387539,3.078531741565143,0.12331320165894259,0.30822100006844266,22.81710799979919
14,14,raw,4.045534127109704,3.1657537706509227,0.21746951794652952,0.3457090001575125,23.02784999983487
14,14,ratio,4.045534127109704,3.9389293911395593,0.02635121410934866,0.5350730002646742,23.02784999983487
14,14,price,4.045534127109704,3.938929391139559,0.02635121410934877,0.44137000031696516,23.02784999983487
14,15,raw,3.010935397185321,2.7037476336294994,0.10202403008812028,0.3190570000697335,20.831929999985732
14,15,ratio,3.010935397185321,2.8749797742168863,0.04515394886769359,0.44280399970375584,20.831929999985732
14,15,price,3.010935397185321,2.874979774216886,0.045153948867693736,0.3801610000664368,20.831929999985732
14,16,raw,3.223650392182555,2.93300404681181,0.09016062848365035,0.31635599998480757,21.812478999891027
14,16,ratio,3.223650392182555,3.223650392182555,0.0,0.4616279998117534,21.812478999891027
14,16,price,3.223650392182555,2.93300404681181,0.09016062848365035,0.3442279999035236,21.812478999891027
14,17,raw,3.6272828867155327,1.8856228959749837,0.480155544834719,0.24893799991332344,21.438735000174347
14,17,ratio,3.6272828867155327,3.3923434430307946,0.06477009128380205,0.5252109999673849,21.438735000174347
14,17,price,3.6272828867155327,3.3923434430307946,0.06477009128380205,0.42190000021946616,21.438735000174347
14,18,raw,3.57040920917711,3.570409209177111,-2.48760959224847e-16,0.4346099999565922,20.292304000122385
14,18,ratio,3.57040920917711,3.57040920917711,0.0,0.46268999994936166,20.292304000122385
14,18,price,3.57040920917711,3.570409209177111,-2.48760959224847e-16,0.3466019998086267,20.292304000122385
14,19,raw,5.380229314293329,4.032674174580936,0.25046425737513184,0.40772299962554825,23.7750779997441
14,19,ratio,5.380229314293329,4.4701186708874205,0.1691583369853907,0.6414489998860518,23.7750779997441
14,19,price,5.380229314293329,5.380229314293329,0.0,0.41478999992250465,23.7750779997441
14,20,raw,2.7236784022706217,2.605459032109415,0.043404305758951614,0.34821999997802777,21.33045700020375
14,20,ratio,2.7236784022706217,2.605459032109415,0.043404305758951614,0.4034610001326655,21.33045700020375
14,20,price,2.7236784022706217,2.605459032109415,0.043404305758951614,0.37696699973821524,21.33045700020375
14,21,raw,2.8731659069179303,2.544394188441074,0.11442837940031546,0.3515529997457634,23.16873299969302
14,21,ratio,2.8731659069179303,2.364476129977617,0.1770485218815607,0.48135199995158473,23.16873299969302
14,21,price,2.8731659069179303,2.55982098751896,0.10905911094256925,0.42826500020964886,23.16873299969302
14,22,raw,3.141115700064727,2.5751563320257143,0.1801778164450773,0.31480000006922637,20.030359999964276
14,22,ratio,3.141115700064727,2.9885426128519805,0.048572896315026745,0.4944190000060189,20.030359999964276
14,22,price,3.141115700064727,2.5751563320257143,0.1801778164450773,0.3030620000572526,20.030359999964276
14,23,raw,3.326436495583928,3.307081541312026,0.005818525108655115,0.4752830000143149,21.24759299977086
14,23,ratio,3.326436495583928,3.0334060679549473,0.08809139390395654,0.4363369998827693,21.24759299977086
14,23,price,3.326436495583928,3.307081541312026,0.005818525108655115,0.35957199997938005,21.24759299977086
14,24,raw,3.7092551557571163,3.7092551557571163,0.0,0.4032280003229971,22.878892999870004
14,24,ratio,3.7092551557571163,3.7092551557571163,0.0,0.6731180001224857,22.878892999870004
14,24,price,3.7092551557571163,3.7092551557571163,0.0,0.45285499982128385,22.878892999870004
14,25,raw,2.8926932979599065,2.850280018748863,0.014662210902536993,0.3872620000038296,24.100990000079037
14,25,ratio,2.8926932979599065,2.70011584849311,0.06657375311880225,0.3368570000930049,24.100990000079037
14,25,price,2.8926932979599065,2.8502800187488626,0.014662210902537146,0.3923419999409816,24.100990000079037
14,26,raw,3.95387614434832,3.511493452813136,0.11188582428600524,0.3215790002286667,22.42084599993177
14,26,ratio,3.95387614434832,3.95387614434832,0.0,0.4861519996666175,22.42084599993177
14,26,price,3.95387614434832,3.415481298077082,0.13616886989260427,0.3020620001734642,22.42084599993177
14,27,raw,3.1948761656320253,3.1948761656320253,0.0,0.34723799990388216,21.842838999873493
14,27,ratio,3.1948761656320253,2.816120226342025,0.11855105476836944,0.38349299984474783,21.842838999873493
14,27,price,3.1948761656320253,3.1948761656320253,0.0,0.32415400028185104,21.842838999873493
14,28,raw,4.41526755609887,4.41526755609887,0.0,0.39067699981387705,24.297613000271667
14,28,ratio,4.41526755609887,4.41526755609887,0.0,0.44548500000018976,24.297613000271667
14,28,price,4.41526755609887,4.41526755609887,0.0,0.4559919998428086,24.297613000271667
14,29,raw,2.6363804326679983,2.6363804326679983,0.0,0.3685490000862046,30.17521299989312
14,29,ratio,2.6363804326679983,2.5850402475551277,0.019473739251248585,0.3901469999618712,30.17521299989312
14,29,price,2.6363804326679983,2.6363804326679983,0.0,0.33424499997636303,30.17521299989312
14,30,raw,3.553203438594209,3.553203438594209,0.0,0.3342319996590959,20.86865899991608
14,30,ratio,3.553203438594209,3.5532034385942084,1.249827704843611e-16,0.39679700012129615,20.86865899991608
14,30,price,3.553203438594209,3.5532034385942084,1.249827704843611e-16,0.4328429999986838,20.86865899991608
14,31,raw,3.1139732070275388,2.897628700512808,0.06947539112619527,0.3882010000779701,22.713342999850283
14,31,ratio,3.1139732070275388,2.6508511821401393,0.14872383097010503,0.5129040000610985,22.713342999850283
14,31,price,3.1139732070275388,2.897628700512808,0.06947539112619527,0.49041000011129654,22.713342999850283
14,32,raw,3.8726732971945825,3.480761797464429,0.10119921554293249,0.3841960001409461,22.892006000347465
14,32,ratio,3.8726732971945825,3.8726732971945816,2.2934504192324557e-16,0.4882100001850631,22.892006000347465
14,32,price,3.8726732971945825,3.480761797464429,0.10119921554293249,0.38358599977073027,22.892006000347465
14,33,raw,3.9672875738021447,3.9672875738021443,1.1193774123726028e-16,0.399748000290856,25.71919000001799
14,33,ratio,3.9672875738021447,3.86269866741135,0.026362824586108658,0.4768789999616274,25.71919000001799
14,33,price,3.9672875738021447,3.9672875738021443,1.1193774123726028e-16,0.48267300007864833,25.71919000001799
14,34,raw,2.894314495162133,1.909993221445161,0.3400878775828515,0.23434099966834765,20.409827000094083
14,34,ratio,2.894314495162133,2.886966269403934,0.0025388484114223825,0.3749120000975381,20.409827000094083
14,34,price,2.894314495162133,2.886966269403934,0.0025388484114223825,0.36045500019099563,20.409827000094083
14,35,raw,3.95258722839573,3.097215957407058,0.21640794283896145,0.3878060001625272,24.92737100010345
14,35,ratio,3.95258722839573,3.95258722839573,0.0,0.4988969999430992,24.92737100010345
14,35,price,3.95258722839573,3.097215957407058,0.21640794283896145,0.3943990000152553,24.92737100010345
14,36,raw,3.6963697591913123,3.328341116706378,0.09956488837995776,0.3520690002005722,21.649462999903335
14,36,ratio,3.6963697591913123,3.3970195272627404,0.08098492613846711,0.5151670002305764,21.649462999903335
14,36,price,3.6963697591913123,3.328341116706378,0.09956488837995776,0.35119100039082696,21.649462999903335
14,37,raw,4.914470509766978,4.115369277382348,0.1626016944849914,0.41612999984863563,33.069775000058144
14,37,ratio,4.914470509766978,4.914470509766977,1.8072718473637533e-16,0.5051900002399634,33.069775000058144
14,37,price,4.914470509766978,4.115369277382348,0.1626016944849914,0.4210859997328953,33.069775000058144
14,38,raw,3.7345825872463965,3.448927578075358,0.07648913968231698,0.33789300005082623,22.566091000044253
14,38,ratio,3.7345825872463965,3.448927578075358,0.07648913968231698,0.43175600012546056,22.566091000044253
14,38,price,3.7345825872463965,3.448927578075358,0.07648913968231698,0.3365050001775671,22.566091000044253
14,39,raw,3.598117766985105,3.353879326937302,0.067879501412888,0.3648859997156251,24.054631000126392
14,39,ratio,3.598117766985105,3.598117766985105,0.0,0.4084980000698124,24.054631000126392
14,39,price,3.598117766985105,3.353879326937302,0.067879501412888,0.3500799998619186,24.054631000126392
14,40,raw,3.384962002329184,2.6074464130905204,0.22969699178414918,0.35404999971433426,26.109213999916392
14,40,ratio,3.384962002329184,3.384962002329184,0.0,0.37197099982222426,26.109213999916392
14,40,price,3.384962002329184,2.6074464130905204,0.22969699178414918,0.3633050000644289,26.109213999916392
14,41,raw,3.684889116103492,3.522516286035444,0.044064509121442795,0.4378869998618029,28.124127000410226
14,41,ratio,3.684889116103492,3.6848891161034913,1.2051630208065945e-16,0.476102999982686,28.124127000410226
14,41,price,3.684889116103492,3.522516286035444,0.044064509121442795,0.3866750002998742,28.124127000410226
14,42,raw,3.5153597851059377,2.443190121905565,0.30499571274126697,0.2716639996833692,20.003390000056243
14,42,ratio,3.5153597851059377,2.974009258190721,0.15399576714987734,0.3548629997567332,20.003390000056243
14,42,price,3.5153597851059377,2.443190121905565,0.30499571274126697,0.2716859999054577,20.003390000056243
14,43,raw,3.262558223577029,3.262558223577029,0.0,0.30324499994094367,20.479416000398487
14,43,ratio,3.262558223577029,3.262558223577029,0.0,0.35087000014755176,20.479416000398487
14,43,price,3.262558223577029,3.262558223577029,0.0,0.32018399997468805,20.479416000398487
14,44,raw,3.480017120349196,2.6321823679089844,0.24362947741910454,0.3417489997445955,28.059608999683405
14,44,ratio,3.480017120349196,3.357065955496783,0.03533062068386485,0.3893199996127805,28.059608999683405
14,44,price,3.480017120349196,2.6321823679089844,0.24362947741910454,0.3438899998400302,28.059608999683405
14,45,raw,3.520613121274026,3.1725862114975043,0.0988540625703795,0.32395699963672087,21.132115999989765
14,45,ratio,3.520613121274026,3.520613121274026,0.0,0.4820740000468504,21.132115999989765
14,45,price,3.520613121274026,3.1725862114975043,0.0988540625703795,0.31912400027067633,21.132115999989765
14,46,raw,5.737677980718184,5.737677980718183,1.547975370323854e-16,0.40863000003810157,28.5502310002812
14,46,ratio,5.737677980718184,4.614576607279456,0.19574144404983665,0.5046429996582447,28.5502310002812
14,46,price,5.737677980718184,5.737677980718183,1.547975370323854e-16,0.4351649999989604,28.5502310002812
14,47,raw,4.510764032050455,3.5907856587804403,0.20395178438359154,0.37995800039425376,23.396419999698992
14,47,ratio,4.510764032050455,4.076181054180598,0.0963435406467735,0.3785490002883307,23.396419999698992
14,47,price,4.510764032050455,4.076181054180598,0.0963435406467735,0.31586400018568384,23.396419999698992
14,48,raw,3.8450387060119873,2.842057959991831,0.26085062406574105,0.5287029998726211,22.355908999998064
14,48,ratio,3.8450387060119873,3.7124551917642137,0.03448171120890668,0.4912189997412497,22.355908999998064
14,48,price,3.8450387060119873,3.7063462253923722,0.03607050311424944,0.38573300025745993,22.355908999998064
14,49,raw,4.391962321396258,3.5434059423393585,0.19320666184293073,0.38443700032075867,23.34571999972468
14,49,ratio,4.391962321396258,4.391962321396258,0.0,0.423755000156234,23.34571999972468
14,49,price,4.391962321396258,4.391962321396258,0.0,0.3945020002902311,23.34571999972468
16,0,raw,3.3406696663613586,3.114231091763166,0.06778239012324386,0.4442170002221246,38.46021199979077
16,0,ratio,3.3406696663613586,3.305807118948077,0.010435796081344937,0.45594499988510506,38.46021199979077
16,0,price,3.3406696663613586,3.114231091763166,0.06778239012324386,0.370694999674015,38.46021199979077
16,1,raw,5.084295661857947,5.084295661857947,0.0,0.43286300024192315,43.78611500033003
16,1,ratio,5.084295661857947,4.6131727378243355,0.09266237751827554,0.5424749997473555,43.78611500033003
16,1,price,5.084295661857947,5.084295661857947,0.0,0.44660899993687053,43.78611500033003
16,2,raw,3.695656002988483,3.6956560029884824,1.2016519110300067e-16,0.43827500030602096,42.20816500037472
16,2,ratio,3.695656002988483,3.194623717212286,0.1355733015656864,0.5598850002570543,42.20816500037472
16,2,price,3.695656002988483,3.6956560029884824,1.2016519110300067e-16,0.42849000010392047,42.20816500037472
16,3,raw,4.4127205524625275,4.4127205524625275,0.0,0.4552079999484704,43.612922000193066
16,3,ratio,4.4127205524625275,4.412720552462528,-2.0127683345016614e-16,0.5684630000359903,43.612922000193066
16,3,price,4.4127205524625275,4.4127205524625275,0.0,0.4261530002622749,43.612922000193066
16,4,raw,3.5772206454787603,3.140919987091252,0.12196638162058789,0.35211699969295296,39.80962700006785
16,4,ratio,3.5772206454787603,3.5772206454787603,0.0,0.4889530000582454,39.80962700006785
16,4,price,3.5772206454787603,3.140919987091252,0.12196638162058789,0.3533330000209389,39.80962700006785
16,5,raw,3.541297176219975,2.889096090123351,0.18417010876020065,0.35439599969322444,39.774211999883846
16,5,ratio,3.541297176219975,3.3757351306609076,0.046751807973311806,0.5112220001137757,39.774211999883846
16,5,price,3.541297176219975,3.109650164824154,0.12188951955073324,0.3718120001394709,39.774211999883846
16,6,raw,4.379051316548198,4.167244638577385,0.04836816530795312,0.4384270000628021,46.788818999630166
16,6,ratio,4.379051316548198,4.167244638577385,0.04836816530795312,0.5138910000823671,46.788818999630166
16,6,price,4.379051316548198,4.167244638577385,0.04836816530795312,0.5573090002144454,46.788818999630166
16,7,raw,3.2186430171089784,2.5082475702962395,0.22071271745159987,0.34592599968163995,87.31922500010114
16,7,ratio,3.2186430171089784,2.8927427732925604,0.10125392660325075,0.6561019999935525,87.31922500010114
16,7,price,3.2186430171089784,3.163802483440069,0.017038402015197043,1.1887359996762825,87.31922500010114
16,8,raw,3.079756296517307,2.690754687564322,0.1263092178406717,0.43037100022047525,39.91870299978473
16,8,ratio,3.079756296517307,2.9249924907656357,0.05025196504239096,0.5100960001982457,39.91870299978473
16,8,price,3.079756296517307,2.690754687564322,0.1263092178406717,0.4299419997551013,39.91870299978473
16,9,raw,3.3597112923355326,2.9856233369516714,0.11134526833816447,0.34175600012531504,39.256225999906746
16,9,ratio,3.3597112923355326,2.8285311894973924,0.1581029012968807,0.397341999814671,39.256225999906746
16,9,price,3.3597112923355326,2.9856233369516714,0.11134526833816447,0.33637600017755176,39.256225999906746
16,10,raw,3.6291252959572757,3.227655675497342,0.11062434821612731,0.4861289999098517,66.43108000025677
16,10,ratio,3.6291252959572757,3.2362411155087965,0.10825864317391828,0.45583400014947983,66.43108000025677
16,10,price,3.6291252959572757,3.2362411155087965,0.10825864317391828,0.38825700039524236,66.43108000025677
16,11,raw,4.14346133992946,3.9591576332864866,0.044480614520735706,0.3991039998254564,40.49760199995944
16,11,ratio,4.14346133992946,3.959157633286487,0.044480614520735595,0.5782329999419744,40.49760199995944
16,11,price,4.14346133992946,3.9591576332864866,0.044480614520735706,0.39442400020561763,40.49760199995944
16,12,raw,3.349772250194993,3.3497722501949925,1.3257295621342968e-16,0.39972500007934286,40.80031500006953
16,12,ratio,3.349772250194993,2.6938950325818274,0.1957975553636479,0.42230600001857965,40.80031500006953
16,12,price,3.349772250194993,3.3497722501949925,1.3257295621342968e-16,0.5033200000070792,40.80031500006953
16,13,raw,3.62646076118158,2.8590889811535067,0.21160349733883418,0.4362590002529032,40.22009499976775
16,13,ratio,3.62646076118158,3.4588701000876716,0.04621328400622306,0.5443049999485083,40.22009499976775
16,13,price,3.62646076118158,3.62646076118158,0.0,0.4929339997943316,40.22009499976775
16,14,raw,3.883857077804996,3.883857077804997,-2.2868463022900135e-16,0.42131600002903724,40.4012040003181
16,14,ratio,3.883857077804996,3.534087512537366,0.0900572699408667,0.4971309999746154,40.4012040003181
16,14,price,3.883857077804996,3.883857077804997,-2.2868463022900135e-16,0.42639799994503846,40.4012040003181
16,15,raw,4.191637435304783,2.7361961338005996,0.34722499833727993,0.30839500004731235,49.24911099988094
16,15,ratio,4.191637435304783,3.8237126189153763,0.08777591623037274,0.5062870000074327,49.24911099988094
16,15,price,4.191637435304783,4.087354536243323,0.024878797527457842,0.4170239999439218,49.24911099988094
16,16,raw,3.8168975659391613,3.8168975659391613,0.0,0.42331399981776485,52.642961000401556
16,16,ratio,3.8168975659391613,3.8168975659391613,0.0,0.5295790001582645,52.642961000401556
16,16,price,3.8168975659391613,3.8168975659391613,0.0,0.46463099988613976,52.642961000401556
16,17,raw,2.808797343010901,2.086835025872424,0.2570361008546692,0.2960790002362046,36.303084999872226
16,17,ratio,2.808797343010901,2.808797343010901,0.0,0.4336160000093514,36.303084999872226
16,17,price,2.808797343010901,2.086835025872424,0.2570361008546692,0.30090199970800313,36.303084999872226
16,18,raw,3.18526204279452,2.9137155154642045,0.0852509224302564,0.32802500027173664,39.91972999983773
16,18,ratio,3.18526204279452,2.551443467891713,0.19898475114051856,0.5102049999550218,39.91972999983773
16,18,price,3.18526204279452,2.9137155154642045,0.0852509224302564,0.3212639999219391,39.91972999983773
16,19,raw,3.8956065022260864,3.8956065022260864,0.0,0.429503000304976,45.60152800013384
16,19,ratio,3.8956065022260864,3.4534614984023206,0.1134983740198371,0.6159469999147404,45.60152800013384
16,19,price,3.8956065022260864,3.8956065022260864,0.0,0.45529399994848063,45.60152800013384
16,20,raw,4.003836458039929,3.6479759326432926,0.08887988536146343,0.424428000314947,44.30394000019078
16,20,ratio,4.003836458039929,3.8017449995086983,0.05047445385173512,0.7670809995943273,44.30394000019078
16,20,price,4.003836458039929,3.6479759326432926,0.08887988536146343,0.6722390003233158,44.30394000019078
16,21,raw,4.3371712781241545,4.0670166595406005,0.06228820612784215,0.4610539999703178,44.24938700003622
16,21,ratio,4.3371712781241545,4.0504986277282145,0.06609668652973447,0.4860560002271086,44.24938700003622
16,21,price,4.3371712781241545,4.0670166595406005,0.06228820612784215,0.44562600032804767,44.24938700003622
16,22,raw,3.016923778912857,2.7926218614806775,0.07434789005939237,0.38896399973964435,37.39736899979107
16,22,ratio,3.016923778912857,2.630589576461563,0.12805567218887742,0.41643400027169264,37.39736899979107
16,22,price,3.016923778912857,3.016923778912857,0.0,0.363697000011598,37.39736899979107
16,23,raw,3.4628812087656025,2.7178500704377875,0.21514776089977192,0.3623259999585571,44.30883299983179
16,23,ratio,3.4628812087656025,3.183200534412514,0.0807653100098068,0.4947940001329698,44.30883299983179
16,23,price,3.4628812087656025,2.6883646747760137,0.22366246119822203,0.36804999990636134,44.30883299983179
16,24,raw,3.421088331941501,2.488486413738682,0.2726038697964745,0.3418569999666943,44.789240999762114
16,24,ratio,3.421088331941501,3.4210883319415006,1.2980933748589813e-16,0.5230399997344648,44.789240999762114
16,24,price,3.421088331941501,3.4210883319415006,1.2980933748589813e-16,0.4232830001456023,44.789240999762114
16,25,raw,3.800442753132806,3.028915385399287,0.20300986433686666,0.3673750002235465,39.3054200003462
16,25,ratio,3.800442753132806,3.800442753132806,0.0,0.543487999948411,39.3054200003462
16,25,price,3.800442753132806,3.028915385399287,0.20300986433686666,0.36704000012832694,39.3054200003462
16,26,raw,3.7645361307643412,3.4433370172062,0.08532236174684442,0.35448000016913284,41.849784000078216
16,26,ratio,3.7645361307643412,3.4420426391565604,0.08566619641987674,0.5559770002037112,41.849784000078216
16,26,price,3.7645361307643412,3.4433370172062006,0.0853223617468443,0.3701089999594842,41.849784000078216
16,27,raw,3.423614184794146,2.8391663740182294,0.17071076915492395,0.3956759996981418,39.65750299994397
16,27,ratio,3.423614184794146,3.2807241950471857,0.04173659239455215,0.5533710000236169,39.65750299994397
16,27,price,3.423614184794146,2.729959360424579,0.2026089351570071,0.39859099979366874,39.65750299994397
16,28,raw,4.142651772991227,3.7398003024591824,0.09724483075273391,0.4433950002749043,44.67127399993842
16,28,ratio,4.142651772991227,4.0525441917202,0.021751184074534156,0.5202400002417562,44.67127399993842
16,28,price,4.142651772991227,2.7846810332807808,0.3278022904469027,0.2992459999404673,44.67127399993842
16,29,raw,3.0717574063564754,2.827630329795745,0.07947472546352498,0.4809179999938351,46.16125800021109
16,29,ratio,3.0717574063564754,2.9926233001000693,0.025761834607333146,0.820219999695837,46.16125800021109
16,29,price,3.0717574063564754,2.827630329795745,0.07947472546352498,0.38994699980321457,46.16125800021109
16,30,raw,3.5509248456276508,3.529396255146227,0.0060628122017092195,0.4287980000299285,41.60165099983715
16,30,ratio,3.5509248456276508,3.1989750687272567,0.09911496080626976,0.5242639999778476,41.60165099983715
16,30,price,3.5509248456276508,3.529396255146227,0.0060628122017092195,0.4307609997340478,41.60165099983715
16,31,raw,2.798005646485709,2.6242949647369844,0.06208374953313792,1.2525600000117265,39.28849199974138
16,31,ratio,2.798005646485709,2.6242949647369844,0.06208374953313792,0.9143820002464054,39.28849199974138
16,31,price,2.798005646485709,2.583326471579178,0.07672578330074767,0.355369000317296,39.28849199974138
16,32,raw,3.111535889057543,2.301943826571984,0.2601904947754845,0.3573200001483201,42.2649399997681
16,32,ratio,3.111535889057543,3.1115358890575435,-1.427234734498188e-16,0.5735669997193327,42.2649399997681
16,32,price,3.111535889057543,2.780836110365451,0.10628184616320085,0.4401070000312757,42.2649399997681
16,33,raw,3.4380120066813613,2.5996986752703086,0.24383665030310886,0.3503610000734625,42.713542000001326
16,33,ratio,3.4380120066813613,3.378559456460767,0.01729271163249442,1.355375000002823,42.713542000001326
16,33,price,3.4380120066813613,2.5996986752703086,0.24383665030310886,0.39390300025843317,42.713542000001326
16,34,raw,3.3217161075342223,3.0452210234528088,0.08323862579775412,0.3244249996896542,44.22875899990686
16,34,ratio,3.3217161075342223,3.3217161075342223,0.0,0.5189119997339731,44.22875899990686
16,34,price,3.3217161075342223,3.0452210234528088,0.08323862579775412,0.3010369996445661,44.22875899990686
16,35,raw,4.032479693261632,4.0324796932616325,-2.2025614194270893e-16,0.4519110002547677,40.41201700010788
16,35,ratio,4.032479693261632,3.9528567729419137,0.019745398954586088,0.5994609996378131,40.41201700010788
16,35,price,4.032479693261632,4.0324796932616325,-2.2025614194270893e-16,0.5561149996538006,40.41201700010788
16,36,raw,3.7431780365315186,2.866056340651937,0.23432540138869137,0.39872600018497906,39.97007699990718
16,36,ratio,3.7431780365315186,3.6088130420372035,0.03589596679158215,0.525337999988551,39.97007699990718
16,36,price,3.7431780365315186,2.866056340651937,0.23432540138869137,0.36554100006469525,39.97007699990718
16,37,raw,5.270315599679472,4.476565789321588,0.15060764300455895,0.3982200000791636,41.100249999999505
16,37,ratio,5.270315599679472,4.958242289349866,0.05921340087272683,0.6518230002257042,41.100249999999505
16,37,price,5.270315599679472,4.476565789321588,0.15060764300455895,0.42783300023074844,41.100249999999505
16,38,raw,2.813177700519841,2.2396771897566157,0.20386217004963791,0.4589529999066144,35.96830700007558
16,38,ratio,2.813177700519841,2.813177700519841,0.0,0.5216099998506252,35.96830700007558
16,38,price,2.813177700519841,2.2396771897566157,0.20386217004963791,0.33317999987048097,35.96830700007558
16,39,raw,3.4078943773675654,2.892916773461858,0.15111313523264258,0.3893640000569576,41.01888199966197
16,39,ratio,3.4078943773675654,3.197129594103606,0.061846043311578475,0.6478969999079709,41.01888199966197
16,39,price,3.4078943773675654,2.892916773461858,0.15111313523264258,0.3930630000468227,41.01888199966197
16,40,raw,2.9560316123415684,1.5948663123195337,0.4604704815534133,0.24118700002873084,37.804764000156865
16,40,ratio,2.9560316123415684,2.7486887831168767,0.07014229088722389,0.5519000001186214,37.804764000156865
16,40,price,2.9560316123415684,2.8732099059897163,0.02801786895852795,0.4438070000105654,37.804764000156865
16,41,raw,3.066895371239954,2.305224530448737,0.2483524048240588,0.36665200013885624,36.80130899965661
16,41,ratio,3.066895371239954,3.066895371239954,0.0,0.4826290000892186,36.80130899965661
16,41,price,3.066895371239954,2.5731496455632694,0.16099203458547134,0.38867900002514943,36.80130899965661
16,42,raw,3.969616241092488,3.137973775237785,0.20950198088312547,0.40740600024946616,41.16760300030364
16,42,ratio,3.969616241092488,3.548576485516375,0.10606560685076141,0.5188139998608676,41.16760300030364
16,42,price,3.969616241092488,2.6073111727081786,0.34318306497289675,0.39372099990941933,41.16760300030364
16,43,raw,2.6312539229042033,2.4800327066531986,0.057471160397965994,0.3401919998395897,37.840492999748676
16,43,ratio,2.6312539229042033,2.325454250094805,0.11621822969935071,0.3763910003726778,37.840492999748676
16,43,price,2.6312539229042033,2.325454250094805,0.11621822969935071,0.33530199971210095,37.840492999748676
16,44,raw,3.1202087501056903,2.8938713984013926,0.0725391695977492,0.3538619998835202,40.44889700026033
16,44,ratio,3.1202087501056903,3.1202087501056903,0.0,0.5049359997428837,40.44889700026033
16,44,price,3.1202087501056903,2.8938713984013926,0.0725391695977492,0.3511889999572304,40.44889700026033
16,45,raw,2.707064623569967,2.399178455640489,0.11373432508731557,0.3519179999784683,38.67612900012318
16,45,ratio,2.707064623569967,2.296924479364097,0.15150733404546282,0.5163379996702133,38.67612900012318
16,45,price,2.707064623569967,2.399178455640489,0.11373432508731557,0.3524759999891103,38.67612900012318
16,46,raw,3.7979020985005474,3.1110621441904645,0.18084719839967828,0.366136999673472,38.63899299994955
16,46,ratio,3.7979020985005474,2.923190151775254,0.23031450628246553,0.6643729998359049,38.63899299994955
16,46,price,3.7979020985005474,3.0995087776767933,0.18388923745545924,0.513100999796734,38.63899299994955
16,47,raw,3.3561624263412977,2.57736170965116,0.23205096111487764,0.3431169998293626,42.42580900017856
16,47,ratio,3.3561624263412977,3.356162426341298,-1.3232053561072253e-16,0.4945470000166097,42.42580900017856
16,47,price,3.3561624263412977,3.356162426341298,-1.3232053561072253e-16,0.5261960000098043,42.42580900017856
16,48,raw,3.931638389389553,2.8187334251656404,0.2830639173804354,0.3569619998415874,39.41536500042275
16,48,ratio,3.931638389389553,3.931638389389553,0.0,0.5470959999911429,39.41536500042275
16,48,price,3.931638389389553,2.8187334251656404,0.2830639173804354,0.5104460001348343,39.41536500042275
16,49,raw,4.260091626418278,4.260091626418278,0.0,0.4571380000015779,39.62535599976036
16,49,ratio,4.260091626418278,3.790930174693407,0.11012942745537235,0.5167499998606218,39.62535599976036
16,49,price,4.260091626418278,4.260091626418278,0.0,0.45919400008642697,39.62535599976036
