variant,event,normalized_risk
full,0,0.22375
full,100,0.222
full,200,0.2198
full,300,0.21765
full,400,0.2148
full,500,0.2114
full,600,0.2091
full,700,0.2066
full,800,0.204
full,900,0.2007
full,1000,0.1977
full,1100,0.1956
full,1200,0.1928
full,1300,0.1907
full,1400,0.1873
full,1500,0.18475
full,1600,0.182
full,1700,0.17915
full,1800,0.17655
full,1900,0.17415
full,2000,0.17065
full,2100,0.1684
full,2200,0.16595
full,2300,0.16315
full,2400,0.16075
full,2500,0.1586
full,2600,0.1572
full,2700,0.155
full,2800,0.15115
full,2900,0.1491
full,3000,0.14645
full,3100,0.1444
full,3200,0.1426
full,3300,0.1412
full,3400,0.1395
full,3500,0.13755
full,3600,0.13535
full,3700,0.1335
full,3800,0.13115
full,3900,0.12935
full,4000,0.1278
full,4100,0.1265
full,4200,0.1253
full,4300,0.12395
full,4400,0.12235
full,4500,0.121
full,4600,0.12015
full,4700,0.119
full,4800,0.11675
full,4900,0.1157
full,5000,0.11525
full,5100,0.1146
full,5200,0.11345
full,5300,0.11195
full,5400,0.1105
full,5500,0.10955
full,5600,0.1083
full,5700,0.1075
full,5800,0.10615
full,5900,0.10485
full,6000,0.1044
full,6100,0.1031
full,6200,0.10215
full,6300,0.1014
full,6400,0.10075
full,6500,0.0995
full,6600,0.0989
full,6700,0.0983
full,6800,0.09715
full,6900,0.09585
full,7000,0.09505
full,7100,0.0938
full,7200,0.0935
full,7300,0.0937
full,7400,0.09355
full,7500,0.09245
full,7600,0.0924
full,7700,0.0917
full,7800,0.09075
full,7900,0.08975
full,8000,0.0888
full,8100,0.08775
full,8200,0.0869
full,8300,0.086
full,8400,0.0851
full,8500,0.0847
full,8600,0.0838
full,8700,0.0828
full,8800,0.0822
full,8900,0.0814
full,9000,0.081
full,9100,0.08015
full,9200,0.0794
full,9300,0.0784
full,9400,0.07835
full,9500,0.07755
full,9600,0.077
full,9700,0.0769
full,9800,0.0765
full,9900,0.0754
full,10000,0.07445
full,10100,0.07405
full,10200,0.07315
full,10300,0.07285
full,10400,0.07245
full,10500,0.07145
full,10600,0.0709
full,10700,0.0701
full,10800,0.0702
full,10900,0.06965
full,11000,0.0692
full,11100,0.06915
full,11200,0.06865
full,11300,0.06805
full,11400,0.06755
full,11500,0.0673
full,11600,0.06695
full,11700,0.06635
full,11800,0.0661
full,11900,0.06565
full,12000,0.06485
full,12100,0.06455
full,12200,0.06435
full,12300,0.06395
full,12400,0.0634
full,12500,0.06355
full,12600,0.0636
full,12700,0.0637
full,12800,0.06355
full,12900,0.06385
full,13000,0.06405
full,13100,0.0642
full,13200,0.0649
full,13300,0.0651
full,13400,0.0659
full,13500,0.06575
full,13600,0.066
full,13700,0.0669
full,13800,0.06785
full,13900,0.06785
full,14000,0.06815
full,14100,0.06865
full,14200,0.069
full,14300,0.06915
full,14400,0.06885
full,14500,0.0686
full,14600,0.0684
full,14700,0.0688
full,14800,0.0692
full,14900,0.06985
full,15000,0.0693
full,15100,0.07
full,15200,0.0706
full,15300,0.071
full,15400,0.07045
full,15500,0.07055
full,15600,0.0706
full,15700,0.07065
full,15800,0.071
full,15900,0.0717
full,16000,0.0721
full,16100,0.0719
full,16200,0.07165
full,16300,0.07145
full,16400,0.07195
full,16500,0.072
full,16600,0.0726
full,16700,0.0725
full,16800,0.07265
full,16900,0.07305
full,17000,0.07335
full,17100,0.07335
full,17200,0.07305
full,17300,0.07225
full,17400,0.07255
full,17500,0.0722
full,17600,0.0722
full,17700,0.07205
full,17800,0.07235
full,17900,0.0717
full,18000,0.07185
full,18100,0.07225
full,18200,0.0734
full,18300,0.0733
full,18400,0.0738
full,18500,0.07375
full,18600,0.0742
full,18700,0.07465
full,18800,0.0748
full,18900,0.07475
full,19000,0.0749
full,19100,0.07405
full,19200,0.07385
full,19300,0.07395
full,19400,0.07465
full,19500,0.0743
full,19600,0.07475
full,19700,0.0747
full,19800,0.0753
full,19900,0.07545
full,20000,0.0755
full,20100,0.0756
full,20200,0.0758
full,20300,0.07495
full,20400,0.07565
full,20500,0.0755
full,20600,0.0758
full,20700,0.0752
full,20800,0.076
full,20900,0.0767
full,21000,0.0766
full,21100,0.07655
full,21200,0.0768
full,21300,0.07705
full,21400,0.07685
full,21500,0.07665
full,21600,0.07705
full,21700,0.0771
full,21800,0.07705
full,21900,0.0771
full,22000,0.07745
full,22100,0.0774
full,22200,0.07745
full,22300,0.0776
full,22400,0.0774
full,22500,0.07725
full,22600,0.07785
full,22700,0.07865
full,22800,0.07805
full,22900,0.07845
full,23000,0.0791
full,23100,0.07975
full,23200,0.0803
full,23300,0.08035
full,23400,0.0812
full,23500,0.0809
full,23600,0.08125
full,23700,0.08135
full,23800,0.08185
full,23900,0.08225
full,24000,0.08195
full,24100,0.0821
full,24200,0.08215
full,24300,0.0827
full,24400,0.0832
full,24500,0.0829
full,24600,0.083
full,24700,0.08305
full,24800,0.08305
full,24900,0.0831
full,24999,0.08305
fixed_memory,0,0.2237
fixed_memory,100,0.21995
fixed_memory,200,0.216
fixed_memory,300,0.2122
fixed_memory,400,0.2082
fixed_memory,500,0.2041
fixed_memory,600,0.2003
fixed_memory,700,0.1963
fixed_memory,800,0.19315
fixed_memory,900,0.18905
fixed_memory,1000,0.1854
fixed_memory,1100,0.1833
fixed_memory,1200,0.1802
fixed_memory,1300,0.1769
fixed_memory,1400,0.1724
fixed_memory,1500,0.16925
fixed_memory,1600,0.16595
fixed_memory,1700,0.16265
fixed_memory,1800,0.15865
fixed_memory,1900,0.15495
fixed_memory,2000,0.15135
fixed_memory,2100,0.14845
fixed_memory,2200,0.14555
fixed_memory,2300,0.14155
fixed_memory,2400,0.13875
fixed_memory,2500,0.13605
fixed_memory,2600,0.13355
fixed_memory,2700,0.13035
fixed_memory,2800,0.1271
fixed_memory,2900,0.12435
fixed_memory,3000,0.1211
fixed_memory,3100,0.11825
fixed_memory,3200,0.11615
fixed_memory,3300,0.11335
fixed_memory,3400,0.11205
fixed_memory,3500,0.10945
fixed_memory,3600,0.10695
fixed_memory,3700,0.10445
fixed_memory,3800,0.1022
fixed_memory,3900,0.10025
fixed_memory,4000,0.09785
fixed_memory,4100,0.0954
fixed_memory,4200,0.09335
fixed_memory,4300,0.09125
fixed_memory,4400,0.08895
fixed_memory,4500,0.08665
fixed_memory,4600,0.0849
fixed_memory,4700,0.0827
fixed_memory,4800,0.08065
fixed_memory,4900,0.0789
fixed_memory,5000,0.07765
fixed_memory,5100,0.0759
fixed_memory,5200,0.0743
fixed_memory,5300,0.07245
fixed_memory,5400,0.0707
fixed_memory,5500,0.07
fixed_memory,5600,0.0685
fixed_memory,5700,0.06755
fixed_memory,5800,0.067
fixed_memory,5900,0.0656
fixed_memory,6000,0.0646
fixed_memory,6100,0.0631
fixed_memory,6200,0.0616
fixed_memory,6300,0.06045
fixed_memory,6400,0.05935
fixed_memory,6500,0.05745
fixed_memory,6600,0.05665
fixed_memory,6700,0.0558
fixed_memory,6800,0.05395
fixed_memory,6900,0.0532
fixed_memory,7000,0.05215
fixed_memory,7100,0.0508
fixed_memory,7200,0.05015
fixed_memory,7300,0.0494
fixed_memory,7400,0.04875
fixed_memory,7500,0.0474
fixed_memory,7600,0.04685
fixed_memory,7700,0.0463
fixed_memory,7800,0.04535
fixed_memory,7900,0.0445
fixed_memory,8000,0.04345
fixed_memory,8100,0.04245
fixed_memory,8200,0.0416
fixed_memory,8300,0.04035
fixed_memory,8400,0.0394
fixed_memory,8500,0.03875
fixed_memory,8600,0.03815
fixed_memory,8700,0.03715
fixed_memory,8800,0.0368
fixed_memory,8900,0.0362
fixed_memory,9000,0.0358
fixed_memory,9100,0.036
fixed_memory,9200,0.03545
fixed_memory,9300,0.0349
fixed_memory,9400,0.0343
fixed_memory,9500,0.03375
fixed_memory,9600,0.03275
fixed_memory,9700,0.03205
fixed_memory,9800,0.03165
fixed_memory,9900,0.0307
fixed_memory,10000,0.03005
fixed_memory,10100,0.02945
fixed_memory,10200,0.0284
fixed_memory,10300,0.02795
fixed_memory,10400,0.0273
fixed_memory,10500,0.02665
fixed_memory,10600,0.02625
fixed_memory,10700,0.0257
fixed_memory,10800,0.0255
fixed_memory,10900,0.02485
fixed_memory,11000,0.0243
fixed_memory,11100,0.02435
fixed_memory,11200,0.02395
fixed_memory,11300,0.02345
fixed_memory,11400,0.0231
fixed_memory,11500,0.02325
fixed_memory,11600,0.0231
fixed_memory,11700,0.0227
fixed_memory,11800,0.0223
fixed_memory,11900,0.02215
fixed_memory,12000,0.02155
fixed_memory,12100,0.02125
fixed_memory,12200,0.0206
fixed_memory,12300,0.0204
fixed_memory,12400,0.02
fixed_memory,12500,0.01995
fixed_memory,12600,0.02
fixed_memory,12700,0.01965
fixed_memory,12800,0.01935
fixed_memory,12900,0.0195
fixed_memory,13000,0.0195
fixed_memory,13100,0.01915
fixed_memory,13200,0.01945
fixed_memory,13300,0.0194
fixed_memory,13400,0.01995
fixed_memory,13500,0.02015
fixed_memory,13600,0.02005
fixed_memory,13700,0.01985
fixed_memory,13800,0.0199
fixed_memory,13900,0.0197
fixed_memory,14000,0.02005
fixed_memory,14100,0.02015
fixed_memory,14200,0.0205
fixed_memory,14300,0.02095
fixed_memory,14400,0.02085
fixed_memory,14500,0.0206
fixed_memory,14600,0.02035
fixed_memory,14700,0.0204
fixed_memory,14800,0.0201
fixed_memory,14900,0.02025
fixed_memory,15000,0.0198
fixed_memory,15100,0.0197
fixed_memory,15200,0.01975
fixed_memory,15300,0.0199
fixed_memory,15400,0.0196
fixed_memory,15500,0.01975
fixed_memory,15600,0.01945
fixed_memory,15700,0.01965
fixed_memory,15800,0.01975
fixed_memory,15900,0.01955
fixed_memory,16000,0.0194
fixed_memory,16100,0.01895
fixed_memory,16200,0.01885
fixed_memory,16300,0.01905
fixed_memory,16400,0.0193
fixed_memory,16500,0.0193
fixed_memory,16600,0.01965
fixed_memory,16700,0.01985
fixed_memory,16800,0.01985
fixed_memory,16900,0.01965
fixed_memory,17000,0.0198
fixed_memory,17100,0.02015
fixed_memory,17200,0.01965
fixed_memory,17300,0.01915
fixed_memory,17400,0.0192
fixed_memory,17500,0.0191
fixed_memory,17600,0.0189
fixed_memory,17700,0.0191
fixed_memory,17800,0.01895
fixed_memory,17900,0.01875
fixed_memory,18000,0.0192
fixed_memory,18100,0.019
fixed_memory,18200,0.01925
fixed_memory,18300,0.01905
fixed_memory,18400,0.0194
fixed_memory,18500,0.0192
fixed_memory,18600,0.0197
fixed_memory,18700,0.0198
fixed_memory,18800,0.02005
fixed_memory,18900,0.02005
fixed_memory,19000,0.0202
fixed_memory,19100,0.0202
fixed_memory,19200,0.0202
fixed_memory,19300,0.02
fixed_memory,19400,0.02055
fixed_memory,19500,0.0206
fixed_memory,19600,0.02085
fixed_memory,19700,0.0208
fixed_memory,19800,0.02095
fixed_memory,19900,0.021
fixed_memory,20000,0.02095
fixed_memory,20100,0.0205
fixed_memory,20200,0.02
fixed_memory,20300,0.0197
fixed_memory,20400,0.0196
fixed_memory,20500,0.01975
fixed_memory,20600,0.02015
fixed_memory,20700,0.01995
fixed_memory,20800,0.02035
fixed_memory,20900,0.02055
fixed_memory,21000,0.02025
fixed_memory,21100,0.0204
fixed_memory,21200,0.0204
fixed_memory,21300,0.02055
fixed_memory,21400,0.0206
fixed_memory,21500,0.02075
fixed_memory,21600,0.02105
fixed_memory,21700,0.02105
fixed_memory,21800,0.0211
fixed_memory,21900,0.02125
fixed_memory,22000,0.02145
fixed_memory,22100,0.0215
fixed_memory,22200,0.0216
fixed_memory,22300,0.0218
fixed_memory,22400,0.02195
fixed_memory,22500,0.02195
fixed_memory,22600,0.0222
fixed_memory,22700,0.0227
fixed_memory,22800,0.0226
fixed_memory,22900,0.0224
fixed_memory,23000,0.02275
fixed_memory,23100,0.0229
fixed_memory,23200,0.0231
fixed_memory,23300,0.02325
fixed_memory,23400,0.0233
fixed_memory,23500,0.0233
fixed_memory,23600,0.02405
fixed_memory,23700,0.02355
fixed_memory,23800,0.0235
fixed_memory,23900,0.02365
fixed_memory,24000,0.0238
fixed_memory,24100,0.0239
fixed_memory,24200,0.02395
fixed_memory,24300,0.0242
fixed_memory,24400,0.02415
fixed_memory,24500,0.0242
fixed_memory,24600,0.0244
fixed_memory,24700,0.0249
fixed_memory,24800,0.02495
fixed_memory,24900,0.02535
fixed_memory,24999,0.0252
no_propagation,0,0.2237
no_propagation,100,0.21985
no_propagation,200,0.2153
no_propagation,300,0.21115
no_propagation,400,0.20685
no_propagation,500,0.20265
no_propagation,600,0.19805
no_propagation,700,0.19335
no_propagation,800,0.1897
no_propagation,900,0.1852
no_propagation,1000,0.18135
no_propagation,1100,0.1784
no_propagation,1200,0.17485
no_propagation,1300,0.17105
no_propagation,1400,0.1663
no_propagation,1500,0.1629
no_propagation,1600,0.1588
no_propagation,1700,0.1544
no_propagation,1800,0.15055
no_propagation,1900,0.1465
no_propagation,2000,0.1423
no_propagation,2100,0.13895
no_propagation,2200,0.135
no_propagation,2300,0.1308
no_propagation,2400,0.12705
no_propagation,2500,0.1234
no_propagation,2600,0.1205
no_propagation,2700,0.11685
no_propagation,2800,0.1133
no_propagation,2900,0.1098
no_propagation,3000,0.1064
no_propagation,3100,0.10285
no_propagation,3200,0.1005
no_propagation,3300,0.0972
no_propagation,3400,0.09495
no_propagation,3500,0.09275
no_propagation,3600,0.0891
no_propagation,3700,0.0863
no_propagation,3800,0.08395
no_propagation,3900,0.08155
no_propagation,4000,0.07845
no_propagation,4100,0.07635
no_propagation,4200,0.0742
no_propagation,4300,0.072
no_propagation,4400,0.06925
no_propagation,4500,0.06695
no_propagation,4600,0.06515
no_propagation,4700,0.0628
no_propagation,4800,0.0603
no_propagation,4900,0.0585
no_propagation,5000,0.0572
no_propagation,5100,0.05515
no_propagation,5200,0.05315
no_propagation,5300,0.0511
no_propagation,5400,0.04895
no_propagation,5500,0.04805
no_propagation,5600,0.04615
no_propagation,5700,0.04505
no_propagation,5800,0.044
no_propagation,5900,0.0427
no_propagation,6000,0.0416
no_propagation,6100,0.0401
no_propagation,6200,0.0384
no_propagation,6300,0.03725
no_propagation,6400,0.03635
no_propagation,6500,0.03485
no_propagation,6600,0.03365
no_propagation,6700,0.03315
no_propagation,6800,0.032
no_propagation,6900,0.0312
no_propagation,7000,0.03045
no_propagation,7100,0.0291
no_propagation,7200,0.0285
no_propagation,7300,0.02755
no_propagation,7400,0.0269
no_propagation,7500,0.0255
no_propagation,7600,0.0251
no_propagation,7700,0.0244
no_propagation,7800,0.0235
no_propagation,7900,0.0226
no_propagation,8000,0.0217
no_propagation,8100,0.02085
no_propagation,8200,0.02035
no_propagation,8300,0.0194
no_propagation,8400,0.01885
no_propagation,8500,0.0187
no_propagation,8600,0.0184
no_propagation,8700,0.0176
no_propagation,8800,0.01765
no_propagation,8900,0.0171
no_propagation,9000,0.01685
no_propagation,9100,0.017
no_propagation,9200,0.0166
no_propagation,9300,0.01595
no_propagation,9400,0.01535
no_propagation,9500,0.01485
no_propagation,9600,0.0143
no_propagation,9700,0.01385
no_propagation,9800,0.01345
no_propagation,9900,0.0128
no_propagation,10000,0.0123
no_propagation,10100,0.0123
no_propagation,10200,0.0116
no_propagation,10300,0.0111
no_propagation,10400,0.0106
no_propagation,10500,0.01025
no_propagation,10600,0.0101
no_propagation,10700,0.00995
no_propagation,10800,0.0099
no_propagation,10900,0.00955
no_propagation,11000,0.00935
no_propagation,11100,0.0095
no_propagation,11200,0.00935
no_propagation,11300,0.0091
no_propagation,11400,0.009
no_propagation,11500,0.0093
no_propagation,11600,0.0092
no_propagation,11700,0.009
no_propagation,11800,0.00895
no_propagation,11900,0.0086
no_propagation,12000,0.00835
no_propagation,12100,0.0083
no_propagation,12200,0.0081
no_propagation,12300,0.008
no_propagation,12400,0.00795
no_propagation,12500,0.008
no_propagation,12600,0.0084
no_propagation,12700,0.0084
no_propagation,12800,0.00825
no_propagation,12900,0.00855
no_propagation,13000,0.0087
no_propagation,13100,0.0087
no_propagation,13200,0.00915
no_propagation,13300,0.0092
no_propagation,13400,0.00965
no_propagation,13500,0.01005
no_propagation,13600,0.00995
no_propagation,13700,0.0099
no_propagation,13800,0.0101
no_propagation,13900,0.01
no_propagation,14000,0.01035
no_propagation,14100,0.01055
no_propagation,14200,0.01095
no_propagation,14300,0.0114
no_propagation,14400,0.0109
no_propagation,14500,0.0108
no_propagation,14600,0.01045
no_propagation,14700,0.01075
no_propagation,14800,0.0108
no_propagation,14900,0.0109
no_propagation,15000,0.0109
no_propagation,15100,0.0114
no_propagation,15200,0.0115
no_propagation,15300,0.01165
no_propagation,15400,0.01135
no_propagation,15500,0.01155
no_propagation,15600,0.01135
no_propagation,15700,0.0113
no_propagation,15800,0.01145
no_propagation,15900,0.0118
no_propagation,16000,0.0118
no_propagation,16100,0.01135
no_propagation,16200,0.01145
no_propagation,16300,0.0116
no_propagation,16400,0.01195
no_propagation,16500,0.0119
no_propagation,16600,0.0123
no_propagation,16700,0.0123
no_propagation,16800,0.0124
no_propagation,16900,0.0123
no_propagation,17000,0.0128
no_propagation,17100,0.0132
no_propagation,17200,0.01275
no_propagation,17300,0.0126
no_propagation,17400,0.01255
no_propagation,17500,0.01255
no_propagation,17600,0.01245
no_propagation,17700,0.01245
no_propagation,17800,0.0123
no_propagation,17900,0.01215
no_propagation,18000,0.01265
no_propagation,18100,0.01255
no_propagation,18200,0.01305
no_propagation,18300,0.013
no_propagation,18400,0.01335
no_propagation,18500,0.01285
no_propagation,18600,0.0134
no_propagation,18700,0.0136
no_propagation,18800,0.0135
no_propagation,18900,0.01345
no_propagation,19000,0.01345
no_propagation,19100,0.01335
no_propagation,19200,0.01335
no_propagation,19300,0.01305
no_propagation,19400,0.01355
no_propagation,19500,0.0136
no_propagation,19600,0.01375
no_propagation,19700,0.0138
no_propagation,19800,0.0138
no_propagation,19900,0.014
no_propagation,20000,0.0141
no_propagation,20100,0.01385
no_propagation,20200,0.01365
no_propagation,20300,0.01325
no_propagation,20400,0.01335
no_propagation,20500,0.01375
no_propagation,20600,0.0139
no_propagation,20700,0.01385
no_propagation,20800,0.01435
no_propagation,20900,0.0146
no_propagation,21000,0.0143
no_propagation,21100,0.01435
no_propagation,21200,0.01425
no_propagation,21300,0.0143
no_propagation,21400,0.0146
no_propagation,21500,0.0145
no_propagation,21600,0.01475
no_propagation,21700,0.0149
no_propagation,21800,0.0146
no_propagation,21900,0.01495
no_propagation,22000,0.01505
no_propagation,22100,0.0149
no_propagation,22200,0.01535
no_propagation,22300,0.0156
no_propagation,22400,0.01585
no_propagation,22500,0.01585
no_propagation,22600,0.0163
no_propagation,22700,0.0168
no_propagation,22800,0.0165
no_propagation,22900,0.0164
no_propagation,23000,0.0164
no_propagation,23100,0.0167
no_propagation,23200,0.01665
no_propagation,23300,0.01675
no_propagation,23400,0.0167
no_propagation,23500,0.01655
no_propagation,23600,0.01725
no_propagation,23700,0.01685
no_propagation,23800,0.0165
no_propagation,23900,0.01675
no_propagation,24000,0.0168
no_propagation,24100,0.0169
no_propagation,24200,0.0167
no_propagation,24300,0.0168
no_propagation,24400,0.0169
no_propagation,24500,0.01675
no_propagation,24600,0.0171
no_propagation,24700,0.0175
no_propagation,24800,0.01745
no_propagation,24900,0.0175
no_propagation,24999,0.0174
random,0,0.2237
random,100,0.22045
random,200,0.2183
random,300,0.21505
random,400,0.2109
random,500,0.20705
random,600,0.20385
random,700,0.19995
random,800,0.1968
random,900,0.1933
random,1000,0.1913
random,1100,0.18935
random,1200,0.1864
random,1300,0.18505
random,1400,0.1822
random,1500,0.18055
random,1600,0.17855
random,1700,0.17605
random,1800,0.173
random,1900,0.16975
random,2000,0.16795
random,2100,0.16475
random,2200,0.16255
random,2300,0.1603
random,2400,0.1581
random,2500,0.15585
random,2600,0.15495
random,2700,0.1534
random,2800,0.1514
random,2900,0.1503
random,3000,0.14835
random,3100,0.14605
random,3200,0.1438
random,3300,0.14125
random,3400,0.1398
random,3500,0.137
random,3600,0.13565
random,3700,0.13435
random,3800,0.1331
random,3900,0.13155
random,4000,0.13065
random,4100,0.12965
random,4200,0.1287
random,4300,0.12725
random,4400,0.1261
random,4500,0.12505
random,4600,0.12355
random,4700,0.12225
random,4800,0.1215
random,4900,0.12025
random,5000,0.1196
random,5100,0.1174
random,5200,0.1164
random,5300,0.11575
random,5400,0.11445
random,5500,0.1135
random,5600,0.112
random,5700,0.11155
random,5800,0.1102
random,5900,0.10835
random,6000,0.1069
random,6100,0.10495
random,6200,0.10405
random,6300,0.10365
random,6400,0.1022
random,6500,0.10085
random,6600,0.10005
random,6700,0.0993
random,6800,0.09835
random,6900,0.09805
random,7000,0.09775
random,7100,0.097
random,7200,0.0972
random,7300,0.0965
random,7400,0.096
random,7500,0.0946
random,7600,0.0938
random,7700,0.09285
random,7800,0.0926
random,7900,0.0917
random,8000,0.0903
random,8100,0.0888
random,8200,0.08785
random,8300,0.08705
random,8400,0.0865
random,8500,0.08635
random,8600,0.0855
random,8700,0.0849
random,8800,0.08495
random,8900,0.08405
random,9000,0.08385
random,9100,0.08365
random,9200,0.08355
random,9300,0.08285
random,9400,0.08275
random,9500,0.082
random,9600,0.0818
random,9700,0.08155
random,9800,0.0812
random,9900,0.0801
random,10000,0.0795
random,10100,0.0792
random,10200,0.0786
random,10300,0.0783
random,10400,0.0775
random,10500,0.07665
random,10600,0.07665
random,10700,0.07505
random,10800,0.07565
random,10900,0.07565
random,11000,0.07555
random,11100,0.0755
random,11200,0.07515
random,11300,0.0745
random,11400,0.07435
random,11500,0.07455
random,11600,0.0745
random,11700,0.0746
random,11800,0.0744
random,11900,0.0746
random,12000,0.07375
random,12100,0.07315
random,12200,0.0725
random,12300,0.0725
random,12400,0.07195
random,12500,0.07215
random,12600,0.07285
random,12700,0.0738
random,12800,0.0744
random,12900,0.0743
random,13000,0.07515
random,13100,0.07575
random,13200,0.0767
random,13300,0.0777
random,13400,0.0783
random,13500,0.07855
random,13600,0.07965
random,13700,0.07955
random,13800,0.0805
random,13900,0.0813
random,14000,0.0822
random,14100,0.0829
random,14200,0.0838
random,14300,0.08465
random,14400,0.0855
random,14500,0.0855
random,14600,0.08555
random,14700,0.0866
random,14800,0.0873
random,14900,0.0881
random,15000,0.08805
random,15100,0.0885
random,15200,0.0893
random,15300,0.08985
random,15400,0.0903
random,15500,0.09055
random,15600,0.09145
random,15700,0.0921
random,15800,0.0931
random,15900,0.09375
random,16000,0.0946
random,16100,0.0943
random,16200,0.0947
random,16300,0.0956
random,16400,0.09585
random,16500,0.0967
random,16600,0.097
random,16700,0.09715
random,16800,0.09725
random,16900,0.09795
random,17000,0.0994
random,17100,0.09995
random,17200,0.0996
random,17300,0.09895
random,17400,0.0999
random,17500,0.1004
random,17600,0.1009
random,17700,0.10115
random,17800,0.10205
random,17900,0.1022
random,18000,0.1024
random,18100,0.10355
random,18200,0.1041
random,18300,0.10375
random,18400,0.1041
random,18500,0.1046
random,18600,0.10535
random,18700,0.1064
random,18800,0.10565
random,18900,0.1057
random,19000,0.1055
random,19100,0.1053
random,19200,0.10525
random,19300,0.1048
random,19400,0.1054
random,19500,0.10525
random,19600,0.10535
random,19700,0.105
random,19800,0.1055
random,19900,0.1056
random,20000,0.10605
random,20100,0.1058
random,20200,0.10555
random,20300,0.1057
random,20400,0.1056
random,20500,0.10615
random,20600,0.10605
random,20700,0.10535
random,20800,0.10565
random,20900,0.1053
random,21000,0.10605
random,21100,0.10625
random,21200,0.10665
random,21300,0.10605
random,21400,0.1065
random,21500,0.1056
random,21600,0.10625
random,21700,0.1062
random,21800,0.10595
random,21900,0.1062
random,22000,0.1068
random,22100,0.10675
random,22200,0.1071
random,22300,0.10845
random,22400,0.10855
random,22500,0.1088
random,22600,0.1095
random,22700,0.11
random,22800,0.10985
random,22900,0.1094
random,23000,0.10995
random,23100,0.10965
random,23200,0.1103
random,23300,0.10965
random,23400,0.1103
random,23500,0.10965
random,23600,0.10965
random,23700,0.10975
random,23800,0.1104
random,23900,0.1107
random,24000,0.11105
random,24100,0.11125
random,24200,0.1109
random,24300,0.11105
random,24400,0.1118
random,24500,0.1121
random,24600,0.1119
random,24700,0.11165
random,24800,0.11195
random,24900,0.1113
random,24999,0.11145
oracle,0,0.2236
oracle,100,0.20675
oracle,200,0.1906
oracle,300,0.17515
oracle,400,0.15965
oracle,500,0.1459
oracle,600,0.13335
oracle,700,0.1209
oracle,800,0.1104
oracle,900,0.09985
oracle,1000,0.09035
oracle,1100,0.0814
oracle,1200,0.0732
oracle,1300,0.0654
oracle,1400,0.05845
oracle,1500,0.0518
oracle,1600,0.0459
oracle,1700,0.0401
oracle,1800,0.0345
oracle,1900,0.0301
oracle,2000,0.02565
oracle,2100,0.0213
oracle,2200,0.0182
oracle,2300,0.0147
oracle,2400,0.0117
oracle,2500,0.00935
oracle,2600,0.0078
oracle,2700,0.00615
oracle,2800,0.00495
oracle,2900,0.00345
oracle,3000,0.0027
oracle,3100,0.00195
oracle,3200,0.00155
oracle,3300,0.0011
oracle,3400,0.0008
oracle,3500,0.00065
oracle,3600,0.00035
oracle,3700,0.0002
oracle,3800,0.00025
oracle,3900,0.00015
oracle,4000,0.00025
oracle,4100,0.00025
oracle,4200,0.00025
oracle,4300,0.0001
oracle,4400,5e-05
oracle,4500,0.0001
oracle,4600,0.0001
oracle,4700,5e-05
oracle,4800,0.0
oracle,4900,0.0
oracle,5000,0.0
oracle,5100,5e-05
oracle,5200,5e-05
oracle,5300,5e-05
oracle,5400,5e-05
oracle,5500,0.0001
oracle,5600,0.0001
oracle,5700,0.0001
oracle,5800,0.0001
oracle,5900,5e-05
oracle,6000,0.0
oracle,6100,0.0
oracle,6200,0.0001
oracle,6300,0.0001
oracle,6400,0.00015
oracle,6500,0.0001
oracle,6600,0.00015
oracle,6700,0.0002
oracle,6800,0.00025
oracle,6900,0.0002
oracle,7000,0.0003
oracle,7100,0.00025
oracle,7200,0.00035
oracle,7300,0.00035
oracle,7400,0.0004
oracle,7500,0.00035
oracle,7600,0.00035
oracle,7700,0.00025
oracle,7800,0.0002
oracle,7900,0.00015
oracle,8000,0.0001
oracle,8100,0.0001
oracle,8200,0.00015
oracle,8300,0.0001
oracle,8400,0.00015
oracle,8500,0.0001
oracle,8600,5e-05
oracle,8700,5e-05
oracle,8800,0.0002
oracle,8900,0.00015
oracle,9000,0.00025
oracle,9100,0.00035
oracle,9200,0.00025
oracle,9300,0.00025
oracle,9400,0.00025
oracle,9500,0.0002
oracle,9600,0.0001
oracle,9700,0.00015
oracle,9800,0.00015
oracle,9900,0.00015
oracle,10000,0.00015
oracle,10100,0.0001
oracle,10200,0.00015
oracle,10300,0.00015
oracle,10400,5e-05
oracle,10500,0.0001
oracle,10600,0.0002
oracle,10700,0.0001
oracle,10800,0.0
oracle,10900,0.0001
oracle,11000,0.0001
oracle,11100,5e-05
oracle,11200,0.0001
oracle,11300,0.0001
oracle,11400,0.0001
oracle,11500,0.0001
oracle,11600,0.0001
oracle,11700,0.00015
oracle,11800,0.0001
oracle,11900,0.00015
oracle,12000,0.00015
oracle,12100,0.0001
oracle,12200,0.0001
oracle,12300,0.0001
oracle,12400,5e-05
oracle,12500,0.0
oracle,12600,0.00015
oracle,12700,0.00015
oracle,12800,0.00025
oracle,12900,0.0002
oracle,13000,0.0003
oracle,13100,0.00025
oracle,13200,0.0005
oracle,13300,0.00055
oracle,13400,0.0007
oracle,13500,0.00065
oracle,13600,0.0005
oracle,13700,0.00045
oracle,13800,0.00045
oracle,13900,0.0004
oracle,14000,0.0006
oracle,14100,0.00045
oracle,14200,0.00065
oracle,14300,0.00075
oracle,14400,0.00075
oracle,14500,0.00065
oracle,14600,0.00075
oracle,14700,0.0009
oracle,14800,0.0008
oracle,14900,0.0009
oracle,15000,0.00075
oracle,15100,0.00085
oracle,15200,0.0006
oracle,15300,0.00055
oracle,15400,0.00055
oracle,15500,0.0007
oracle,15600,0.0007
oracle,15700,0.00075
oracle,15800,0.00085
oracle,15900,0.00075
oracle,16000,0.0007
oracle,16100,0.00035
oracle,16200,0.00035
oracle,16300,0.00045
oracle,16400,0.0005
oracle,16500,0.0006
oracle,16600,0.0007
oracle,16700,0.00055
oracle,16800,0.0004
oracle,16900,0.0005
oracle,17000,0.00075
oracle,17100,0.0008
oracle,17200,0.0006
oracle,17300,0.00055
oracle,17400,0.00035
oracle,17500,0.00035
oracle,17600,0.00035
oracle,17700,0.00035
oracle,17800,0.0005
oracle,17900,0.0005
oracle,18000,0.00055
oracle,18100,0.00055
oracle,18200,0.00075
oracle,18300,0.00075
oracle,18400,0.00095
oracle,18500,0.00065
oracle,18600,0.00055
oracle,18700,0.0006
oracle,18800,0.0007
oracle,18900,0.0006
oracle,19000,0.00045
oracle,19100,0.0005
oracle,19200,0.0005
oracle,19300,0.00035
oracle,19400,0.00065
oracle,19500,0.00045
oracle,19600,0.00045
oracle,19700,0.00045
oracle,19800,0.0004
oracle,19900,0.0003
oracle,20000,0.0003
oracle,20100,0.0004
oracle,20200,0.0004
oracle,20300,0.0003
oracle,20400,0.00035
oracle,20500,0.0004
oracle,20600,0.00055
oracle,20700,0.00055
oracle,20800,0.0006
oracle,20900,0.0007
oracle,21000,0.0006
oracle,21100,0.00065
oracle,21200,0.0005
oracle,21300,0.0004
oracle,21400,0.00055
oracle,21500,0.0005
oracle,21600,0.00055
oracle,21700,0.0006
oracle,21800,0.00065
oracle,21900,0.0007
oracle,22000,0.00065
oracle,22100,0.0005
oracle,22200,0.00045
oracle,22300,0.00055
oracle,22400,0.00065
oracle,22500,0.00085
oracle,22600,0.0008
oracle,22700,0.00105
oracle,22800,0.00085
oracle,22900,0.0007
oracle,23000,0.0007
oracle,23100,0.00085
oracle,23200,0.001
oracle,23300,0.0009
oracle,23400,0.00075
oracle,23500,0.0008
oracle,23600,0.00095
oracle,23700,0.0007
oracle,23800,0.0006
oracle,23900,0.0007
oracle,24000,0.00065
oracle,24100,0.00065
oracle,24200,0.0007
oracle,24300,0.00085
oracle,24400,0.00085
oracle,24500,0.0009
oracle,24600,0.00095
oracle,24700,0.0009
oracle,24800,0.00095
oracle,24900,0.0008
oracle,24999,0.0008
no_control,0,0.2238
no_control,100,0.2251
no_control,200,0.2261
no_control,300,0.2272
no_control,400,0.2277
no_control,500,0.22845
no_control,600,0.22925
no_control,700,0.2302
no_control,800,0.2316
no_control,900,0.23245
no_control,1000,0.23385
no_control,1100,0.235
no_control,1200,0.23635
no_control,1300,0.2378
no_control,1400,0.2387
no_control,1500,0.23975
no_control,1600,0.24125
no_control,1700,0.24155
no_control,1800,0.2419
no_control,1900,0.2426
no_control,2000,0.2433
no_control,2100,0.24335
no_control,2200,0.24445
no_control,2300,0.24505
no_control,2400,0.24585
no_control,2500,0.24715
no_control,2600,0.2481
no_control,2700,0.2496
no_control,2800,0.25015
no_control,2900,0.2512
no_control,3000,0.2517
no_control,3100,0.2524
no_control,3200,0.25325
no_control,3300,0.2537
no_control,3400,0.2543
no_control,3500,0.25475
no_control,3600,0.256
no_control,3700,0.2567
no_control,3800,0.25685
no_control,3900,0.2572
no_control,4000,0.25835
no_control,4100,0.2596
no_control,4200,0.26055
no_control,4300,0.26145
no_control,4400,0.26205
no_control,4500,0.2631
no_control,4600,0.2639
no_control,4700,0.26515
no_control,4800,0.2655
no_control,4900,0.26645
no_control,5000,0.26795
no_control,5100,0.26815
no_control,5200,0.2693
no_control,5300,0.27025
no_control,5400,0.2713
no_control,5500,0.2722
no_control,5600,0.27345
no_control,5700,0.27475
no_control,5800,0.2755
no_control,5900,0.2761
no_control,6000,0.27695
no_control,6100,0.27755
no_control,6200,0.2783
no_control,6300,0.27955
no_control,6400,0.2805
no_control,6500,0.28105
no_control,6600,0.28225
no_control,6700,0.28305
no_control,6800,0.2835
no_control,6900,0.2843
no_control,7000,0.2853
no_control,7100,0.28565
no_control,7200,0.28705
no_control,7300,0.2883
no_control,7400,0.28965
no_control,7500,0.29015
no_control,7600,0.2917
no_control,7700,0.29275
no_control,7800,0.29395
no_control,7900,0.29465
no_control,8000,0.2949
no_control,8100,0.29545
no_control,8200,0.2968
no_control,8300,0.29745
no_control,8400,0.2981
no_control,8500,0.29945
no_control,8600,0.3001
no_control,8700,0.30055
no_control,8800,0.30175
no_control,8900,0.3023
no_control,9000,0.30275
no_control,9100,0.30375
no_control,9200,0.30495
no_control,9300,0.30585
no_control,9400,0.30675
no_control,9500,0.30685
no_control,9600,0.3074
no_control,9700,0.3084
no_control,9800,0.30935
no_control,9900,0.30985
no_control,10000,0.3106
no_control,10100,0.3121
no_control,10200,0.3129
no_control,10300,0.31375
no_control,10400,0.31415
no_control,10500,0.31565
no_control,10600,0.31665
no_control,10700,0.31705
no_control,10800,0.3181
no_control,10900,0.3195
no_control,11000,0.3204
no_control,11100,0.32145
no_control,11200,0.32245
no_control,11300,0.32295
no_control,11400,0.32365
no_control,11500,0.32475
no_control,11600,0.3254
no_control,11700,0.32625
no_control,11800,0.327
no_control,11900,0.3276
no_control,12000,0.3283
no_control,12100,0.32915
no_control,12200,0.3291
no_control,12300,0.3296
no_control,12400,0.3302
no_control,12500,0.3314
no_control,12600,0.3339
no_control,12700,0.3353
no_control,12800,0.33785
no_control,12900,0.34
no_control,13000,0.3414
no_control,13100,0.3436
no_control,13200,0.34585
no_control,13300,0.3482
no_control,13400,0.3501
no_control,13500,0.35225
no_control,13600,0.35485
no_control,13700,0.35695
no_control,13800,0.3597
no_control,13900,0.3616
no_control,14000,0.3638
no_control,14100,0.36635
no_control,14200,0.36865
no_control,14300,0.3711
no_control,14400,0.37375
no_control,14500,0.37495
no_control,14600,0.3765
no_control,14700,0.3794
no_control,14800,0.3818
no_control,14900,0.3848
no_control,15000,0.3867
no_control,15100,0.38845
no_control,15200,0.3916
no_control,15300,0.39375
no_control,15400,0.3955
no_control,15500,0.39765
no_control,15600,0.4005
no_control,15700,0.4029
no_control,15800,0.40505
no_control,15900,0.40645
no_control,16000,0.4091
no_control,16100,0.41085
no_control,16200,0.41325
no_control,16300,0.4152
no_control,16400,0.41775
no_control,16500,0.4193
no_control,16600,0.4219
no_control,16700,0.42345
no_control,16800,0.42575
no_control,16900,0.4276
no_control,17000,0.43
no_control,17100,0.432
no_control,17200,0.4335
no_control,17300,0.4358
no_control,17400,0.43825
no_control,17500,0.43975
no_control,17600,0.44145
no_control,17700,0.44365
no_control,17800,0.4462
no_control,17900,0.4484
no_control,18000,0.4505
no_control,18100,0.4524
no_control,18200,0.45535
no_control,18300,0.4574
no_control,18400,0.4602
no_control,18500,0.462
no_control,18600,0.4647
no_control,18700,0.4668
no_control,18800,0.46865
no_control,18900,0.47045
no_control,19000,0.47285
no_control,19100,0.4747
no_control,19200,0.4764
no_control,19300,0.47755
no_control,19400,0.4797
no_control,19500,0.4818
no_control,19600,0.4837
no_control,19700,0.48535
no_control,19800,0.48795
no_control,19900,0.4892
no_control,20000,0.4912
no_control,20100,0.49285
no_control,20200,0.49435
no_control,20300,0.4971
no_control,20400,0.49925
no_control,20500,0.5013
no_control,20600,0.50305
no_control,20700,0.50455
no_control,20800,0.50605
no_control,20900,0.50775
no_control,21000,0.51015
no_control,21100,0.5122
no_control,21200,0.5144
no_control,21300,0.5161
no_control,21400,0.5182
no_control,21500,0.51965
no_control,21600,0.52145
no_control,21700,0.5234
no_control,21800,0.52465
no_control,21900,0.52595
no_control,22000,0.52755
no_control,22100,0.5287
no_control,22200,0.53025
no_control,22300,0.53195
no_control,22400,0.5339
no_control,22500,0.5359
no_control,22600,0.5377
no_control,22700,0.53945
no_control,22800,0.54085
no_control,22900,0.5421
no_control,23000,0.54425
no_control,23100,0.54595
no_control,23200,0.5482
no_control,23300,0.5496
no_control,23400,0.5523
no_control,23500,0.5543
no_control,23600,0.55635
no_control,23700,0.5589
no_control,23800,0.56055
no_control,23900,0.56255
no_control,24000,0.56385
no_control,24100,0.566
no_control,24200,0.56775
no_control,24300,0.5689
no_control,24400,0.57125
no_control,24500,0.57305
no_control,24600,0.5748
no_control,24700,0.57635
no_control,24800,0.57765
no_control,24900,0.57975
no_control,24999,0.58135
