variant,event,actions_per_event
full,0,1.0
full,100,0.6831683168316832
full,200,0.6865671641791045
full,300,0.7043189368770764
full,400,0.7206982543640897
full,500,0.7764471057884231
full,600,0.7753743760399334
full,700,0.7788873038516405
full,800,0.818976279650437
full,900,0.8357380688124306
full,1000,0.8541458541458542
full,1100,0.860127157129882
full,1200,0.8776019983347211
full,1300,0.8816295157571099
full,1400,0.9022127052105638
full,1500,0.9067288474350433
full,1600,0.9106808244846971
full,1700,0.9129923574368018
full,1800,0.9133814547473625
full,1900,0.9174118884797475
full,2000,0.9245377311344328
full,2100,0.9214659685863874
full,2200,0.9227623807360291
full,2300,0.9200347674923947
full,2400,0.9216992919616827
full,2500,0.9264294282287086
full,2600,0.9238754325259516
full,2700,0.9263235838578304
full,2800,0.9310960371295965
full,2900,0.932092381937263
full,3000,0.9343552149283573
full,3100,0.9309900032247662
full,3200,0.9290846610434239
full,3300,0.9227506816116329
full,3400,0.9191414289914731
full,3500,0.9183090545558412
full,3600,0.919466814773674
full,3700,0.9184004323155904
full,3800,0.9139700078926598
full,3900,0.909254037426301
full,4000,0.9070232441889527
full,4100,0.9005120702267739
full,4200,0.895263032611283
full,4300,0.8928156242734248
full,4400,0.8902522154055896
full,4500,0.8878027105087758
full,4600,0.8841556183438383
full,4700,0.8800255264837269
full,4800,0.8794001249739638
full,4900,0.8747194450112222
full,5000,0.8694261147770446
full,5100,0.8678690452852382
full,5200,0.8659873101326668
full,5300,0.8617242029805697
full,5400,0.8616922792075542
full,5500,0.8605708053081258
full,5600,0.8577039814318872
full,5700,0.8551131380459569
full,5800,0.8536459231167041
full,5900,0.8503643450262668
full,6000,0.8480253291118147
full,6100,0.8459268972299623
full,6200,0.844541203031769
full,6300,0.8428820822091732
full,6400,0.8401812216841119
full,6500,0.8392554991539763
full,6600,0.8376003635812755
full,6700,0.8330099985076854
full,6800,0.8310542567269519
full,6900,0.8300246341109984
full,7000,0.82916726181974
full,7100,0.826362484157161
full,7200,0.8236356061658103
full,7300,0.8189289138474182
full,7400,0.8159708147547629
full,7500,0.8142914278096254
full,7600,0.8118668596237337
full,7700,0.8085962861965978
full,7800,0.8061786950390976
full,7900,0.8043285660043032
full,8000,0.8018997625296838
full,8100,0.7987902728058265
full,8200,0.7964882331422998
full,8300,0.7941211902180461
full,8400,0.7918104987501488
full,8500,0.7903776026349841
full,8600,0.7895593535635391
full,8700,0.7877255487874957
full,8800,0.7862742870128394
full,8900,0.7832827772160431
full,9000,0.7805799355627152
full,9100,0.7785957587078343
full,9200,0.7783936528638191
full,9300,0.7773357703472745
full,9400,0.7760876502499734
full,9500,0.7747605515208925
full,9600,0.7724195396312884
full,9700,0.7703329553654262
full,9800,0.768595041322314
full,9900,0.7675992324007676
full,10000,0.766023397660234
full,10100,0.7643797643797644
full,10200,0.7627683560435251
full,10300,0.7601203766624599
full,10400,0.7572348812614171
full,10500,0.7560232358822969
full,10600,0.7545514574096783
full,10700,0.7527333894028595
full,10800,0.751597074344968
full,10900,0.7514906889276213
full,11000,0.7511135351331697
full,11100,0.7491217007476804
full,11200,0.7483260423176502
full,11300,0.7472790018582426
full,11400,0.7448469432505921
full,11500,0.743674463090166
full,11600,0.7422635979656926
full,11700,0.7411332364755149
full,11800,0.7391746462164224
full,11900,0.738425342408201
full,12000,0.7368552620614949
full,12100,0.7350632179158747
full,12200,0.7325629046799442
full,12300,0.7304284204536217
full,12400,0.7294573018304975
full,12500,0.7279417646588273
full,12600,0.727243869534164
full,12700,0.726320762144713
full,12800,0.7263495039450043
full,12900,0.7257576932020774
full,13000,0.7255595723405892
full,13100,0.7249064956873521
full,13200,0.7250965835921521
full,13300,0.7246823547101722
full,13400,0.7244981717782255
full,13500,0.7248351973927857
full,13600,0.7242849790456584
full,13700,0.7238887672432669
full,13800,0.7234982972248388
full,13900,0.7236889432414935
full,14000,0.7241625598171559
full,14100,0.7233529536912275
full,14200,0.7240335187662841
full,14300,0.724564715754143
full,14400,0.7247413374071245
full,14500,0.7247086407833943
full,14600,0.7244709266488597
full,14700,0.7250527175022108
full,14800,0.7253563948381866
full,14900,0.7254546674719817
full,15000,0.7252849810012666
full,15100,0.7243891133037548
full,15200,0.7248207354779291
full,15300,0.7240049669956212
full,15400,0.7243685474969158
full,15500,0.7245984130056126
full,15600,0.7245689378885969
full,15700,0.7244124578052353
full,15800,0.7245111068919688
full,15900,0.7241682913024338
full,16000,0.7242672332979189
full,16100,0.7240544065585989
full,16200,0.7247700759212394
full,16300,0.7249248512361205
full,16400,0.725138711054204
full,16500,0.7246833525240894
full,16600,0.7241732425757484
full,16700,0.7242081312496258
full,16800,0.7244806856734718
full,16900,0.7240991657298385
full,17000,0.7246044350332334
full,17100,0.7249868428746857
full,17200,0.7254229405267135
full,17300,0.7255649962429918
full,17400,0.7259352910752256
full,17500,0.726129935432261
full,17600,0.7260951082324868
full,17700,0.7265126264052878
full,17800,0.7259704510982529
full,17900,0.7261046868890007
full,18000,0.726404088661741
full,18100,0.7264239544776532
full,18200,0.7262787758914345
full,18300,0.7269001693896509
full,18400,0.7265909461442313
full,18500,0.7257986054807848
full,18600,0.7258749529595183
full,18700,0.7257900647024224
full,18800,0.7250146268815488
full,18900,0.7247764668536056
full,19000,0.7246460712594074
full,19100,0.7248835139521491
full,19200,0.7251705640331233
full,19300,0.7245738562768769
full,19400,0.7242410185042009
full,19500,0.7245782267576022
full,19600,0.7241467272077955
full,19700,0.7238211258311761
full,19800,0.7235493156911267
full,19900,0.7228279985930355
full,20000,0.7231138443077846
full,20100,0.7223521217849859
full,20200,0.7219939606950151
full,20300,0.7219348800551697
full,20400,0.7219744130189697
full,20500,0.7217208916638213
full,20600,0.7209358768991797
full,20700,0.7209796628182213
full,20800,0.7200615355031008
full,20900,0.7199177072867327
full,21000,0.7201561830389029
full,21100,0.7199184872754846
full,21200,0.7194471958869865
full,21300,0.718651706492653
full,21400,0.7189383673660109
full,21500,0.7181991535277429
full,21600,0.7189944909957873
full,21700,0.719413851896226
full,21800,0.7184991514150727
full,21900,0.7187799643851879
full,22000,0.7183764374346621
full,22100,0.7185195240034388
full,22200,0.7183460204495293
full,22300,0.7182189139500471
full,22400,0.7184947100575867
full,22500,0.7183236300608862
full,22600,0.7180213264899783
full,22700,0.718074093652262
full,22800,0.7187404061225385
full,22900,0.718483908999607
full,23000,0.7181426894482849
full,23100,0.7177178477122202
full,23200,0.7176414809706478
full,23300,0.7170936869662247
full,23400,0.7167642408444084
full,23500,0.7168631122079911
full,23600,0.7169611457141647
full,23700,0.7176912366566811
full,23800,0.7178689971009622
full,23900,0.7176687167900925
full,24000,0.7178034248572976
full,24100,0.7176880627359861
full,24200,0.7177802570141729
full,24300,0.7177482408131353
full,24400,0.7177984508831605
full,24500,0.7174401044855312
full,24600,0.7174098613877484
full,24700,0.7171774422088174
full,24800,0.7171081811217289
full,24900,0.7169189992369784
full,24999,0.71692
fixed_memory,0,2.0
fixed_memory,100,1.00990099009901
fixed_memory,200,0.9800995024875622
fixed_memory,300,0.9867109634551495
fixed_memory,400,0.9625935162094763
fixed_memory,500,0.9720558882235529
fixed_memory,600,0.9633943427620633
fixed_memory,700,0.9700427960057061
fixed_memory,800,0.9725343320848939
fixed_memory,900,0.9711431742508324
fixed_memory,1000,0.972027972027972
fixed_memory,1100,0.9627611262488647
fixed_memory,1200,0.958368026644463
fixed_memory,1300,0.9654112221368178
fixed_memory,1400,0.9785867237687366
fixed_memory,1500,0.9840106595602931
fixed_memory,1600,0.9818863210493441
fixed_memory,1700,0.9711934156378601
fixed_memory,1800,0.9733481399222654
fixed_memory,1900,0.9752761704366123
fixed_memory,2000,0.9730134932533733
fixed_memory,2100,0.9666825321275583
fixed_memory,2200,0.963652885052249
fixed_memory,2300,0.9634941329856584
fixed_memory,2400,0.9554352353186173
fixed_memory,2500,0.9528188724510196
fixed_memory,2600,0.9500192233756247
fixed_memory,2700,0.9492780451684562
fixed_memory,2800,0.9460906818993217
fixed_memory,2900,0.9472595656670114
fixed_memory,3000,0.9490169943352216
fixed_memory,3100,0.9467913576265721
fixed_memory,3200,0.9450171821305842
fixed_memory,3300,0.9424416843380794
fixed_memory,3400,0.9338429873566598
fixed_memory,3500,0.9297343616109683
fixed_memory,3600,0.9294640377672868
fixed_memory,3700,0.92704674412321
fixed_memory,3800,0.9205472244146278
fixed_memory,3900,0.9141245834401436
fixed_memory,4000,0.9122719320169957
fixed_memory,4100,0.9105096317971226
fixed_memory,4200,0.9062128064746489
fixed_memory,4300,0.9046733317833062
fixed_memory,4400,0.9032038173142468
fixed_memory,4500,0.9009109086869584
fixed_memory,4600,0.8982829819604434
fixed_memory,4700,0.8991703892788768
fixed_memory,4800,0.8954384503228494
fixed_memory,4900,0.8920628443174863
fixed_memory,5000,0.8892221555688862
fixed_memory,5100,0.8882572044697118
fixed_memory,5200,0.884637569698135
fixed_memory,5300,0.8822863610639502
fixed_memory,5400,0.8807628216996852
fixed_memory,5500,0.8772950372659516
fixed_memory,5600,0.874486698803785
fixed_memory,5700,0.8698473951938256
fixed_memory,5800,0.8665747284950871
fixed_memory,5900,0.8629045924419589
fixed_memory,6000,0.8606898850191634
fixed_memory,6100,0.857400426159646
fixed_memory,6200,0.8555071762618932
fixed_memory,6300,0.853039200126964
fixed_memory,6400,0.8504921106077176
fixed_memory,6500,0.8498692508844793
fixed_memory,6600,0.847598848659294
fixed_memory,6700,0.8433069691090882
fixed_memory,6800,0.8422290839582415
fixed_memory,6900,0.8390088392986523
fixed_memory,7000,0.8370232823882302
fixed_memory,7100,0.8339670468948035
fixed_memory,7200,0.8325232606582419
fixed_memory,7300,0.8285166415559513
fixed_memory,7400,0.826645047966491
fixed_memory,7500,0.823623516864418
fixed_memory,7600,0.8225233521905012
fixed_memory,7700,0.8205427866510843
fixed_memory,7800,0.8191257531085758
fixed_memory,7900,0.81698519174788
fixed_memory,8000,0.8151481064866891
fixed_memory,8100,0.8129860511048018
fixed_memory,8200,0.8101451042555786
fixed_memory,8300,0.8077340079508493
fixed_memory,8400,0.8056183787644328
fixed_memory,8500,0.8034348900129397
fixed_memory,8600,0.8017672363678642
fixed_memory,8700,0.8000229858636938
fixed_memory,8800,0.7988864901715714
fixed_memory,8900,0.7960903269295585
fixed_memory,9000,0.7943561826463726
fixed_memory,9100,0.7914514888473794
fixed_memory,9200,0.790131507444843
fixed_memory,9300,0.7879797871196645
fixed_memory,9400,0.786618444846293
fixed_memory,9500,0.7857067677086622
fixed_memory,9600,0.785022393500677
fixed_memory,9700,0.783733635707659
fixed_memory,9800,0.7816549331700847
fixed_memory,9900,0.7801232198767801
fixed_memory,10000,0.7782221777822218
fixed_memory,10100,0.7765567765567766
fixed_memory,10200,0.7749240270561709
fixed_memory,10300,0.7738083681196001
fixed_memory,10400,0.7710797038746274
fixed_memory,10500,0.7700219026759356
fixed_memory,10600,0.7674747665314593
fixed_memory,10700,0.765442482011027
fixed_memory,10800,0.7638181649847237
fixed_memory,10900,0.7624071186129713
fixed_memory,11000,0.7617489319152805
fixed_memory,11100,0.7601117016485002
fixed_memory,11200,0.7588608159985716
fixed_memory,11300,0.7574550924696929
fixed_memory,11400,0.7551969125515305
fixed_memory,11500,0.7533257977567168
fixed_memory,11600,0.7515731402465304
fixed_memory,11700,0.7498504401333219
fixed_memory,11800,0.7481569358528938
fixed_memory,11900,0.7470800773044282
fixed_memory,12000,0.7452712273977169
fixed_memory,12100,0.7426658953805471
fixed_memory,12200,0.7410048356692075
fixed_memory,12300,0.7392081944557353
fixed_memory,12400,0.7380856382549794
fixed_memory,12500,0.7366610671146309
fixed_memory,12600,0.736290770573764
fixed_memory,12700,0.735690103141485
fixed_memory,12800,0.7353331770955394
fixed_memory,12900,0.7350592977288583
fixed_memory,13000,0.7347127144065841
fixed_memory,13100,0.7343714220288527
fixed_memory,13200,0.7340353003560336
fixed_memory,13300,0.7336290504473348
fixed_memory,13400,0.7325572718453847
fixed_memory,13500,0.7313532330938449
fixed_memory,13600,0.7313432835820896
fixed_memory,13700,0.7319173782935552
fixed_memory,13800,0.7321208608071879
fixed_memory,13900,0.7322494784547874
fixed_memory,14000,0.7325905292479109
fixed_memory,14100,0.7320048223530246
fixed_memory,14200,0.7322019576086191
fixed_memory,14300,0.732186560380393
fixed_memory,14400,0.7318241788764669
fixed_memory,14500,0.7314667953934212
fixed_memory,14600,0.7312512841586193
fixed_memory,14700,0.7311747500170056
fixed_memory,14800,0.7310992500506722
fixed_memory,14900,0.7310247634386954
fixed_memory,15000,0.7306179588027465
fixed_memory,15100,0.7305476458512681
fixed_memory,15200,0.7302151174264851
fixed_memory,15300,0.7291026730279067
fixed_memory,15400,0.7293032919940263
fixed_memory,15500,0.7291787626604735
fixed_memory,15600,0.7289917312992756
fixed_memory,15700,0.728743392140628
fixed_memory,15800,0.7285614834504145
fixed_memory,15900,0.728256084522986
fixed_memory,16000,0.7281419911255547
fixed_memory,16100,0.7272219116825042
fixed_memory,16200,0.7269921609777175
fixed_memory,16300,0.7263358076191645
fixed_memory,16400,0.7260532894335712
fixed_memory,16500,0.7255317859523666
fixed_memory,16600,0.7249563279320523
fixed_memory,16700,0.7239686246332555
fixed_memory,16800,0.7235283614070591
fixed_memory,16900,0.7231524761848411
fixed_memory,17000,0.7227810128815952
fixed_memory,17100,0.7221799894742997
fixed_memory,17200,0.7217603627696064
fixed_memory,17300,0.7213455869602913
fixed_memory,17400,0.7213953221079248
fixed_memory,17500,0.7208159533740929
fixed_memory,17600,0.7209817623998637
fixed_memory,17700,0.7200158183153494
fixed_memory,17800,0.7197348463569463
fixed_memory,17900,0.7194011507736998
fixed_memory,18000,0.7188489528359535
fixed_memory,18100,0.7187448207281366
fixed_memory,18200,0.7191912532278446
fixed_memory,18300,0.7190317468990766
fixed_memory,18400,0.7180588011521113
fixed_memory,18500,0.7174206799632452
fixed_memory,18600,0.7176495887317886
fixed_memory,18700,0.7177156301802042
fixed_memory,18800,0.7165044412531248
fixed_memory,18900,0.7163642135336755
fixed_memory,19000,0.7162254618177991
fixed_memory,19100,0.7161405162033402
fixed_memory,19200,0.7159002135305453
fixed_memory,19300,0.7154551577638464
fixed_memory,19400,0.7145507963507036
fixed_memory,19500,0.7141685041792729
fixed_memory,19600,0.7135860415284935
fixed_memory,19700,0.712704938835592
fixed_memory,19800,0.7122367557194081
fixed_memory,19900,0.7115722827998593
fixed_memory,20000,0.711614419279036
fixed_memory,20100,0.7117556340480573
fixed_memory,20200,0.7114994307212514
fixed_memory,20300,0.7111964927836067
fixed_memory,20400,0.7107494730650459
fixed_memory,20500,0.7100141456514316
fixed_memory,20600,0.7098199116547741
fixed_memory,20700,0.7090961789285541
fixed_memory,20800,0.7087159271188885
fixed_memory,20900,0.7083871585091622
fixed_memory,21000,0.7077758201990382
fixed_memory,21100,0.7070754940524145
fixed_memory,21200,0.7067591151360785
fixed_memory,21300,0.7064457067743298
fixed_memory,21400,0.706088500537358
fixed_memory,21500,0.7048509371657132
fixed_memory,21600,0.7050599509281977
fixed_memory,21700,0.7051287959080227
fixed_memory,21800,0.7047383147562039
fixed_memory,21900,0.7044427195105246
fixed_memory,22000,0.7040589064133449
fixed_memory,22100,0.7035880729378761
fixed_memory,22200,0.7029413089500473
fixed_memory,22300,0.7025693915071073
fixed_memory,22400,0.7027364849783492
fixed_memory,22500,0.7022798986711701
fixed_memory,22600,0.7022698110703066
fixed_memory,22700,0.702171710497335
fixed_memory,22800,0.7017236086136573
fixed_memory,22900,0.7011484214663115
fixed_memory,23000,0.7010129994348072
fixed_memory,23100,0.7010519025150427
fixed_memory,23200,0.7004870479720702
fixed_memory,23300,0.6995837088536973
fixed_memory,23400,0.6992008888509038
fixed_memory,23500,0.6993744947023531
fixed_memory,23600,0.6985720944027796
fixed_memory,23700,0.6988734652546306
fixed_memory,23800,0.6989202134364102
fixed_memory,23900,0.6987992134220326
fixed_memory,24000,0.6986792216990959
fixed_memory,24100,0.6983942574996889
fixed_memory,24200,0.6981116482789967
fixed_memory,24300,0.6981194189539525
fixed_memory,24400,0.698413999426253
fixed_memory,24500,0.6977674380637525
fixed_memory,24600,0.6972887281004837
fixed_memory,24700,0.6964090522650905
fixed_memory,24800,0.6957380750776179
fixed_memory,24900,0.6949921689891972
fixed_memory,24999,0.6948
no_propagation,0,2.0
no_propagation,100,1.0396039603960396
no_propagation,200,1.0398009950248757
no_propagation,300,1.0365448504983388
no_propagation,400,1.0074812967581048
no_propagation,500,1.0099800399201597
no_propagation,600,1.016638935108153
no_propagation,700,1.0313837375178316
no_propagation,800,1.0362047440699127
no_propagation,900,1.0377358490566038
no_propagation,1000,1.032967032967033
no_propagation,1100,1.025431425976385
no_propagation,1200,1.0208159866777686
no_propagation,1300,1.0284396617986165
no_propagation,1400,1.0421127765881513
no_propagation,1500,1.049966688874084
no_propagation,1600,1.05683947532792
no_propagation,1700,1.052910052910053
no_propagation,1800,1.0521932259855635
no_propagation,1900,1.0520778537611783
no_propagation,2000,1.049975012493753
no_propagation,2100,1.0433127082341742
no_propagation,2200,1.044070876874148
no_propagation,2300,1.045632333767927
no_propagation,2400,1.0412328196584757
no_propagation,2500,1.0419832067173131
no_propagation,2600,1.0392156862745099
no_propagation,2700,1.0403554239170678
no_propagation,2800,1.0339164584077116
no_propagation,2900,1.0372285418821097
no_propagation,3000,1.0393202265911363
no_propagation,3100,1.0380522412125122
no_propagation,3200,1.035613870665417
no_propagation,3300,1.0312026658588307
no_propagation,3400,1.0273448985592473
no_propagation,3500,1.022564981433876
no_propagation,3600,1.0236045542904748
no_propagation,3700,1.0199945960551202
no_propagation,3800,1.0126282557221784
no_propagation,3900,1.0071776467572418
no_propagation,4000,1.0057485628592853
no_propagation,4100,1.0039014874420873
no_propagation,4200,0.9978576529397762
no_propagation,4300,0.9944199023482911
no_propagation,4400,0.9918200408997955
no_propagation,4500,0.9900022217285048
no_propagation,4600,0.9869593566615953
no_propagation,4700,0.9870240374388428
no_propagation,4800,0.9829202249531348
no_propagation,4900,0.9783717608651296
no_propagation,5000,0.9746050789842031
no_propagation,5100,0.9729464810821408
no_propagation,5200,0.969236685252836
no_propagation,5300,0.9669873608753066
no_propagation,5400,0.9657470838733568
no_propagation,5500,0.9623704780948918
no_propagation,5600,0.9600071415818604
no_propagation,5700,0.9559726363795825
no_propagation,5800,0.952766764350974
no_propagation,5900,0.9476359938993391
no_propagation,6000,0.944675887352108
no_propagation,6100,0.941321094902475
no_propagation,6200,0.9382357684244477
no_propagation,6300,0.935089668306618
no_propagation,6400,0.931416966099047
no_propagation,6500,0.9287801876634364
no_propagation,6600,0.9266777760945312
no_propagation,6700,0.9215042530965527
no_propagation,6800,0.9175121305690339
no_propagation,6900,0.9136357049702941
no_propagation,7000,0.9110127124696472
no_propagation,7100,0.9073369947894663
no_propagation,7200,0.9048743230106929
no_propagation,7300,0.9008355019860294
no_propagation,7400,0.8981218754222402
no_propagation,7500,0.8946807092387682
no_propagation,7600,0.8922510196026838
no_propagation,7700,0.8900142838592391
no_propagation,7800,0.887963081656198
no_propagation,7900,0.885584103278066
no_propagation,8000,0.8826396700412449
no_propagation,8100,0.8802616960869029
no_propagation,8200,0.8766004145835874
no_propagation,8300,0.8735092157571377
no_propagation,8400,0.8702535412450899
no_propagation,8500,0.8674273614868839
no_propagation,8600,0.8648994302988025
no_propagation,8700,0.8628893230663142
no_propagation,8800,0.8610385183501875
no_propagation,8900,0.8581058308055275
no_propagation,9000,0.8559048994556161
no_propagation,9100,0.8523239204483024
no_propagation,9200,0.8508857732855124
no_propagation,9300,0.8485109128050747
no_propagation,9400,0.8468248058717158
no_propagation,9500,0.84559520050521
no_propagation,9600,0.8440787417977293
no_propagation,9700,0.8424904649005257
no_propagation,9800,0.8403224160799918
no_propagation,9900,0.8380971619028381
no_propagation,10000,0.8358164183581642
no_propagation,10100,0.8335808335808336
no_propagation,10200,0.8312910498970689
no_propagation,10300,0.8301135812057082
no_propagation,10400,0.8269397173348716
no_propagation,10500,0.8251595086182268
no_propagation,10600,0.8218092632770493
no_propagation,10700,0.8195495748060929
no_propagation,10800,0.8176094806036478
no_propagation,10900,0.8158884506008623
no_propagation,11000,0.8145623125170439
no_propagation,11100,0.8127195748130799
no_propagation,11200,0.8114454066601197
no_propagation,11300,0.8094858862047606
no_propagation,11400,0.806508201034997
no_propagation,11500,0.8042778888792279
no_propagation,11600,0.8024308249288854
no_propagation,11700,0.8001880181181096
no_propagation,11800,0.7980679603423438
no_propagation,11900,0.7964876901100748
no_propagation,12000,0.7938505124572952
no_propagation,12100,0.7910916453185687
no_propagation,12200,0.7888697647733792
no_propagation,12300,0.7868465978375742
no_propagation,12400,0.7853398919441981
no_propagation,12500,0.7836973042156627
no_propagation,12600,0.7827950162685501
no_propagation,12700,0.7815920006298717
no_propagation,12800,0.7808764940239044
no_propagation,12900,0.780559646539028
no_propagation,13000,0.7798630874548111
no_propagation,13100,0.7793298221509808
no_propagation,13200,0.7786531323384592
no_propagation,13300,0.7778362529133148
no_propagation,13400,0.7767330796209239
no_propagation,13500,0.7752018369009703
no_propagation,13600,0.7748694948900816
no_propagation,13700,0.7750529158455587
no_propagation,13800,0.774798927613941
no_propagation,13900,0.7744047190849579
no_propagation,14000,0.7745161059924291
no_propagation,14100,0.7734912417559039
no_propagation,14200,0.7734666572776565
no_propagation,14300,0.7730228655338788
no_propagation,14400,0.7727935560030553
no_propagation,14500,0.7722226053375629
no_propagation,14600,0.7719334292171769
no_propagation,14700,0.7714441194476567
no_propagation,14800,0.7709614215255726
no_propagation,14900,0.7708207502852158
no_propagation,15000,0.7698153456436237
no_propagation,15100,0.7696179060989339
no_propagation,15200,0.7689625682520886
no_propagation,15300,0.7679890203254689
no_propagation,15400,0.7681968703330952
no_propagation,15500,0.7679504548093672
no_propagation,15600,0.7678353951669765
no_propagation,15700,0.7675944207375326
no_propagation,15800,0.7676096449591798
no_propagation,15900,0.7668071190491164
no_propagation,16000,0.7664520967439535
no_propagation,16100,0.7655425128873983
no_propagation,16200,0.7651996790321585
no_propagation,16300,0.7646156677504448
no_propagation,16400,0.764099750015243
no_propagation,16500,0.7635294830616326
no_propagation,16600,0.762845611710138
no_propagation,16700,0.7618106700197593
no_propagation,16800,0.7608475685971073
no_propagation,16900,0.7602508727294243
no_propagation,17000,0.759249455914358
no_propagation,17100,0.758727559791825
no_propagation,17200,0.758560548805302
no_propagation,17300,0.7578174671984278
no_propagation,17400,0.7575426699614964
no_propagation,17500,0.7564710587966402
no_propagation,17600,0.7563774785523549
no_propagation,17700,0.7555505338681431
no_propagation,17800,0.7552384697488905
no_propagation,17900,0.7546505781799899
no_propagation,18000,0.7542914282539859
no_propagation,18100,0.7537152643500359
no_propagation,18200,0.7538596780396681
no_propagation,18300,0.7534560952953391
no_propagation,18400,0.752513450355959
no_propagation,18500,0.7519593535484569
no_propagation,18600,0.7518950594054084
no_propagation,18700,0.7517779797871772
no_propagation,18800,0.7508111270677091
no_propagation,18900,0.7507010211099941
no_propagation,19000,0.7506447029103731
no_propagation,19100,0.750693680959112
no_propagation,19200,0.7502734232592052
no_propagation,19300,0.7499611419097456
no_propagation,19400,0.7493428173805474
no_propagation,19500,0.748782113737757
no_propagation,19600,0.7483291668792409
no_propagation,19700,0.7472717120958327
no_propagation,19800,0.7467804656330488
no_propagation,19900,0.7460429124164615
no_propagation,20000,0.7458627068646567
no_propagation,20100,0.7455847967762798
no_propagation,20200,0.7453096381367259
no_propagation,20300,0.7448894143145658
no_propagation,20400,0.7443262585167394
no_propagation,20500,0.743427149895127
no_propagation,20600,0.7435561380515509
no_propagation,20700,0.7425728225689581
no_propagation,20800,0.7420797077063602
no_propagation,20900,0.7417826898234534
no_propagation,21000,0.741059949526213
no_propagation,21100,0.7404862328799583
no_propagation,21200,0.7403424366775152
no_propagation,21300,0.7400591521524811
no_propagation,21400,0.7392645203495164
no_propagation,21500,0.7380121854797451
no_propagation,21600,0.7381602703578538
no_propagation,21700,0.7381226671581955
no_propagation,21800,0.7375808449153709
no_propagation,21900,0.7370896306104744
no_propagation,22000,0.7368755965637925
no_propagation,22100,0.7367087462105787
no_propagation,22200,0.7358227106887077
no_propagation,22300,0.7353930317026143
no_propagation,22400,0.7351457524217669
no_propagation,22500,0.7346340162659437
no_propagation,22600,0.7343037918676165
no_propagation,22700,0.7342407823443902
no_propagation,22800,0.7338274637077321
no_propagation,22900,0.733155757390507
no_propagation,23000,0.7332289900439112
no_propagation,23100,0.7329985714904117
no_propagation,23200,0.7329425455799319
no_propagation,23300,0.7321574181365607
no_propagation,23400,0.7317635998461605
no_propagation,23500,0.7318411982468831
no_propagation,23600,0.7310283462565146
no_propagation,23700,0.7313193536137715
no_propagation,23800,0.7315238855510273
no_propagation,23900,0.7312664742061001
no_propagation,24000,0.7310945377275947
no_propagation,24100,0.7310485042114435
no_propagation,24200,0.7309202099086815
no_propagation,24300,0.730998724332332
no_propagation,24400,0.7313224867833286
no_propagation,24500,0.7309089424921432
no_propagation,24600,0.7302548676883054
no_propagation,24700,0.7296465730132383
no_propagation,24800,0.7292044675617919
no_propagation,24900,0.7286855949560259
no_propagation,24999,0.72832
random,0,2.0
random,100,2.0
random,200,2.0
random,300,2.0
random,400,2.0
random,500,2.0
random,600,2.0
random,700,2.0
random,800,2.0
random,900,2.0
random,1000,2.0
random,1100,2.0
random,1200,2.0
random,1300,2.0
random,1400,2.0
random,1500,2.0
random,1600,2.0
random,1700,2.0
random,1800,2.0
random,1900,2.0
random,2000,2.0
random,2100,2.0
random,2200,2.0
random,2300,2.0
random,2400,2.0
random,2500,2.0
random,2600,2.0
random,2700,2.0
random,2800,2.0
random,2900,2.0
random,3000,2.0
random,3100,2.0
random,3200,2.0
random,3300,2.0
random,3400,2.0
random,3500,2.0
random,3600,2.0
random,3700,2.0
random,3800,2.0
random,3900,2.0
random,4000,2.0
random,4100,2.0
random,4200,2.0
random,4300,2.0
random,4400,2.0
random,4500,2.0
random,4600,2.0
random,4700,2.0
random,4800,2.0
random,4900,2.0
random,5000,2.0
random,5100,2.0
random,5200,2.0
random,5300,2.0
random,5400,2.0
random,5500,2.0
random,5600,2.0
random,5700,2.0
random,5800,2.0
random,5900,2.0
random,6000,2.0
random,6100,2.0
random,6200,2.0
random,6300,2.0
random,6400,2.0
random,6500,2.0
random,6600,2.0
random,6700,2.0
random,6800,2.0
random,6900,2.0
random,7000,2.0
random,7100,1.9998591747641177
random,7200,1.9998611303985558
random,7300,1.9998630324613067
random,7400,1.999864883123902
random,7500,1.9998666844420745
random,7600,1.9998684383633731
random,7700,1.9998701467341904
random,7800,1.9998718113062428
random,7900,1.9998734337425643
random,8000,1.9998750156230471
random,8100,1.9998765584495741
random,8200,1.9998780636507743
random,8300,1.9998795325864354
random,8400,1.999880966551601
random,8500,1.9998823667803787
random,8600,1.9998837344494826
random,8700,1.9998850706815308
random,8800,1.9998863765481196
random,8900,1.9998876530726886
random,9000,1.9998889012331964
random,9100,1.9998901219646192
random,9200,1.9998913161612868
random,9300,1.9998924846790667
random,9400,1.999893628337411
random,9500,1.9998947479212714
random,9600,1.9998958441828976
random,9700,1.9998969178435213
random,9800,1.9998979695949393
random,9900,1.9997980002019997
random,10000,1.9998000199980002
random,10100,1.9998019998019998
random,10200,1.9997059111851778
random,10300,1.99970876613921
random,10400,1.999711566195558
random,10500,1.9997143129225787
random,10600,1.9996226771059333
random,10700,1.9996262031585834
random,10800,1.9996296639200075
random,10900,1.999633061187047
random,11000,1.9996363966912098
random,11100,1.9996396721016125
random,11200,1.9996428890277653
random,11300,1.9996460490222103
random,11400,1.999649153583019
random,11500,1.9996522041561604
random,11600,1.9996552021377467
random,11700,1.9996581488761644
random,11800,1.9996610456740953
random,11900,1.9996638937904379
random,12000,1.9996666944421297
random,12100,1.9996694488058837
random,12200,1.9996721580198344
random,12300,1.999674823185107
random,12400,1.9996774453673092
random,12500,1.999680025597952
random,12600,1.9996825648758034
random,12700,1.9996850641681758
random,12800,1.9996875244121552
random,12900,1.999689946515774
random,13000,1.9996923313591262
random,13100,1.9996946797954354
random,13200,1.9996969926520718
random,13300,1.999699270731524
random,13400,1.9997015148123274
random,13500,1.999703725649952
random,13600,1.9997059039776488
random,13700,1.9997080505072622
random,13800,1.9997101659300052
random,13900,1.9997122509172003
random,14000,1.9997143061209914
random,14100,1.999716332175023
random,14200,1.999718329695092
random,14300,1.9997202992797707
random,14400,1.999722241511006
random,14500,1.9997241569546929
random,14600,1.9997260461612218
random,14700,1.9997279096660092
random,14800,1.9997297479900007
random,14900,1.9997315616401583
random,15000,1.999733351109926
random,15100,1.9997351168796769
random,15200,1.9997368594171436
random,15300,1.9997385791778315
random,15400,1.9997402766054153
random,15500,1.9997419521321205
random,15600,1.9997436061790912
random,15700,1.9997452391567416
random,15800,1.9997468514650971
random,15900,1.99968555436765
random,16000,1.9996875195300294
random,16100,1.9996894602819701
random,16200,1.9996913770754892
random,16300,1.9996932703515122
random,16400,1.999695140540211
random,16500,1.9996969880613296
random,16600,1.9996988133244986
random,16700,1.9997006167295373
random,16800,1.999702398666746
random,16900,1.9997041595171883
random,17000,1.9997058996529615
random,17100,1.99970761943746
random,17200,1.9997093192256263
random,17300,1.9997109993641986
random,17400,1.999712660191943
random,17500,1.9997143020398835
random,17600,1.9997159252315209
random,17700,1.999717530083046
random,17800,1.9997191169035446
random,17900,1.9997206859951957
random,18000,1.9997222376534638
random,18100,1.9997237721672836
random,18200,1.9997252898192408
random,18300,1.999726790885744
random,18400,1.9997282756371937
random,18500,1.9997297443381439
random,18600,1.9997311972474598
random,18700,1.9997326346184696
random,18800,1.9997340566991118
random,18900,1.9997354637320777
random,19000,1.9997368559549498
random,19100,1.999738233600335
random,19200,1.999739596895995
random,19300,1.9997409460649707
random,19400,1.9997422813257049
random,19500,1.9997436028921594
random,19600,1.9997449109739298
random,19700,1.9997462057763564
random,19800,1.9997474875006314
random,19900,1.9997487563439023
random,20000,1.999750012499375
random,20100,1.9997015073876923
random,20200,1.9997029850007426
random,20300,1.999704448056746
random,20400,1.9997058967697663
random,20500,1.9997073313496903
random,20600,1.99970875200233
random,20700,1.9997101589295203
random,20800,1.999711552329215
random,20900,1.9997129323955791
random,21000,1.99971429931908
random,21100,1.999715653286574
random,21200,1.9997169944813924
random,21300,1.9997183230834232
random,21400,1.999719639269193
random,21500,1.9997209432119436
random,21600,1.9997222350817092
random,21700,1.9997235150453896
random,21800,1.9997247832668226
random,21900,1.9997260399068535
random,22000,1.9997272851234036
random,22100,1.9997285190715353
random,22200,1.9997297419035178
random,22300,1.9997309537688892
random,22400,1.9997321548145173
random,22500,1.9997333451846584
random,22600,1.9997345250210168
random,22700,1.999735694462799
random,22800,1.99973685364677
random,22900,1.9997380027073053
random,23000,1.9997391417764445
random,23100,1.99974027098394
random,23200,1.9997413904573078
random,23300,1.9997425003218745
random,23400,1.9997436007008247
random,23500,1.9997446917152462
random,23600,1.9997457734841744
random,23700,1.9997468461246362
random,23800,1.999747909751691
random,23900,1.9997489644784736
random,24000,1.9997500104162327
random,24100,1.9997510476743703
random,24200,1.999752076360481
random,24300,1.9997530965803876
random,24400,1.9997541084381787
random,24500,1.9997551120362433
random,24600,1.9997561074753059
random,24700,1.9997570948544594
random,24800,1.9997580742711987
random,24900,1.999759045821453
random,24999,1.99976
oracle,0,2.0
oracle,100,2.0
oracle,200,1.9950248756218905
oracle,300,1.9933554817275747
oracle,400,1.9875311720698254
oracle,500,1.9820359281437125
oracle,600,1.9750415973377704
oracle,700,1.9686162624821684
oracle,800,1.9550561797752808
oracle,900,1.9356270810210876
oracle,1000,1.9180819180819182
oracle,1100,1.9000908265213443
oracle,1200,1.8784346378018317
oracle,1300,1.8547271329746349
oracle,1400,1.822269807280514
oracle,1500,1.8014656895403065
oracle,1600,1.7707682698313554
oracle,1700,1.7383891828336273
oracle,1800,1.7096057745696835
oracle,1900,1.6749079431877958
oracle,2000,1.6441779110444779
oracle,2100,1.6120894811994289
oracle,2200,1.5770104497955475
oracle,2300,1.548457192524989
oracle,2400,1.517700957934194
oracle,2500,1.484606157536985
oracle,2600,1.4486735870818916
oracle,2700,1.4165124028137728
oracle,2800,1.3798643341663692
oracle,2900,1.3516028955532575
oracle,3000,1.3182272575808065
oracle,3100,1.2863592389551757
oracle,3200,1.2567947516401126
oracle,3300,1.2284156316267798
oracle,3400,1.1993531314319317
oracle,3500,1.1733790345615538
oracle,3600,1.1496806442654819
oracle,3700,1.1242907322345312
oracle,3800,1.0989213364903974
oracle,3900,1.0761343245321713
oracle,4000,1.055486128467883
oracle,4100,1.0363326018044379
oracle,4200,1.0166626993572958
oracle,4300,0.9990699837247152
oracle,4400,0.9815950920245399
oracle,4500,0.9646745167740503
oracle,4600,0.9484894588133015
oracle,4700,0.9349074664964901
oracle,4800,0.9185586336179963
oracle,4900,0.9047133238114671
oracle,5000,0.8934213157368527
oracle,5100,0.8796314448147422
oracle,5200,0.8661795808498366
oracle,5300,0.8543671005470665
oracle,5400,0.8426217367154231
oracle,5500,0.8316669696418832
oracle,5600,0.8202106766648812
oracle,5700,0.8103841431327837
oracle,5800,0.8002068608860541
oracle,5900,0.7895271987798678
oracle,6000,0.7798700216630562
oracle,6100,0.7706933289624651
oracle,6200,0.7614900822447992
oracle,6300,0.753531185526107
oracle,6400,0.7447273863458834
oracle,6500,0.7365020766035995
oracle,6600,0.7301923950916528
oracle,6700,0.721981793762125
oracle,6800,0.7141596823996471
oracle,6900,0.7075786117953919
oracle,7000,0.7014712183973718
oracle,7100,0.6946908886072384
oracle,7200,0.6889320927648938
oracle,7300,0.6831940830023284
oracle,7400,0.6774760167544926
oracle,7500,0.6711105185975204
oracle,7600,0.6666228127877911
oracle,7700,0.6621218023633294
oracle,7800,0.65671067811819
oracle,7900,0.6515630932793317
oracle,8000,0.6456692913385826
oracle,8100,0.6393037896555981
oracle,8200,0.6341909523228875
oracle,8300,0.6290808336345018
oracle,8400,0.6243304368527556
oracle,8500,0.6202799670626985
oracle,8600,0.615626089989536
oracle,8700,0.6107343983450179
oracle,8800,0.6075445972048631
oracle,8900,0.60262891809909
oracle,9000,0.5982668592378625
oracle,9100,0.5947698055158773
oracle,9200,0.5912400825997174
oracle,9300,0.5878937748629179
oracle,9400,0.5849377725773854
oracle,9500,0.5815177349752657
oracle,9600,0.5782730965524424
oracle,9700,0.5744768580558706
oracle,9800,0.5708601163146617
oracle,9900,0.5668114331885669
oracle,10000,0.5631436856314369
oracle,10100,0.5599445599445599
oracle,10200,0.5558278600137242
oracle,10300,0.552470633919037
oracle,10400,0.5492741082588213
oracle,10500,0.5461384630035234
oracle,10600,0.5429676445618338
oracle,10700,0.5396691897953463
oracle,10800,0.5376354041292473
oracle,10900,0.535547197504816
oracle,11000,0.5333151531678938
oracle,11100,0.5313034861724169
oracle,11200,0.5285242389072404
oracle,11300,0.5250862755508362
oracle,11400,0.521971756863433
oracle,11500,0.519867837579341
oracle,11600,0.517455391776571
oracle,11700,0.5153405691821212
oracle,11800,0.5130921108380646
oracle,11900,0.5107974119821864
oracle,12000,0.5082076493625531
oracle,12100,0.5053301380051235
oracle,12200,0.5022539136136382
oracle,12300,0.49995935289813836
oracle,12400,0.4981049915329409
oracle,12500,0.49620030397568193
oracle,12600,0.49591302277597016
oracle,12700,0.49484292575387767
oracle,12800,0.49371142879462543
oracle,12900,0.4929850399193861
oracle,13000,0.4924236597184832
oracle,13100,0.492328829860316
oracle,13200,0.4917809256874479
oracle,13300,0.491541989324111
oracle,13400,0.4912319976121185
oracle,13500,0.4905562550922154
oracle,13600,0.4903315932652011
oracle,13700,0.48959929932121743
oracle,13800,0.48974711977392943
oracle,13900,0.4892453780303575
oracle,14000,0.48917934433254767
oracle,14100,0.48939791504148644
oracle,14200,0.4889092317442434
oracle,14300,0.4888469337808545
oracle,14400,0.4883688632733838
oracle,14500,0.4878973863871457
oracle,14600,0.4868159715088008
oracle,14700,0.4868376300931909
oracle,14800,0.4869265590162827
oracle,14900,0.48728273270250316
oracle,15000,0.486500899940004
oracle,15100,0.48645785047347856
oracle,15200,0.4864153674100388
oracle,15300,0.4855238219724201
oracle,15400,0.48555288617622233
oracle,15500,0.4850654796464744
oracle,15600,0.48503301070444205
oracle,15700,0.48487357493153305
oracle,15800,0.4843364344028859
oracle,15900,0.48424627381925667
oracle,16000,0.48440722454846574
oracle,16100,0.4839450965778523
oracle,16200,0.4839207456329856
oracle,16300,0.48352861787620394
oracle,16400,0.48344613133345526
oracle,16500,0.4828192230773892
oracle,16600,0.48250105415336425
oracle,16700,0.48176755882881267
oracle,16800,0.48157847747157906
oracle,16900,0.4809182888586474
oracle,17000,0.48108934768543027
oracle,17100,0.48108297760364893
oracle,17200,0.4805534561944073
oracle,17300,0.48008785619328365
oracle,17400,0.48054709499454057
oracle,17500,0.4800297125878521
oracle,17600,0.47968865405374694
oracle,17700,0.4794644370374555
oracle,17800,0.47935509241053875
oracle,17900,0.47874420423440034
oracle,18000,0.4788622854285873
oracle,18100,0.4785370973979338
oracle,18200,0.4787649030273062
oracle,18300,0.47844380088519756
oracle,18400,0.4784522580294549
oracle,18500,0.47819036808821147
oracle,18600,0.47879146282457935
oracle,18700,0.4788513983209454
oracle,18800,0.4780596776767193
oracle,18900,0.4778054071213163
oracle,19000,0.47781695700226307
oracle,19100,0.4775666195487147
oracle,19200,0.47716264777876155
oracle,19300,0.47707372674990933
oracle,19400,0.47672800371114893
oracle,19500,0.4762832675247423
oracle,19600,0.4758940870363757
oracle,19700,0.4751535455053043
oracle,19800,0.47492550881268625
oracle,19900,0.47464951509974374
oracle,20000,0.4745762711864407
oracle,20100,0.4741057658822944
oracle,20200,0.47334290381664273
oracle,20300,0.47278459189202504
oracle,20400,0.47237880496054113
oracle,20500,0.4720257548412273
oracle,20600,0.471773214892481
oracle,20700,0.4709917395294913
oracle,20800,0.47084274794481035
oracle,20900,0.4707430266494426
oracle,21000,0.4702633207942479
oracle,21100,0.4697407705795934
oracle,21200,0.46969482571576815
oracle,21300,0.4695084737805737
oracle,21400,0.4689967758515957
oracle,21500,0.46816427142923583
oracle,21600,0.4686357113096616
oracle,21700,0.4685037555873001
oracle,21800,0.468097793679189
oracle,21900,0.4680608191406785
oracle,22000,0.46825144311622197
oracle,22100,0.4679878738518619
oracle,22200,0.46817710913922794
oracle,22300,0.46836464732523203
oracle,22400,0.4682380250881657
oracle,22500,0.4679347584551798
oracle,22600,0.4680766337772665
oracle,22700,0.46839346284304656
oracle,22800,0.4683566510240779
oracle,22900,0.4680144971835291
oracle,23000,0.46832746402330333
oracle,23100,0.46790182243192935
oracle,23200,0.4675660531873626
oracle,23300,0.46693274966739623
oracle,23400,0.4670740566642451
oracle,23500,0.46678864729160463
oracle,23600,0.466590398711919
oracle,23700,0.4670267077338509
oracle,23800,0.4669551699508424
oracle,23900,0.46705158779967365
oracle,24000,0.4669805424773968
oracle,24100,0.466951578772665
oracle,24200,0.466757572001157
oracle,24300,0.46705896876671743
oracle,24400,0.4672349493873202
oracle,24500,0.46704216154442674
oracle,24600,0.46693223852688914
oracle,24700,0.466701752965467
oracle,24800,0.46639248417402523
oracle,24900,0.4661258583992611
oracle,24999,0.46608
no_control,0,0.0
no_control,100,0.0
no_control,200,0.0
no_control,300,0.0
no_control,400,0.0
no_control,500,0.0
no_control,600,0.0
no_control,700,0.0
no_control,800,0.0
no_control,900,0.0
no_control,1000,0.0
no_control,1100,0.0
no_control,1200,0.0
no_control,1300,0.0
no_control,1400,0.0
no_control,1500,0.0
no_control,1600,0.0
no_control,1700,0.0
no_control,1800,0.0
no_control,1900,0.0
no_control,2000,0.0
no_control,2100,0.0
no_control,2200,0.0
no_control,2300,0.0
no_control,2400,0.0
no_control,2500,0.0
no_control,2600,0.0
no_control,2700,0.0
no_control,2800,0.0
no_control,2900,0.0
no_control,3000,0.0
no_control,3100,0.0
no_control,3200,0.0
no_control,3300,0.0
no_control,3400,0.0
no_control,3500,0.0
no_control,3600,0.0
no_control,3700,0.0
no_control,3800,0.0
no_control,3900,0.0
no_control,4000,0.0
no_control,4100,0.0
no_control,4200,0.0
no_control,4300,0.0
no_control,4400,0.0
no_control,4500,0.0
no_control,4600,0.0
no_control,4700,0.0
no_control,4800,0.0
no_control,4900,0.0
no_control,5000,0.0
no_control,5100,0.0
no_control,5200,0.0
no_control,5300,0.0
no_control,5400,0.0
no_control,5500,0.0
no_control,5600,0.0
no_control,5700,0.0
no_control,5800,0.0
no_control,5900,0.0
no_control,6000,0.0
no_control,6100,0.0
no_control,6200,0.0
no_control,6300,0.0
no_control,6400,0.0
no_control,6500,0.0
no_control,6600,0.0
no_control,6700,0.0
no_control,6800,0.0
no_control,6900,0.0
no_control,7000,0.0
no_control,7100,0.0
no_control,7200,0.0
no_control,7300,0.0
no_control,7400,0.0
no_control,7500,0.0
no_control,7600,0.0
no_control,7700,0.0
no_control,7800,0.0
no_control,7900,0.0
no_control,8000,0.0
no_control,8100,0.0
no_control,8200,0.0
no_control,8300,0.0
no_control,8400,0.0
no_control,8500,0.0
no_control,8600,0.0
no_control,8700,0.0
no_control,8800,0.0
no_control,8900,0.0
no_control,9000,0.0
no_control,9100,0.0
no_control,9200,0.0
no_control,9300,0.0
no_control,9400,0.0
no_control,9500,0.0
no_control,9600,0.0
no_control,9700,0.0
no_control,9800,0.0
no_control,9900,0.0
no_control,10000,0.0
no_control,10100,0.0
no_control,10200,0.0
no_control,10300,0.0
no_control,10400,0.0
no_control,10500,0.0
no_control,10600,0.0
no_control,10700,0.0
no_control,10800,0.0
no_control,10900,0.0
no_control,11000,0.0
no_control,11100,0.0
no_control,11200,0.0
no_control,11300,0.0
no_control,11400,0.0
no_control,11500,0.0
no_control,11600,0.0
no_control,11700,0.0
no_control,11800,0.0
no_control,11900,0.0
no_control,12000,0.0
no_control,12100,0.0
no_control,12200,0.0
no_control,12300,0.0
no_control,12400,0.0
no_control,12500,0.0
no_control,12600,0.0
no_control,12700,0.0
no_control,12800,0.0
no_control,12900,0.0
no_control,13000,0.0
no_control,13100,0.0
no_control,13200,0.0
no_control,13300,0.0
no_control,13400,0.0
no_control,13500,0.0
no_control,13600,0.0
no_control,13700,0.0
no_control,13800,0.0
no_control,13900,0.0
no_control,14000,0.0
no_control,14100,0.0
no_control,14200,0.0
no_control,14300,0.0
no_control,14400,0.0
no_control,14500,0.0
no_control,14600,0.0
no_control,14700,0.0
no_control,14800,0.0
no_control,14900,0.0
no_control,15000,0.0
no_control,15100,0.0
no_control,15200,0.0
no_control,15300,0.0
no_control,15400,0.0
no_control,15500,0.0
no_control,15600,0.0
no_control,15700,0.0
no_control,15800,0.0
no_control,15900,0.0
no_control,16000,0.0
no_control,16100,0.0
no_control,16200,0.0
no_control,16300,0.0
no_control,16400,0.0
no_control,16500,0.0
no_control,16600,0.0
no_control,16700,0.0
no_control,16800,0.0
no_control,16900,0.0
no_control,17000,0.0
no_control,17100,0.0
no_control,17200,0.0
no_control,17300,0.0
no_control,17400,0.0
no_control,17500,0.0
no_control,17600,0.0
no_control,17700,0.0
no_control,17800,0.0
no_control,17900,0.0
no_control,18000,0.0
no_control,18100,0.0
no_control,18200,0.0
no_control,18300,0.0
no_control,18400,0.0
no_control,18500,0.0
no_control,18600,0.0
no_control,18700,0.0
no_control,18800,0.0
no_control,18900,0.0
no_control,19000,0.0
no_control,19100,0.0
no_control,19200,0.0
no_control,19300,0.0
no_control,19400,0.0
no_control,19500,0.0
no_control,19600,0.0
no_control,19700,0.0
no_control,19800,0.0
no_control,19900,0.0
no_control,20000,0.0
no_control,20100,0.0
no_control,20200,0.0
no_control,20300,0.0
no_control,20400,0.0
no_control,20500,0.0
no_control,20600,0.0
no_control,20700,0.0
no_control,20800,0.0
no_control,20900,0.0
no_control,21000,0.0
no_control,21100,0.0
no_control,21200,0.0
no_control,21300,0.0
no_control,21400,0.0
no_control,21500,0.0
no_control,21600,0.0
no_control,21700,0.0
no_control,21800,0.0
no_control,21900,0.0
no_control,22000,0.0
no_control,22100,0.0
no_control,22200,0.0
no_control,22300,0.0
no_control,22400,0.0
no_control,22500,0.0
no_control,22600,0.0
no_control,22700,0.0
no_control,22800,0.0
no_control,22900,0.0
no_control,23000,0.0
no_control,23100,0.0
no_control,23200,0.0
no_control,23300,0.0
no_control,23400,0.0
no_control,23500,0.0
no_control,23600,0.0
no_control,23700,0.0
no_control,23800,0.0
no_control,23900,0.0
no_control,24000,0.0
no_control,24100,0.0
no_control,24200,0.0
no_control,24300,0.0
no_control,24400,0.0
no_control,24500,0.0
no_control,24600,0.0
no_control,24700,0.0
no_control,24800,0.0
no_control,24900,0.0
no_control,24999,0.0
