variant,event,critical_fraction
full,0,0.0991
full,100,0.0992
full,200,0.0989
full,300,0.0984
full,400,0.0977
full,500,0.0969
full,600,0.097
full,700,0.0969
full,800,0.0965
full,900,0.0958
full,1000,0.0948
full,1100,0.0947
full,1200,0.094
full,1300,0.0929
full,1400,0.0923
full,1500,0.0917
full,1600,0.091
full,1700,0.0898
full,1800,0.0891
full,1900,0.0886
full,2000,0.0876
full,2100,0.087
full,2200,0.0857
full,2300,0.0851
full,2400,0.0845
full,2500,0.0838
full,2600,0.0833
full,2700,0.083
full,2800,0.0818
full,2900,0.0808
full,3000,0.0797
full,3100,0.0788
full,3200,0.0779
full,3300,0.0774
full,3400,0.0764
full,3500,0.0753
full,3600,0.0742
full,3700,0.0735
full,3800,0.0721
full,3900,0.0715
full,4000,0.0713
full,4100,0.0704
full,4200,0.0696
full,4300,0.0688
full,4400,0.0685
full,4500,0.0677
full,4600,0.0677
full,4700,0.0673
full,4800,0.0661
full,4900,0.0656
full,5000,0.0657
full,5100,0.0654
full,5200,0.0646
full,5300,0.0642
full,5400,0.0633
full,5500,0.0629
full,5600,0.0622
full,5700,0.0622
full,5800,0.0618
full,5900,0.0615
full,6000,0.0614
full,6100,0.0612
full,6200,0.0606
full,6300,0.0603
full,6400,0.0602
full,6500,0.0594
full,6600,0.0589
full,6700,0.0586
full,6800,0.0582
full,6900,0.0579
full,7000,0.0576
full,7100,0.0572
full,7200,0.0568
full,7300,0.0569
full,7400,0.0567
full,7500,0.0564
full,7600,0.0565
full,7700,0.0562
full,7800,0.0555
full,7900,0.0552
full,8000,0.0547
full,8100,0.0545
full,8200,0.0538
full,8300,0.0535
full,8400,0.0528
full,8500,0.0525
full,8600,0.052
full,8700,0.0512
full,8800,0.0505
full,8900,0.0501
full,9000,0.0497
full,9100,0.0493
full,9200,0.0489
full,9300,0.0483
full,9400,0.0483
full,9500,0.048
full,9600,0.0479
full,9700,0.0478
full,9800,0.0478
full,9900,0.0473
full,10000,0.0469
full,10100,0.0467
full,10200,0.0462
full,10300,0.046
full,10400,0.0456
full,10500,0.0453
full,10600,0.0452
full,10700,0.0446
full,10800,0.0446
full,10900,0.0443
full,11000,0.0441
full,11100,0.0439
full,11200,0.0437
full,11300,0.0435
full,11400,0.0431
full,11500,0.0429
full,11600,0.0429
full,11700,0.0425
full,11800,0.0422
full,11900,0.0421
full,12000,0.0418
full,12100,0.0414
full,12200,0.0413
full,12300,0.041
full,12400,0.0407
full,12500,0.0406
full,12600,0.0401
full,12700,0.04
full,12800,0.0399
full,12900,0.0401
full,13000,0.0397
full,13100,0.0391
full,13200,0.0392
full,13300,0.0393
full,13400,0.0395
full,13500,0.0395
full,13600,0.0393
full,13700,0.0398
full,13800,0.0401
full,13900,0.0399
full,14000,0.04
full,14100,0.0398
full,14200,0.0402
full,14300,0.0401
full,14400,0.04
full,14500,0.0394
full,14600,0.0393
full,14700,0.0393
full,14800,0.0396
full,14900,0.0397
full,15000,0.0391
full,15100,0.0394
full,15200,0.0396
full,15300,0.0399
full,15400,0.0396
full,15500,0.0394
full,15600,0.039
full,15700,0.0389
full,15800,0.0391
full,15900,0.0393
full,16000,0.0395
full,16100,0.0395
full,16200,0.0392
full,16300,0.0389
full,16400,0.0392
full,16500,0.0389
full,16600,0.0387
full,16700,0.0389
full,16800,0.0389
full,16900,0.039
full,17000,0.0389
full,17100,0.039
full,17200,0.0388
full,17300,0.039
full,17400,0.0391
full,17500,0.0386
full,17600,0.0385
full,17700,0.0385
full,17800,0.0379
full,17900,0.0377
full,18000,0.0374
full,18100,0.0377
full,18200,0.0383
full,18300,0.0381
full,18400,0.0387
full,18500,0.0387
full,18600,0.0388
full,18700,0.039
full,18800,0.0391
full,18900,0.039
full,19000,0.0391
full,19100,0.0387
full,19200,0.039
full,19300,0.0394
full,19400,0.0397
full,19500,0.0396
full,19600,0.0398
full,19700,0.0397
full,19800,0.0396
full,19900,0.0397
full,20000,0.0396
full,20100,0.0395
full,20200,0.0395
full,20300,0.039
full,20400,0.0392
full,20500,0.039
full,20600,0.0389
full,20700,0.0384
full,20800,0.0391
full,20900,0.0394
full,21000,0.0392
full,21100,0.0393
full,21200,0.0392
full,21300,0.039
full,21400,0.0393
full,21500,0.0392
full,21600,0.0394
full,21700,0.0394
full,21800,0.0392
full,21900,0.0394
full,22000,0.0395
full,22100,0.0396
full,22200,0.04
full,22300,0.0402
full,22400,0.0402
full,22500,0.0399
full,22600,0.0403
full,22700,0.0408
full,22800,0.0406
full,22900,0.0404
full,23000,0.041
full,23100,0.0412
full,23200,0.0413
full,23300,0.0415
full,23400,0.042
full,23500,0.0419
full,23600,0.0424
full,23700,0.0428
full,23800,0.0427
full,23900,0.0425
full,24000,0.0422
full,24100,0.0422
full,24200,0.0424
full,24300,0.0422
full,24400,0.0426
full,24500,0.0426
full,24600,0.0424
full,24700,0.0424
full,24800,0.0426
full,24900,0.0424
full,24999,0.0423
fixed_memory,0,0.0991
fixed_memory,100,0.0984
fixed_memory,200,0.0971
fixed_memory,300,0.0962
fixed_memory,400,0.0951
fixed_memory,500,0.094
fixed_memory,600,0.0937
fixed_memory,700,0.0932
fixed_memory,800,0.0926
fixed_memory,900,0.0916
fixed_memory,1000,0.0907
fixed_memory,1100,0.0911
fixed_memory,1200,0.0905
fixed_memory,1300,0.0897
fixed_memory,1400,0.0886
fixed_memory,1500,0.0882
fixed_memory,1600,0.0875
fixed_memory,1700,0.0862
fixed_memory,1800,0.0849
fixed_memory,1900,0.0837
fixed_memory,2000,0.0826
fixed_memory,2100,0.0819
fixed_memory,2200,0.0809
fixed_memory,2300,0.0797
fixed_memory,2400,0.0786
fixed_memory,2500,0.0778
fixed_memory,2600,0.0767
fixed_memory,2700,0.0756
fixed_memory,2800,0.0745
fixed_memory,2900,0.073
fixed_memory,3000,0.0716
fixed_memory,3100,0.0706
fixed_memory,3200,0.0699
fixed_memory,3300,0.0687
fixed_memory,3400,0.0679
fixed_memory,3500,0.0662
fixed_memory,3600,0.065
fixed_memory,3700,0.0638
fixed_memory,3800,0.0628
fixed_memory,3900,0.0622
fixed_memory,4000,0.0612
fixed_memory,4100,0.0598
fixed_memory,4200,0.0589
fixed_memory,4300,0.0578
fixed_memory,4400,0.0568
fixed_memory,4500,0.0558
fixed_memory,4600,0.0552
fixed_memory,4700,0.0545
fixed_memory,4800,0.053
fixed_memory,4900,0.0522
fixed_memory,5000,0.0518
fixed_memory,5100,0.051
fixed_memory,5200,0.0501
fixed_memory,5300,0.0493
fixed_memory,5400,0.0483
fixed_memory,5500,0.0479
fixed_memory,5600,0.0474
fixed_memory,5700,0.0468
fixed_memory,5800,0.0466
fixed_memory,5900,0.0458
fixed_memory,6000,0.0453
fixed_memory,6100,0.0448
fixed_memory,6200,0.0439
fixed_memory,6300,0.0433
fixed_memory,6400,0.0427
fixed_memory,6500,0.0413
fixed_memory,6600,0.0406
fixed_memory,6700,0.0399
fixed_memory,6800,0.0391
fixed_memory,6900,0.0386
fixed_memory,7000,0.0378
fixed_memory,7100,0.0372
fixed_memory,7200,0.0368
fixed_memory,7300,0.0362
fixed_memory,7400,0.0357
fixed_memory,7500,0.0345
fixed_memory,7600,0.034
fixed_memory,7700,0.0336
fixed_memory,7800,0.0332
fixed_memory,7900,0.0326
fixed_memory,8000,0.0321
fixed_memory,8100,0.0316
fixed_memory,8200,0.031
fixed_memory,8300,0.0302
fixed_memory,8400,0.0296
fixed_memory,8500,0.0291
fixed_memory,8600,0.0286
fixed_memory,8700,0.0278
fixed_memory,8800,0.0273
fixed_memory,8900,0.027
fixed_memory,9000,0.0267
fixed_memory,9100,0.0267
fixed_memory,9200,0.0264
fixed_memory,9300,0.0259
fixed_memory,9400,0.0255
fixed_memory,9500,0.0254
fixed_memory,9600,0.0246
fixed_memory,9700,0.024
fixed_memory,9800,0.0236
fixed_memory,9900,0.0231
fixed_memory,10000,0.0229
fixed_memory,10100,0.0224
fixed_memory,10200,0.0214
fixed_memory,10300,0.0212
fixed_memory,10400,0.0208
fixed_memory,10500,0.0204
fixed_memory,10600,0.0202
fixed_memory,10700,0.0197
fixed_memory,10800,0.0195
fixed_memory,10900,0.019
fixed_memory,11000,0.0187
fixed_memory,11100,0.0186
fixed_memory,11200,0.0183
fixed_memory,11300,0.0181
fixed_memory,11400,0.0179
fixed_memory,11500,0.0177
fixed_memory,11600,0.0175
fixed_memory,11700,0.017
fixed_memory,11800,0.0166
fixed_memory,11900,0.0166
fixed_memory,12000,0.0162
fixed_memory,12100,0.0159
fixed_memory,12200,0.0155
fixed_memory,12300,0.0153
fixed_memory,12400,0.0149
fixed_memory,12500,0.0147
fixed_memory,12600,0.0145
fixed_memory,12700,0.014
fixed_memory,12800,0.0138
fixed_memory,12900,0.0138
fixed_memory,13000,0.0137
fixed_memory,13100,0.0133
fixed_memory,13200,0.0131
fixed_memory,13300,0.0129
fixed_memory,13400,0.0128
fixed_memory,13500,0.0127
fixed_memory,13600,0.0127
fixed_memory,13700,0.0127
fixed_memory,13800,0.0125
fixed_memory,13900,0.0124
fixed_memory,14000,0.0124
fixed_memory,14100,0.0124
fixed_memory,14200,0.0123
fixed_memory,14300,0.0123
fixed_memory,14400,0.0122
fixed_memory,14500,0.012
fixed_memory,14600,0.012
fixed_memory,14700,0.0118
fixed_memory,14800,0.0117
fixed_memory,14900,0.0116
fixed_memory,15000,0.0112
fixed_memory,15100,0.0107
fixed_memory,15200,0.0107
fixed_memory,15300,0.0106
fixed_memory,15400,0.0105
fixed_memory,15500,0.0104
fixed_memory,15600,0.01
fixed_memory,15700,0.01
fixed_memory,15800,0.0099
fixed_memory,15900,0.0095
fixed_memory,16000,0.0095
fixed_memory,16100,0.0093
fixed_memory,16200,0.0092
fixed_memory,16300,0.0091
fixed_memory,16400,0.0091
fixed_memory,16500,0.0093
fixed_memory,16600,0.0093
fixed_memory,16700,0.0093
fixed_memory,16800,0.0094
fixed_memory,16900,0.0092
fixed_memory,17000,0.009
fixed_memory,17100,0.0088
fixed_memory,17200,0.0086
fixed_memory,17300,0.0086
fixed_memory,17400,0.0088
fixed_memory,17500,0.0087
fixed_memory,17600,0.0085
fixed_memory,17700,0.0085
fixed_memory,17800,0.0084
fixed_memory,17900,0.0083
fixed_memory,18000,0.0084
fixed_memory,18100,0.0083
fixed_memory,18200,0.0083
fixed_memory,18300,0.0084
fixed_memory,18400,0.0085
fixed_memory,18500,0.0083
fixed_memory,18600,0.0083
fixed_memory,18700,0.0083
fixed_memory,18800,0.0083
fixed_memory,18900,0.0083
fixed_memory,19000,0.0085
fixed_memory,19100,0.0087
fixed_memory,19200,0.0087
fixed_memory,19300,0.0087
fixed_memory,19400,0.0088
fixed_memory,19500,0.0089
fixed_memory,19600,0.009
fixed_memory,19700,0.009
fixed_memory,19800,0.0089
fixed_memory,19900,0.0088
fixed_memory,20000,0.0088
fixed_memory,20100,0.0087
fixed_memory,20200,0.0084
fixed_memory,20300,0.0082
fixed_memory,20400,0.008
fixed_memory,20500,0.008
fixed_memory,20600,0.008
fixed_memory,20700,0.0079
fixed_memory,20800,0.008
fixed_memory,20900,0.008
fixed_memory,21000,0.0078
fixed_memory,21100,0.0077
fixed_memory,21200,0.0076
fixed_memory,21300,0.0078
fixed_memory,21400,0.0078
fixed_memory,21500,0.0079
fixed_memory,21600,0.008
fixed_memory,21700,0.0081
fixed_memory,21800,0.008
fixed_memory,21900,0.0082
fixed_memory,22000,0.0082
fixed_memory,22100,0.0085
fixed_memory,22200,0.0086
fixed_memory,22300,0.0086
fixed_memory,22400,0.0087
fixed_memory,22500,0.0086
fixed_memory,22600,0.0086
fixed_memory,22700,0.0087
fixed_memory,22800,0.0087
fixed_memory,22900,0.0085
fixed_memory,23000,0.0085
fixed_memory,23100,0.0085
fixed_memory,23200,0.0086
fixed_memory,23300,0.0088
fixed_memory,23400,0.0088
fixed_memory,23500,0.0088
fixed_memory,23600,0.009
fixed_memory,23700,0.0088
fixed_memory,23800,0.0086
fixed_memory,23900,0.0087
fixed_memory,24000,0.0089
fixed_memory,24100,0.0088
fixed_memory,24200,0.0088
fixed_memory,24300,0.0087
fixed_memory,24400,0.0086
fixed_memory,24500,0.0085
fixed_memory,24600,0.0084
fixed_memory,24700,0.0084
fixed_memory,24800,0.0083
fixed_memory,24900,0.0084
fixed_memory,24999,0.0086
no_propagation,0,0.0991
no_propagation,100,0.0984
no_propagation,200,0.0967
no_propagation,300,0.0955
no_propagation,400,0.0941
no_propagation,500,0.093
no_propagation,600,0.0923
no_propagation,700,0.0913
no_propagation,800,0.0904
no_propagation,900,0.0893
no_propagation,1000,0.0882
no_propagation,1100,0.0877
no_propagation,1200,0.0867
no_propagation,1300,0.0855
no_propagation,1400,0.0843
no_propagation,1500,0.0837
no_propagation,1600,0.0824
no_propagation,1700,0.0802
no_propagation,1800,0.0792
no_propagation,1900,0.0775
no_propagation,2000,0.0756
no_propagation,2100,0.0745
no_propagation,2200,0.0727
no_propagation,2300,0.0716
no_propagation,2400,0.0697
no_propagation,2500,0.068
no_propagation,2600,0.0663
no_propagation,2700,0.0648
no_propagation,2800,0.063
no_propagation,2900,0.0612
no_propagation,3000,0.0599
no_propagation,3100,0.0583
no_propagation,3200,0.057
no_propagation,3300,0.0553
no_propagation,3400,0.0539
no_propagation,3500,0.0528
no_propagation,3600,0.0504
no_propagation,3700,0.049
no_propagation,3800,0.0477
no_propagation,3900,0.0467
no_propagation,4000,0.0449
no_propagation,4100,0.044
no_propagation,4200,0.043
no_propagation,4300,0.0418
no_propagation,4400,0.0403
no_propagation,4500,0.039
no_propagation,4600,0.0384
no_propagation,4700,0.0374
no_propagation,4800,0.0354
no_propagation,4900,0.0344
no_propagation,5000,0.0337
no_propagation,5100,0.0327
no_propagation,5200,0.0314
no_propagation,5300,0.0302
no_propagation,5400,0.0288
no_propagation,5500,0.0282
no_propagation,5600,0.0274
no_propagation,5700,0.0267
no_propagation,5800,0.0262
no_propagation,5900,0.0254
no_propagation,6000,0.0248
no_propagation,6100,0.024
no_propagation,6200,0.023
no_propagation,6300,0.0224
no_propagation,6400,0.0221
no_propagation,6500,0.021
no_propagation,6600,0.02
no_propagation,6700,0.0196
no_propagation,6800,0.0193
no_propagation,6900,0.0189
no_propagation,7000,0.0185
no_propagation,7100,0.0177
no_propagation,7200,0.0174
no_propagation,7300,0.0163
no_propagation,7400,0.0158
no_propagation,7500,0.0147
no_propagation,7600,0.0144
no_propagation,7700,0.0139
no_propagation,7800,0.0135
no_propagation,7900,0.0129
no_propagation,8000,0.0122
no_propagation,8100,0.0118
no_propagation,8200,0.0115
no_propagation,8300,0.0109
no_propagation,8400,0.0105
no_propagation,8500,0.0104
no_propagation,8600,0.0102
no_propagation,8700,0.0098
no_propagation,8800,0.0097
no_propagation,8900,0.0095
no_propagation,9000,0.0093
no_propagation,9100,0.0092
no_propagation,9200,0.0091
no_propagation,9300,0.0086
no_propagation,9400,0.0081
no_propagation,9500,0.008
no_propagation,9600,0.0075
no_propagation,9700,0.0071
no_propagation,9800,0.0066
no_propagation,9900,0.0065
no_propagation,10000,0.0063
no_propagation,10100,0.0064
no_propagation,10200,0.0058
no_propagation,10300,0.0056
no_propagation,10400,0.0053
no_propagation,10500,0.0051
no_propagation,10600,0.005
no_propagation,10700,0.0049
no_propagation,10800,0.0047
no_propagation,10900,0.0045
no_propagation,11000,0.0045
no_propagation,11100,0.0045
no_propagation,11200,0.0045
no_propagation,11300,0.0046
no_propagation,11400,0.0046
no_propagation,11500,0.0046
no_propagation,11600,0.0045
no_propagation,11700,0.0043
no_propagation,11800,0.0042
no_propagation,11900,0.0038
no_propagation,12000,0.0038
no_propagation,12100,0.0037
no_propagation,12200,0.0038
no_propagation,12300,0.0037
no_propagation,12400,0.0037
no_propagation,12500,0.0036
no_propagation,12600,0.0036
no_propagation,12700,0.0036
no_propagation,12800,0.0035
no_propagation,12900,0.0036
no_propagation,13000,0.0036
no_propagation,13100,0.0035
no_propagation,13200,0.0034
no_propagation,13300,0.0034
no_propagation,13400,0.0034
no_propagation,13500,0.0033
no_propagation,13600,0.0033
no_propagation,13700,0.0034
no_propagation,13800,0.0033
no_propagation,13900,0.0033
no_propagation,14000,0.0034
no_propagation,14100,0.0034
no_propagation,14200,0.0034
no_propagation,14300,0.0033
no_propagation,14400,0.003
no_propagation,14500,0.0027
no_propagation,14600,0.0027
no_propagation,14700,0.0027
no_propagation,14800,0.0028
no_propagation,14900,0.0028
no_propagation,15000,0.0026
no_propagation,15100,0.0026
no_propagation,15200,0.0028
no_propagation,15300,0.0027
no_propagation,15400,0.0027
no_propagation,15500,0.0026
no_propagation,15600,0.0024
no_propagation,15700,0.0023
no_propagation,15800,0.0023
no_propagation,15900,0.0023
no_propagation,16000,0.0024
no_propagation,16100,0.0024
no_propagation,16200,0.0024
no_propagation,16300,0.0024
no_propagation,16400,0.0024
no_propagation,16500,0.0026
no_propagation,16600,0.0026
no_propagation,16700,0.0025
no_propagation,16800,0.0025
no_propagation,16900,0.0024
no_propagation,17000,0.0024
no_propagation,17100,0.0024
no_propagation,17200,0.0024
no_propagation,17300,0.0024
no_propagation,17400,0.0026
no_propagation,17500,0.0026
no_propagation,17600,0.0025
no_propagation,17700,0.0024
no_propagation,17800,0.0023
no_propagation,17900,0.0024
no_propagation,18000,0.0026
no_propagation,18100,0.0025
no_propagation,18200,0.0026
no_propagation,18300,0.0027
no_propagation,18400,0.0028
no_propagation,18500,0.0026
no_propagation,18600,0.0026
no_propagation,18700,0.0026
no_propagation,18800,0.0026
no_propagation,18900,0.0026
no_propagation,19000,0.0028
no_propagation,19100,0.0028
no_propagation,19200,0.0028
no_propagation,19300,0.0028
no_propagation,19400,0.0029
no_propagation,19500,0.003
no_propagation,19600,0.003
no_propagation,19700,0.003
no_propagation,19800,0.0029
no_propagation,19900,0.0029
no_propagation,20000,0.003
no_propagation,20100,0.0029
no_propagation,20200,0.0028
no_propagation,20300,0.0026
no_propagation,20400,0.0025
no_propagation,20500,0.0026
no_propagation,20600,0.0025
no_propagation,20700,0.0025
no_propagation,20800,0.0026
no_propagation,20900,0.0026
no_propagation,21000,0.0024
no_propagation,21100,0.0024
no_propagation,21200,0.0024
no_propagation,21300,0.0024
no_propagation,21400,0.0025
no_propagation,21500,0.0024
no_propagation,21600,0.0024
no_propagation,21700,0.0025
no_propagation,21800,0.0024
no_propagation,21900,0.0026
no_propagation,22000,0.0028
no_propagation,22100,0.0031
no_propagation,22200,0.0034
no_propagation,22300,0.0035
no_propagation,22400,0.0035
no_propagation,22500,0.0034
no_propagation,22600,0.0035
no_propagation,22700,0.0036
no_propagation,22800,0.0037
no_propagation,22900,0.0036
no_propagation,23000,0.0036
no_propagation,23100,0.0036
no_propagation,23200,0.0037
no_propagation,23300,0.0037
no_propagation,23400,0.0037
no_propagation,23500,0.0036
no_propagation,23600,0.004
no_propagation,23700,0.0039
no_propagation,23800,0.0037
no_propagation,23900,0.0038
no_propagation,24000,0.0038
no_propagation,24100,0.0038
no_propagation,24200,0.0037
no_propagation,24300,0.0036
no_propagation,24400,0.0035
no_propagation,24500,0.0034
no_propagation,24600,0.0034
no_propagation,24700,0.0034
no_propagation,24800,0.0033
no_propagation,24900,0.0032
no_propagation,24999,0.0033
random,0,0.099
random,100,0.0978
random,200,0.0978
random,300,0.0967
random,400,0.0949
random,500,0.0933
random,600,0.093
random,700,0.091
random,800,0.0899
random,900,0.0889
random,1000,0.0879
random,1100,0.0878
random,1200,0.0863
random,1300,0.0861
random,1400,0.0852
random,1500,0.085
random,1600,0.0842
random,1700,0.0831
random,1800,0.0818
random,1900,0.0809
random,2000,0.0802
random,2100,0.0788
random,2200,0.0779
random,2300,0.077
random,2400,0.0763
random,2500,0.0747
random,2600,0.0744
random,2700,0.0738
random,2800,0.0731
random,2900,0.0731
random,3000,0.0723
random,3100,0.0712
random,3200,0.0697
random,3300,0.0687
random,3400,0.0683
random,3500,0.0662
random,3600,0.0651
random,3700,0.0645
random,3800,0.0644
random,3900,0.0635
random,4000,0.0631
random,4100,0.063
random,4200,0.0626
random,4300,0.0618
random,4400,0.0614
random,4500,0.0607
random,4600,0.06
random,4700,0.0595
random,4800,0.0592
random,4900,0.0585
random,5000,0.058
random,5100,0.0567
random,5200,0.0562
random,5300,0.0555
random,5400,0.0544
random,5500,0.0538
random,5600,0.0529
random,5700,0.0527
random,5800,0.0522
random,5900,0.0514
random,6000,0.0506
random,6100,0.0497
random,6200,0.0495
random,6300,0.0494
random,6400,0.0485
random,6500,0.0476
random,6600,0.0471
random,6700,0.0465
random,6800,0.0461
random,6900,0.046
random,7000,0.0457
random,7100,0.0452
random,7200,0.0453
random,7300,0.0446
random,7400,0.0439
random,7500,0.0426
random,7600,0.0417
random,7700,0.0409
random,7800,0.0405
random,7900,0.0399
random,8000,0.039
random,8100,0.0381
random,8200,0.0375
random,8300,0.0373
random,8400,0.0372
random,8500,0.0372
random,8600,0.0366
random,8700,0.0361
random,8800,0.0356
random,8900,0.0351
random,9000,0.0349
random,9100,0.0346
random,9200,0.0348
random,9300,0.0346
random,9400,0.0345
random,9500,0.034
random,9600,0.0337
random,9700,0.0341
random,9800,0.0341
random,9900,0.0331
random,10000,0.0327
random,10100,0.0323
random,10200,0.0323
random,10300,0.0323
random,10400,0.0317
random,10500,0.0311
random,10600,0.0311
random,10700,0.0299
random,10800,0.0298
random,10900,0.03
random,11000,0.0302
random,11100,0.0301
random,11200,0.0299
random,11300,0.0298
random,11400,0.0297
random,11500,0.0297
random,11600,0.0301
random,11700,0.0302
random,11800,0.0301
random,11900,0.0309
random,12000,0.0301
random,12100,0.0301
random,12200,0.0294
random,12300,0.0292
random,12400,0.0287
random,12500,0.0284
random,12600,0.0284
random,12700,0.0285
random,12800,0.0288
random,12900,0.0282
random,13000,0.0282
random,13100,0.0277
random,13200,0.0275
random,13300,0.0282
random,13400,0.0284
random,13500,0.028
random,13600,0.0283
random,13700,0.028
random,13800,0.0292
random,13900,0.0291
random,14000,0.0296
random,14100,0.0292
random,14200,0.0296
random,14300,0.0295
random,14400,0.0303
random,14500,0.031
random,14600,0.0307
random,14700,0.0309
random,14800,0.0306
random,14900,0.0306
random,15000,0.0299
random,15100,0.0302
random,15200,0.0307
random,15300,0.0317
random,15400,0.0317
random,15500,0.0316
random,15600,0.0321
random,15700,0.0322
random,15800,0.0324
random,15900,0.0329
random,16000,0.0332
random,16100,0.0333
random,16200,0.0335
random,16300,0.0341
random,16400,0.0343
random,16500,0.0347
random,16600,0.0348
random,16700,0.0356
random,16800,0.0353
random,16900,0.0358
random,17000,0.0364
random,17100,0.0368
random,17200,0.036
random,17300,0.0364
random,17400,0.0368
random,17500,0.0373
random,17600,0.0368
random,17700,0.0369
random,17800,0.0371
random,17900,0.037
random,18000,0.0369
random,18100,0.0378
random,18200,0.0377
random,18300,0.0376
random,18400,0.0385
random,18500,0.0386
random,18600,0.0386
random,18700,0.0399
random,18800,0.0392
random,18900,0.0394
random,19000,0.039
random,19100,0.0392
random,19200,0.0396
random,19300,0.0397
random,19400,0.0397
random,19500,0.0395
random,19600,0.0398
random,19700,0.0398
random,19800,0.0403
random,19900,0.0408
random,20000,0.0404
random,20100,0.0406
random,20200,0.0403
random,20300,0.0408
random,20400,0.041
random,20500,0.0416
random,20600,0.0417
random,20700,0.0419
random,20800,0.0415
random,20900,0.0408
random,21000,0.0411
random,21100,0.0417
random,21200,0.0419
random,21300,0.0421
random,21400,0.0429
random,21500,0.0427
random,21600,0.043
random,21700,0.0428
random,21800,0.0428
random,21900,0.0428
random,22000,0.0426
random,22100,0.043
random,22200,0.0429
random,22300,0.0439
random,22400,0.0443
random,22500,0.0451
random,22600,0.0453
random,22700,0.0457
random,22800,0.046
random,22900,0.0456
random,23000,0.0457
random,23100,0.0458
random,23200,0.0461
random,23300,0.0461
random,23400,0.0459
random,23500,0.0453
random,23600,0.0462
random,23700,0.0461
random,23800,0.0466
random,23900,0.0462
random,24000,0.0469
random,24100,0.0472
random,24200,0.0473
random,24300,0.0473
random,24400,0.0477
random,24500,0.048
random,24600,0.0476
random,24700,0.0468
random,24800,0.0466
random,24900,0.0459
random,24999,0.0463
oracle,0,0.0989
oracle,100,0.0837
oracle,200,0.0701
oracle,300,0.0576
oracle,400,0.0461
oracle,500,0.0374
oracle,600,0.0312
oracle,700,0.0247
oracle,800,0.0205
oracle,900,0.016
oracle,1000,0.0118
oracle,1100,0.009
oracle,1200,0.0073
oracle,1300,0.0051
oracle,1400,0.0038
oracle,1500,0.0029
oracle,1600,0.0018
oracle,1700,0.0014
oracle,1800,0.0012
oracle,1900,0.0012
oracle,2000,0.0011
oracle,2100,0.0007
oracle,2200,0.0005
oracle,2300,0.0005
oracle,2400,0.0003
oracle,2500,0.0003
oracle,2600,0.0003
oracle,2700,0.0002
oracle,2800,0.0001
oracle,2900,0.0001
oracle,3000,0.0001
oracle,3100,0.0
oracle,3200,0.0
oracle,3300,0.0
oracle,3400,0.0
oracle,3500,0.0
oracle,3600,0.0
oracle,3700,0.0
oracle,3800,0.0
oracle,3900,0.0
oracle,4000,0.0
oracle,4100,0.0
oracle,4200,0.0
oracle,4300,0.0
oracle,4400,0.0
oracle,4500,0.0
oracle,4600,0.0
oracle,4700,0.0
oracle,4800,0.0
oracle,4900,0.0
oracle,5000,0.0
oracle,5100,0.0
oracle,5200,0.0
oracle,5300,0.0
oracle,5400,0.0
oracle,5500,0.0
oracle,5600,0.0
oracle,5700,0.0
oracle,5800,0.0
oracle,5900,0.0
oracle,6000,0.0
oracle,6100,0.0
oracle,6200,0.0
oracle,6300,0.0
oracle,6400,0.0
oracle,6500,0.0
oracle,6600,0.0
oracle,6700,0.0
oracle,6800,0.0
oracle,6900,0.0
oracle,7000,0.0
oracle,7100,0.0
oracle,7200,0.0
oracle,7300,0.0
oracle,7400,0.0
oracle,7500,0.0
oracle,7600,0.0
oracle,7700,0.0
oracle,7800,0.0
oracle,7900,0.0
oracle,8000,0.0
oracle,8100,0.0
oracle,8200,0.0
oracle,8300,0.0
oracle,8400,0.0
oracle,8500,0.0
oracle,8600,0.0
oracle,8700,0.0
oracle,8800,0.0
oracle,8900,0.0
oracle,9000,0.0
oracle,9100,0.0
oracle,9200,0.0
oracle,9300,0.0
oracle,9400,0.0
oracle,9500,0.0
oracle,9600,0.0
oracle,9700,0.0
oracle,9800,0.0
oracle,9900,0.0
oracle,10000,0.0
oracle,10100,0.0
oracle,10200,0.0
oracle,10300,0.0
oracle,10400,0.0
oracle,10500,0.0
oracle,10600,0.0
oracle,10700,0.0
oracle,10800,0.0
oracle,10900,0.0
oracle,11000,0.0
oracle,11100,0.0
oracle,11200,0.0
oracle,11300,0.0
oracle,11400,0.0
oracle,11500,0.0
oracle,11600,0.0
oracle,11700,0.0
oracle,11800,0.0
oracle,11900,0.0
oracle,12000,0.0
oracle,12100,0.0
oracle,12200,0.0
oracle,12300,0.0
oracle,12400,0.0
oracle,12500,0.0
oracle,12600,0.0
oracle,12700,0.0
oracle,12800,0.0
oracle,12900,0.0
oracle,13000,0.0
oracle,13100,0.0
oracle,13200,0.0
oracle,13300,0.0
oracle,13400,0.0
oracle,13500,0.0
oracle,13600,0.0
oracle,13700,0.0
oracle,13800,0.0
oracle,13900,0.0
oracle,14000,0.0
oracle,14100,0.0
oracle,14200,0.0
oracle,14300,0.0
oracle,14400,0.0
oracle,14500,0.0
oracle,14600,0.0
oracle,14700,0.0
oracle,14800,0.0
oracle,14900,0.0
oracle,15000,0.0
oracle,15100,0.0
oracle,15200,0.0
oracle,15300,0.0
oracle,15400,0.0
oracle,15500,0.0
oracle,15600,0.0
oracle,15700,0.0
oracle,15800,0.0
oracle,15900,0.0
oracle,16000,0.0
oracle,16100,0.0
oracle,16200,0.0
oracle,16300,0.0
oracle,16400,0.0
oracle,16500,0.0
oracle,16600,0.0
oracle,16700,0.0
oracle,16800,0.0
oracle,16900,0.0
oracle,17000,0.0
oracle,17100,0.0
oracle,17200,0.0
oracle,17300,0.0
oracle,17400,0.0
oracle,17500,0.0
oracle,17600,0.0
oracle,17700,0.0
oracle,17800,0.0
oracle,17900,0.0
oracle,18000,0.0
oracle,18100,0.0
oracle,18200,0.0
oracle,18300,0.0
oracle,18400,0.0
oracle,18500,0.0
oracle,18600,0.0
oracle,18700,0.0
oracle,18800,0.0
oracle,18900,0.0
oracle,19000,0.0
oracle,19100,0.0
oracle,19200,0.0
oracle,19300,0.0
oracle,19400,0.0
oracle,19500,0.0
oracle,19600,0.0
oracle,19700,0.0
oracle,19800,0.0
oracle,19900,0.0
oracle,20000,0.0
oracle,20100,0.0
oracle,20200,0.0
oracle,20300,0.0
oracle,20400,0.0
oracle,20500,0.0
oracle,20600,0.0
oracle,20700,0.0
oracle,20800,0.0
oracle,20900,0.0
oracle,21000,0.0
oracle,21100,0.0
oracle,21200,0.0
oracle,21300,0.0
oracle,21400,0.0
oracle,21500,0.0
oracle,21600,0.0
oracle,21700,0.0
oracle,21800,0.0
oracle,21900,0.0
oracle,22000,0.0
oracle,22100,0.0
oracle,22200,0.0
oracle,22300,0.0
oracle,22400,0.0
oracle,22500,0.0
oracle,22600,0.0
oracle,22700,0.0
oracle,22800,0.0
oracle,22900,0.0
oracle,23000,0.0
oracle,23100,0.0
oracle,23200,0.0
oracle,23300,0.0
oracle,23400,0.0
oracle,23500,0.0
oracle,23600,0.0
oracle,23700,0.0
oracle,23800,0.0
oracle,23900,0.0
oracle,24000,0.0
oracle,24100,0.0
oracle,24200,0.0
oracle,24300,0.0
oracle,24400,0.0
oracle,24500,0.0
oracle,24600,0.0
oracle,24700,0.0
oracle,24800,0.0
oracle,24900,0.0
oracle,24999,0.0
no_control,0,0.0991
no_control,100,0.1002
no_control,200,0.1009
no_control,300,0.1016
no_control,400,0.1024
no_control,500,0.1034
no_control,600,0.1049
no_control,700,0.1062
no_control,800,0.1071
no_control,900,0.1086
no_control,1000,0.1094
no_control,1100,0.1106
no_control,1200,0.1119
no_control,1300,0.1127
no_control,1400,0.1139
no_control,1500,0.1147
no_control,1600,0.1163
no_control,1700,0.1166
no_control,1800,0.117
no_control,1900,0.1182
no_control,2000,0.119
no_control,2100,0.1192
no_control,2200,0.12
no_control,2300,0.1212
no_control,2400,0.122
no_control,2500,0.1234
no_control,2600,0.1244
no_control,2700,0.1261
no_control,2800,0.1272
no_control,2900,0.1282
no_control,3000,0.1284
no_control,3100,0.1295
no_control,3200,0.1301
no_control,3300,0.1306
no_control,3400,0.131
no_control,3500,0.1313
no_control,3600,0.1315
no_control,3700,0.132
no_control,3800,0.1325
no_control,3900,0.1329
no_control,4000,0.1345
no_control,4100,0.1359
no_control,4200,0.1371
no_control,4300,0.1381
no_control,4400,0.1392
no_control,4500,0.1399
no_control,4600,0.141
no_control,4700,0.1423
no_control,4800,0.143
no_control,4900,0.1443
no_control,5000,0.1456
no_control,5100,0.1458
no_control,5200,0.1469
no_control,5300,0.1478
no_control,5400,0.1489
no_control,5500,0.15
no_control,5600,0.1513
no_control,5700,0.1525
no_control,5800,0.1531
no_control,5900,0.1541
no_control,6000,0.1552
no_control,6100,0.1564
no_control,6200,0.1566
no_control,6300,0.1579
no_control,6400,0.1587
no_control,6500,0.1589
no_control,6600,0.1601
no_control,6700,0.1609
no_control,6800,0.1615
no_control,6900,0.1624
no_control,7000,0.1635
no_control,7100,0.1642
no_control,7200,0.1653
no_control,7300,0.1665
no_control,7400,0.1675
no_control,7500,0.1681
no_control,7600,0.1692
no_control,7700,0.1708
no_control,7800,0.1711
no_control,7900,0.1723
no_control,8000,0.1726
no_control,8100,0.1732
no_control,8200,0.1742
no_control,8300,0.1744
no_control,8400,0.1755
no_control,8500,0.1763
no_control,8600,0.177
no_control,8700,0.1765
no_control,8800,0.1776
no_control,8900,0.1781
no_control,9000,0.1787
no_control,9100,0.18
no_control,9200,0.1809
no_control,9300,0.1821
no_control,9400,0.1827
no_control,9500,0.1829
no_control,9600,0.1837
no_control,9700,0.1852
no_control,9800,0.1866
no_control,9900,0.1872
no_control,10000,0.1878
no_control,10100,0.1895
no_control,10200,0.19
no_control,10300,0.1911
no_control,10400,0.1911
no_control,10500,0.1922
no_control,10600,0.1935
no_control,10700,0.1939
no_control,10800,0.1945
no_control,10900,0.1959
no_control,11000,0.1971
no_control,11100,0.1977
no_control,11200,0.1996
no_control,11300,0.2002
no_control,11400,0.2013
no_control,11500,0.2019
no_control,11600,0.2032
no_control,11700,0.2036
no_control,11800,0.2044
no_control,11900,0.2054
no_control,12000,0.2057
no_control,12100,0.207
no_control,12200,0.207
no_control,12300,0.2074
no_control,12400,0.209
no_control,12500,0.2102
no_control,12600,0.212
no_control,12700,0.2135
no_control,12800,0.2163
no_control,12900,0.2183
no_control,13000,0.2198
no_control,13100,0.2206
no_control,13200,0.2221
no_control,13300,0.225
no_control,13400,0.2266
no_control,13500,0.2279
no_control,13600,0.2296
no_control,13700,0.2314
no_control,13800,0.2341
no_control,13900,0.2354
no_control,14000,0.2369
no_control,14100,0.2394
no_control,14200,0.2418
no_control,14300,0.2433
no_control,14400,0.2459
no_control,14500,0.2464
no_control,14600,0.2478
no_control,14700,0.2497
no_control,14800,0.252
no_control,14900,0.2544
no_control,15000,0.2559
no_control,15100,0.2574
no_control,15200,0.2604
no_control,15300,0.2624
no_control,15400,0.2635
no_control,15500,0.2657
no_control,15600,0.2676
no_control,15700,0.2702
no_control,15800,0.272
no_control,15900,0.2731
no_control,16000,0.2762
no_control,16100,0.2782
no_control,16200,0.2805
no_control,16300,0.2817
no_control,16400,0.2841
no_control,16500,0.2864
no_control,16600,0.2886
no_control,16700,0.2904
no_control,16800,0.2922
no_control,16900,0.2938
no_control,17000,0.2961
no_control,17100,0.2979
no_control,17200,0.2996
no_control,17300,0.3025
no_control,17400,0.3054
no_control,17500,0.307
no_control,17600,0.3084
no_control,17700,0.3106
no_control,17800,0.3127
no_control,17900,0.3154
no_control,18000,0.3175
no_control,18100,0.3195
no_control,18200,0.3228
no_control,18300,0.3247
no_control,18400,0.3275
no_control,18500,0.3289
no_control,18600,0.3315
no_control,18700,0.3339
no_control,18800,0.3354
no_control,18900,0.3379
no_control,19000,0.3408
no_control,19100,0.3429
no_control,19200,0.3449
no_control,19300,0.3458
no_control,19400,0.348
no_control,19500,0.3498
no_control,19600,0.3518
no_control,19700,0.3538
no_control,19800,0.3559
no_control,19900,0.3568
no_control,20000,0.3578
no_control,20100,0.3594
no_control,20200,0.3615
no_control,20300,0.3647
no_control,20400,0.3668
no_control,20500,0.3688
no_control,20600,0.3702
no_control,20700,0.3721
no_control,20800,0.3739
no_control,20900,0.3754
no_control,21000,0.3777
no_control,21100,0.3804
no_control,21200,0.3817
no_control,21300,0.3834
no_control,21400,0.3865
no_control,21500,0.3888
no_control,21600,0.3906
no_control,21700,0.392
no_control,21800,0.3931
no_control,21900,0.3941
no_control,22000,0.3959
no_control,22100,0.3978
no_control,22200,0.3994
no_control,22300,0.4008
no_control,22400,0.4029
no_control,22500,0.4056
no_control,22600,0.4082
no_control,22700,0.4096
no_control,22800,0.4117
no_control,22900,0.4134
no_control,23000,0.4159
no_control,23100,0.4171
no_control,23200,0.4195
no_control,23300,0.4208
no_control,23400,0.424
no_control,23500,0.4262
no_control,23600,0.4292
no_control,23700,0.4318
no_control,23800,0.4339
no_control,23900,0.4358
no_control,24000,0.4374
no_control,24100,0.4397
no_control,24200,0.442
no_control,24300,0.4425
no_control,24400,0.4452
no_control,24500,0.4476
no_control,24600,0.4492
no_control,24700,0.4504
no_control,24800,0.4515
no_control,24900,0.4529
no_control,24999,0.4537
