variant,event,risk
full,0,0.2237
full,100,0.22055
full,200,0.21745
full,300,0.2145
full,400,0.2109
full,500,0.2083
full,600,0.2058
full,700,0.2029
full,800,0.2008
full,900,0.19795
full,1000,0.1954
full,1100,0.19385
full,1200,0.1923
full,1300,0.1912
full,1400,0.18835
full,1500,0.18605
full,1600,0.18385
full,1700,0.1802
full,1800,0.17685
full,1900,0.1737
full,2000,0.17015
full,2100,0.16635
full,2200,0.1623
full,2300,0.15825
full,2400,0.15415
full,2500,0.1509
full,2600,0.1483
full,2700,0.14515
full,2800,0.1412
full,2900,0.1379
full,3000,0.13375
full,3100,0.13025
full,3200,0.12725
full,3300,0.12375
full,3400,0.1197
full,3500,0.11545
full,3600,0.11175
full,3700,0.10775
full,3800,0.10355
full,3900,0.0996
full,4000,0.09575
full,4100,0.09175
full,4200,0.0883
full,4300,0.0837
full,4400,0.0794
full,4500,0.07495
full,4600,0.07135
full,4700,0.0682
full,4800,0.06445
full,4900,0.06135
full,5000,0.0585
full,5100,0.05625
full,5200,0.053
full,5300,0.05065
full,5400,0.0479
full,5500,0.0456
full,5600,0.0431
full,5700,0.0406
full,5800,0.039
full,5900,0.03665
full,6000,0.03505
full,6100,0.03245
full,6200,0.03005
full,6300,0.0285
full,6400,0.02665
full,6500,0.0253
full,6600,0.02445
full,6700,0.0232
full,6800,0.0215
full,6900,0.0203
full,7000,0.01955
full,7100,0.0187
full,7200,0.01785
full,7300,0.01755
full,7400,0.0166
full,7500,0.0161
full,7600,0.01515
full,7700,0.01435
full,7800,0.01385
full,7900,0.0128
full,8000,0.01205
full,8100,0.01175
full,8200,0.01105
full,8300,0.01045
full,8400,0.01015
full,8500,0.01005
full,8600,0.0101
full,8700,0.00955
full,8800,0.00965
full,8900,0.0093
full,9000,0.00925
full,9100,0.0096
full,9200,0.0094
full,9300,0.0094
full,9400,0.00895
full,9500,0.0087
full,9600,0.0083
full,9700,0.00825
full,9800,0.0084
full,9900,0.00805
full,10000,0.00785
full,10100,0.00795
full,10200,0.00805
full,10300,0.0081
full,10400,0.00825
full,10500,0.00805
full,10600,0.00805
full,10700,0.00835
full,10800,0.0085
full,10900,0.0087
full,11000,0.00855
full,11100,0.0086
full,11200,0.00855
full,11300,0.00855
full,11400,0.009
full,11500,0.00925
full,11600,0.00955
full,11700,0.00985
full,11800,0.0094
full,11900,0.00955
full,12000,0.00935
full,12100,0.0092
full,12200,0.009
full,12300,0.00845
full,12400,0.0088
full,12500,0.00895
full,12600,0.0091
full,12700,0.00885
full,12800,0.0085
full,12900,0.00875
full,13000,0.00875
full,13100,0.0088
full,13200,0.00905
full,13300,0.00935
full,13400,0.00965
full,13500,0.00985
full,13600,0.00955
full,13700,0.00955
full,13800,0.0099
full,13900,0.0098
full,14000,0.01005
full,14100,0.0104
full,14200,0.01105
full,14300,0.01145
full,14400,0.01105
full,14500,0.0112
full,14600,0.01095
full,14700,0.0112
full,14800,0.0113
full,14900,0.0113
full,15000,0.0114
full,15100,0.0119
full,15200,0.0119
full,15300,0.0119
full,15400,0.0119
full,15500,0.01235
full,15600,0.0127
full,15700,0.0125
full,15800,0.01255
full,15900,0.01255
full,16000,0.01255
full,16100,0.01215
full,16200,0.0119
full,16300,0.0116
full,16400,0.0119
full,16500,0.01195
full,16600,0.0122
full,16700,0.01205
full,16800,0.0122
full,16900,0.0122
full,17000,0.01265
full,17100,0.01325
full,17200,0.0128
full,17300,0.0124
full,17400,0.01225
full,17500,0.0122
full,17600,0.0123
full,17700,0.01215
full,17800,0.01225
full,17900,0.01215
full,18000,0.01255
full,18100,0.01235
full,18200,0.01285
full,18300,0.0128
full,18400,0.0132
full,18500,0.01325
full,18600,0.0137
full,18700,0.01395
full,18800,0.01395
full,18900,0.0139
full,19000,0.01385
full,19100,0.0138
full,19200,0.0135
full,19300,0.0131
full,19400,0.01325
full,19500,0.01295
full,19600,0.01295
full,19700,0.0131
full,19800,0.0133
full,19900,0.0136
full,19999,0.0138
fixed_memory,0,0.2237
fixed_memory,100,0.2203
fixed_memory,200,0.21705
fixed_memory,300,0.21395
fixed_memory,400,0.21035
fixed_memory,500,0.20755
fixed_memory,600,0.20495
fixed_memory,700,0.20185
fixed_memory,800,0.1996
fixed_memory,900,0.1972
fixed_memory,1000,0.1947
fixed_memory,1100,0.19295
fixed_memory,1200,0.1915
fixed_memory,1300,0.19085
fixed_memory,1400,0.18825
fixed_memory,1500,0.1858
fixed_memory,1600,0.1839
fixed_memory,1700,0.18055
fixed_memory,1800,0.17755
fixed_memory,1900,0.17455
fixed_memory,2000,0.1716
fixed_memory,2100,0.1681
fixed_memory,2200,0.165
fixed_memory,2300,0.16065
fixed_memory,2400,0.15725
fixed_memory,2500,0.15395
fixed_memory,2600,0.15155
fixed_memory,2700,0.14855
fixed_memory,2800,0.1445
fixed_memory,2900,0.1409
fixed_memory,3000,0.13645
fixed_memory,3100,0.13255
fixed_memory,3200,0.12985
fixed_memory,3300,0.12655
fixed_memory,3400,0.12335
fixed_memory,3500,0.1198
fixed_memory,3600,0.1152
fixed_memory,3700,0.11135
fixed_memory,3800,0.10715
fixed_memory,3900,0.10335
fixed_memory,4000,0.09935
fixed_memory,4100,0.095
fixed_memory,4200,0.0916
fixed_memory,4300,0.0865
fixed_memory,4400,0.08205
fixed_memory,4500,0.0781
fixed_memory,4600,0.07395
fixed_memory,4700,0.07105
fixed_memory,4800,0.0669
fixed_memory,4900,0.0636
fixed_memory,5000,0.06115
fixed_memory,5100,0.05815
fixed_memory,5200,0.05455
fixed_memory,5300,0.0514
fixed_memory,5400,0.0483
fixed_memory,5500,0.04595
fixed_memory,5600,0.04345
fixed_memory,5700,0.04055
fixed_memory,5800,0.039
fixed_memory,5900,0.03675
fixed_memory,6000,0.03475
fixed_memory,6100,0.0322
fixed_memory,6200,0.03005
fixed_memory,6300,0.0286
fixed_memory,6400,0.02655
fixed_memory,6500,0.02455
fixed_memory,6600,0.0235
fixed_memory,6700,0.02155
fixed_memory,6800,0.02025
fixed_memory,6900,0.01905
fixed_memory,7000,0.0183
fixed_memory,7100,0.0176
fixed_memory,7200,0.01705
fixed_memory,7300,0.01645
fixed_memory,7400,0.01525
fixed_memory,7500,0.0148
fixed_memory,7600,0.01425
fixed_memory,7700,0.0131
fixed_memory,7800,0.01265
fixed_memory,7900,0.01185
fixed_memory,8000,0.01135
fixed_memory,8100,0.01105
fixed_memory,8200,0.0107
fixed_memory,8300,0.00995
fixed_memory,8400,0.0096
fixed_memory,8500,0.0094
fixed_memory,8600,0.0096
fixed_memory,8700,0.009
fixed_memory,8800,0.00915
fixed_memory,8900,0.00885
fixed_memory,9000,0.00875
fixed_memory,9100,0.0093
fixed_memory,9200,0.0092
fixed_memory,9300,0.0092
fixed_memory,9400,0.009
fixed_memory,9500,0.0087
fixed_memory,9600,0.0084
fixed_memory,9700,0.0085
fixed_memory,9800,0.00855
fixed_memory,9900,0.0081
fixed_memory,10000,0.00755
fixed_memory,10100,0.0078
fixed_memory,10200,0.00805
fixed_memory,10300,0.0082
fixed_memory,10400,0.0082
fixed_memory,10500,0.008
fixed_memory,10600,0.00815
fixed_memory,10700,0.0085
fixed_memory,10800,0.00885
fixed_memory,10900,0.009
fixed_memory,11000,0.0088
fixed_memory,11100,0.00895
fixed_memory,11200,0.00905
fixed_memory,11300,0.0089
fixed_memory,11400,0.00935
fixed_memory,11500,0.00965
fixed_memory,11600,0.0097
fixed_memory,11700,0.01
fixed_memory,11800,0.0098
fixed_memory,11900,0.0098
fixed_memory,12000,0.00975
fixed_memory,12100,0.00965
fixed_memory,12200,0.0094
fixed_memory,12300,0.0089
fixed_memory,12400,0.00925
fixed_memory,12500,0.0096
fixed_memory,12600,0.0098
fixed_memory,12700,0.00955
fixed_memory,12800,0.0092
fixed_memory,12900,0.00955
fixed_memory,13000,0.00955
fixed_memory,13100,0.00975
fixed_memory,13200,0.0101
fixed_memory,13300,0.01025
fixed_memory,13400,0.0104
fixed_memory,13500,0.01045
fixed_memory,13600,0.01025
fixed_memory,13700,0.0104
fixed_memory,13800,0.01075
fixed_memory,13900,0.0107
fixed_memory,14000,0.01105
fixed_memory,14100,0.0112
fixed_memory,14200,0.0117
fixed_memory,14300,0.01215
fixed_memory,14400,0.01195
fixed_memory,14500,0.01185
fixed_memory,14600,0.0117
fixed_memory,14700,0.01195
fixed_memory,14800,0.012
fixed_memory,14900,0.012
fixed_memory,15000,0.01205
fixed_memory,15100,0.0124
fixed_memory,15200,0.01245
fixed_memory,15300,0.0125
fixed_memory,15400,0.0126
fixed_memory,15500,0.01305
fixed_memory,15600,0.01335
fixed_memory,15700,0.01315
fixed_memory,15800,0.0135
fixed_memory,15900,0.0137
fixed_memory,16000,0.01395
fixed_memory,16100,0.01345
fixed_memory,16200,0.01315
fixed_memory,16300,0.01315
fixed_memory,16400,0.0135
fixed_memory,16500,0.01345
fixed_memory,16600,0.0136
fixed_memory,16700,0.01335
fixed_memory,16800,0.01325
fixed_memory,16900,0.0133
fixed_memory,17000,0.0139
fixed_memory,17100,0.0144
fixed_memory,17200,0.0138
fixed_memory,17300,0.01345
fixed_memory,17400,0.01355
fixed_memory,17500,0.01345
fixed_memory,17600,0.01315
fixed_memory,17700,0.0131
fixed_memory,17800,0.01345
fixed_memory,17900,0.01335
fixed_memory,18000,0.01385
fixed_memory,18100,0.01355
fixed_memory,18200,0.01385
fixed_memory,18300,0.01365
fixed_memory,18400,0.01415
fixed_memory,18500,0.01405
fixed_memory,18600,0.01455
fixed_memory,18700,0.0149
fixed_memory,18800,0.01465
fixed_memory,18900,0.01465
fixed_memory,19000,0.01455
fixed_memory,19100,0.01445
fixed_memory,19200,0.01415
fixed_memory,19300,0.014
fixed_memory,19400,0.0142
fixed_memory,19500,0.01425
fixed_memory,19600,0.0143
fixed_memory,19700,0.0144
fixed_memory,19800,0.01425
fixed_memory,19900,0.0144
fixed_memory,19999,0.0146
no_propagation,0,0.2237
no_propagation,100,0.21985
no_propagation,200,0.2153
no_propagation,300,0.21115
no_propagation,400,0.20685
no_propagation,500,0.20265
no_propagation,600,0.19805
no_propagation,700,0.19335
no_propagation,800,0.1897
no_propagation,900,0.1852
no_propagation,1000,0.18135
no_propagation,1100,0.1784
no_propagation,1200,0.17485
no_propagation,1300,0.17105
no_propagation,1400,0.1663
no_propagation,1500,0.1629
no_propagation,1600,0.1588
no_propagation,1700,0.1544
no_propagation,1800,0.15055
no_propagation,1900,0.1465
no_propagation,2000,0.1423
no_propagation,2100,0.13895
no_propagation,2200,0.135
no_propagation,2300,0.1308
no_propagation,2400,0.12705
no_propagation,2500,0.1234
no_propagation,2600,0.1205
no_propagation,2700,0.11685
no_propagation,2800,0.1133
no_propagation,2900,0.1098
no_propagation,3000,0.1064
no_propagation,3100,0.10285
no_propagation,3200,0.1005
no_propagation,3300,0.0972
no_propagation,3400,0.09495
no_propagation,3500,0.09275
no_propagation,3600,0.0891
no_propagation,3700,0.0863
no_propagation,3800,0.08395
no_propagation,3900,0.08155
no_propagation,4000,0.07845
no_propagation,4100,0.07635
no_propagation,4200,0.0742
no_propagation,4300,0.072
no_propagation,4400,0.06925
no_propagation,4500,0.06695
no_propagation,4600,0.06515
no_propagation,4700,0.0628
no_propagation,4800,0.0603
no_propagation,4900,0.0585
no_propagation,5000,0.0572
no_propagation,5100,0.05515
no_propagation,5200,0.05315
no_propagation,5300,0.0511
no_propagation,5400,0.04895
no_propagation,5500,0.04805
no_propagation,5600,0.04615
no_propagation,5700,0.04505
no_propagation,5800,0.044
no_propagation,5900,0.0427
no_propagation,6000,0.0416
no_propagation,6100,0.0401
no_propagation,6200,0.0384
no_propagation,6300,0.03725
no_propagation,6400,0.03635
no_propagation,6500,0.03485
no_propagation,6600,0.03365
no_propagation,6700,0.03315
no_propagation,6800,0.032
no_propagation,6900,0.0312
no_propagation,7000,0.03045
no_propagation,7100,0.0291
no_propagation,7200,0.0285
no_propagation,7300,0.02755
no_propagation,7400,0.0269
no_propagation,7500,0.0255
no_propagation,7600,0.0251
no_propagation,7700,0.0244
no_propagation,7800,0.0235
no_propagation,7900,0.0226
no_propagation,8000,0.0217
no_propagation,8100,0.02085
no_propagation,8200,0.02035
no_propagation,8300,0.0194
no_propagation,8400,0.01885
no_propagation,8500,0.0187
no_propagation,8600,0.0184
no_propagation,8700,0.0176
no_propagation,8800,0.01765
no_propagation,8900,0.0171
no_propagation,9000,0.01685
no_propagation,9100,0.017
no_propagation,9200,0.0166
no_propagation,9300,0.01595
no_propagation,9400,0.01535
no_propagation,9500,0.01485
no_propagation,9600,0.0143
no_propagation,9700,0.01385
no_propagation,9800,0.01345
no_propagation,9900,0.0128
no_propagation,10000,0.0123
no_propagation,10100,0.0126
no_propagation,10200,0.01235
no_propagation,10300,0.01205
no_propagation,10400,0.01195
no_propagation,10500,0.01165
no_propagation,10600,0.0118
no_propagation,10700,0.01165
no_propagation,10800,0.01165
no_propagation,10900,0.0119
no_propagation,11000,0.01165
no_propagation,11100,0.01165
no_propagation,11200,0.01165
no_propagation,11300,0.0114
no_propagation,11400,0.01175
no_propagation,11500,0.012
no_propagation,11600,0.0119
no_propagation,11700,0.01185
no_propagation,11800,0.0115
no_propagation,11900,0.0114
no_propagation,12000,0.01135
no_propagation,12100,0.01155
no_propagation,12200,0.0113
no_propagation,12300,0.01125
no_propagation,12400,0.01145
no_propagation,12500,0.0115
no_propagation,12600,0.01165
no_propagation,12700,0.01115
no_propagation,12800,0.0109
no_propagation,12900,0.0111
no_propagation,13000,0.01105
no_propagation,13100,0.011
no_propagation,13200,0.01115
no_propagation,13300,0.01115
no_propagation,13400,0.0116
no_propagation,13500,0.01185
no_propagation,13600,0.01165
no_propagation,13700,0.01165
no_propagation,13800,0.0118
no_propagation,13900,0.01165
no_propagation,14000,0.01195
no_propagation,14100,0.0122
no_propagation,14200,0.01245
no_propagation,14300,0.0129
no_propagation,14400,0.0124
no_propagation,14500,0.01225
no_propagation,14600,0.01185
no_propagation,14700,0.01215
no_propagation,14800,0.01215
no_propagation,14900,0.01235
no_propagation,15000,0.0124
no_propagation,15100,0.0127
no_propagation,15200,0.01275
no_propagation,15300,0.0128
no_propagation,15400,0.0125
no_propagation,15500,0.0128
no_propagation,15600,0.0126
no_propagation,15700,0.0126
no_propagation,15800,0.01275
no_propagation,15900,0.0131
no_propagation,16000,0.0131
no_propagation,16100,0.0126
no_propagation,16200,0.01255
no_propagation,16300,0.0126
no_propagation,16400,0.0129
no_propagation,16500,0.0127
no_propagation,16600,0.0131
no_propagation,16700,0.0131
no_propagation,16800,0.01315
no_propagation,16900,0.01305
no_propagation,17000,0.0135
no_propagation,17100,0.014
no_propagation,17200,0.0135
no_propagation,17300,0.01325
no_propagation,17400,0.0132
no_propagation,17500,0.0132
no_propagation,17600,0.01305
no_propagation,17700,0.013
no_propagation,17800,0.01295
no_propagation,17900,0.0128
no_propagation,18000,0.0132
no_propagation,18100,0.0131
no_propagation,18200,0.0136
no_propagation,18300,0.0135
no_propagation,18400,0.01385
no_propagation,18500,0.01335
no_propagation,18600,0.0139
no_propagation,18700,0.0141
no_propagation,18800,0.014
no_propagation,18900,0.014
no_propagation,19000,0.014
no_propagation,19100,0.0139
no_propagation,19200,0.01385
no_propagation,19300,0.0135
no_propagation,19400,0.014
no_propagation,19500,0.01395
no_propagation,19600,0.0141
no_propagation,19700,0.0142
no_propagation,19800,0.01415
no_propagation,19900,0.0144
no_propagation,19999,0.01445
random,0,0.2237
random,100,0.22045
random,200,0.2183
random,300,0.21505
random,400,0.2109
random,500,0.20705
random,600,0.20385
random,700,0.19995
random,800,0.1968
random,900,0.1933
random,1000,0.1913
random,1100,0.18935
random,1200,0.1864
random,1300,0.18505
random,1400,0.1822
random,1500,0.18055
random,1600,0.17855
random,1700,0.17605
random,1800,0.173
random,1900,0.16975
random,2000,0.16795
random,2100,0.16475
random,2200,0.16255
random,2300,0.1603
random,2400,0.1581
random,2500,0.15585
random,2600,0.15495
random,2700,0.1534
random,2800,0.1514
random,2900,0.1503
random,3000,0.14835
random,3100,0.14605
random,3200,0.1438
random,3300,0.14125
random,3400,0.1398
random,3500,0.137
random,3600,0.13565
random,3700,0.13435
random,3800,0.1331
random,3900,0.13155
random,4000,0.13065
random,4100,0.12965
random,4200,0.1287
random,4300,0.12725
random,4400,0.1261
random,4500,0.12505
random,4600,0.12355
random,4700,0.12225
random,4800,0.1215
random,4900,0.12025
random,5000,0.1196
random,5100,0.1174
random,5200,0.1164
random,5300,0.11575
random,5400,0.11445
random,5500,0.1135
random,5600,0.112
random,5700,0.11155
random,5800,0.1102
random,5900,0.10835
random,6000,0.1069
random,6100,0.10495
random,6200,0.10405
random,6300,0.10365
random,6400,0.1022
random,6500,0.10085
random,6600,0.10005
random,6700,0.0993
random,6800,0.09835
random,6900,0.09805
random,7000,0.09775
random,7100,0.097
random,7200,0.0972
random,7300,0.0965
random,7400,0.096
random,7500,0.0946
random,7600,0.0938
random,7700,0.09285
random,7800,0.0926
random,7900,0.0917
random,8000,0.0903
random,8100,0.0888
random,8200,0.08785
random,8300,0.08705
random,8400,0.0865
random,8500,0.08635
random,8600,0.0855
random,8700,0.0849
random,8800,0.08495
random,8900,0.08405
random,9000,0.08385
random,9100,0.08365
random,9200,0.08355
random,9300,0.08285
random,9400,0.08275
random,9500,0.082
random,9600,0.0818
random,9700,0.08155
random,9800,0.0812
random,9900,0.0801
random,10000,0.07955
random,10100,0.0807
random,10200,0.0813
random,10300,0.0824
random,10400,0.0828
random,10500,0.0833
random,10600,0.0841
random,10700,0.0837
random,10800,0.085
random,10900,0.08605
random,11000,0.08655
random,11100,0.08675
random,11200,0.08715
random,11300,0.08785
random,11400,0.08895
random,11500,0.08995
random,11600,0.09025
random,11700,0.09065
random,11800,0.09125
random,11900,0.0919
random,12000,0.09265
random,12100,0.09295
random,12200,0.09275
random,12300,0.09365
random,12400,0.09405
random,12500,0.09495
random,12600,0.09485
random,12700,0.09525
random,12800,0.0954
random,12900,0.09505
random,13000,0.09565
random,13100,0.09605
random,13200,0.0968
random,13300,0.09745
random,13400,0.09765
random,13500,0.0976
random,13600,0.0983
random,13700,0.098
random,13800,0.0985
random,13900,0.09905
random,14000,0.09955
random,14100,0.1
random,14200,0.1005
random,14300,0.10075
random,14400,0.10145
random,14500,0.10125
random,14600,0.10065
random,14700,0.10135
random,14800,0.10145
random,14900,0.1018
random,15000,0.1015
random,15100,0.10165
random,15200,0.1021
random,15300,0.1025
random,15400,0.1028
random,15500,0.10265
random,15600,0.1031
random,15700,0.10355
random,15800,0.1045
random,15900,0.10495
random,16000,0.1058
random,16100,0.10545
random,16200,0.1058
random,16300,0.10635
random,16400,0.10635
random,16500,0.107
random,16600,0.107
random,16700,0.1067
random,16800,0.1066
random,16900,0.1071
random,17000,0.1084
random,17100,0.1086
random,17200,0.10805
random,17300,0.1072
random,17400,0.10805
random,17500,0.1084
random,17600,0.1089
random,17700,0.10895
random,17800,0.10945
random,17900,0.10935
random,18000,0.1094
random,18100,0.11055
random,18200,0.1111
random,18300,0.1106
random,18400,0.11105
random,18500,0.1114
random,18600,0.11205
random,18700,0.1129
random,18800,0.11215
random,18900,0.112
random,19000,0.1116
random,19100,0.1112
random,19200,0.11115
random,19300,0.1105
random,19400,0.1109
random,19500,0.1106
random,19600,0.11065
random,19700,0.11005
random,19800,0.1105
random,19900,0.11055
random,19999,0.1109
oracle,0,0.2236
oracle,100,0.20675
oracle,200,0.1906
oracle,300,0.17515
oracle,400,0.15965
oracle,500,0.1459
oracle,600,0.13335
oracle,700,0.1209
oracle,800,0.1104
oracle,900,0.09985
oracle,1000,0.09035
oracle,1100,0.0814
oracle,1200,0.0732
oracle,1300,0.0654
oracle,1400,0.05845
oracle,1500,0.0518
oracle,1600,0.0459
oracle,1700,0.0401
oracle,1800,0.0345
oracle,1900,0.0301
oracle,2000,0.02565
oracle,2100,0.0213
oracle,2200,0.0182
oracle,2300,0.0147
oracle,2400,0.0117
oracle,2500,0.00935
oracle,2600,0.0078
oracle,2700,0.00615
oracle,2800,0.00495
oracle,2900,0.00345
oracle,3000,0.0027
oracle,3100,0.00195
oracle,3200,0.00155
oracle,3300,0.0011
oracle,3400,0.0008
oracle,3500,0.00065
oracle,3600,0.00035
oracle,3700,0.0002
oracle,3800,0.00025
oracle,3900,0.00015
oracle,4000,0.00025
oracle,4100,0.00025
oracle,4200,0.00025
oracle,4300,0.0001
oracle,4400,5e-05
oracle,4500,0.0001
oracle,4600,0.0001
oracle,4700,5e-05
oracle,4800,0.0
oracle,4900,0.0
oracle,5000,0.0
oracle,5100,5e-05
oracle,5200,5e-05
oracle,5300,5e-05
oracle,5400,5e-05
oracle,5500,0.0001
oracle,5600,0.0001
oracle,5700,0.0001
oracle,5800,0.0001
oracle,5900,5e-05
oracle,6000,0.0
oracle,6100,0.0
oracle,6200,0.0001
oracle,6300,0.0001
oracle,6400,0.00015
oracle,6500,0.0001
oracle,6600,0.00015
oracle,6700,0.0002
oracle,6800,0.00025
oracle,6900,0.0002
oracle,7000,0.0003
oracle,7100,0.00025
oracle,7200,0.00035
oracle,7300,0.00035
oracle,7400,0.0004
oracle,7500,0.00035
oracle,7600,0.00035
oracle,7700,0.00025
oracle,7800,0.0002
oracle,7900,0.00015
oracle,8000,0.0001
oracle,8100,0.0001
oracle,8200,0.00015
oracle,8300,0.0001
oracle,8400,0.00015
oracle,8500,0.0001
oracle,8600,5e-05
oracle,8700,5e-05
oracle,8800,0.0002
oracle,8900,0.00015
oracle,9000,0.00025
oracle,9100,0.00035
oracle,9200,0.00025
oracle,9300,0.00025
oracle,9400,0.00025
oracle,9500,0.0002
oracle,9600,0.0001
oracle,9700,0.00015
oracle,9800,0.00015
oracle,9900,0.00015
oracle,10000,0.00015
oracle,10100,0.00025
oracle,10200,0.0003
oracle,10300,0.0003
oracle,10400,0.0003
oracle,10500,0.0003
oracle,10600,0.00035
oracle,10700,0.0004
oracle,10800,0.0005
oracle,10900,0.00075
oracle,11000,0.00055
oracle,11100,0.0003
oracle,11200,0.0003
oracle,11300,0.00035
oracle,11400,0.0004
oracle,11500,0.00045
oracle,11600,0.0004
oracle,11700,0.0004
oracle,11800,0.0004
oracle,11900,0.0005
oracle,12000,0.0006
oracle,12100,0.0006
oracle,12200,0.00055
oracle,12300,0.0006
oracle,12400,0.00045
oracle,12500,0.00035
oracle,12600,0.0004
oracle,12700,0.0003
oracle,12800,0.00035
oracle,12900,0.00025
oracle,13000,0.00035
oracle,13100,0.0003
oracle,13200,0.00055
oracle,13300,0.0006
oracle,13400,0.0007
oracle,13500,0.00065
oracle,13600,0.0005
oracle,13700,0.00045
oracle,13800,0.00045
oracle,13900,0.0004
oracle,14000,0.0006
oracle,14100,0.00045
oracle,14200,0.00065
oracle,14300,0.00075
oracle,14400,0.00075
oracle,14500,0.00065
oracle,14600,0.00075
oracle,14700,0.0009
oracle,14800,0.0008
oracle,14900,0.0009
oracle,15000,0.00075
oracle,15100,0.00085
oracle,15200,0.0006
oracle,15300,0.00055
oracle,15400,0.00055
oracle,15500,0.0007
oracle,15600,0.0007
oracle,15700,0.00075
oracle,15800,0.00085
oracle,15900,0.00075
oracle,16000,0.0007
oracle,16100,0.00035
oracle,16200,0.00035
oracle,16300,0.00045
oracle,16400,0.0005
oracle,16500,0.0006
oracle,16600,0.0007
oracle,16700,0.00055
oracle,16800,0.0004
oracle,16900,0.0005
oracle,17000,0.00075
oracle,17100,0.0008
oracle,17200,0.0006
oracle,17300,0.00055
oracle,17400,0.00035
oracle,17500,0.00035
oracle,17600,0.00035
oracle,17700,0.00035
oracle,17800,0.0005
oracle,17900,0.0005
oracle,18000,0.00055
oracle,18100,0.00055
oracle,18200,0.00075
oracle,18300,0.00075
oracle,18400,0.00095
oracle,18500,0.00065
oracle,18600,0.00055
oracle,18700,0.0006
oracle,18800,0.0007
oracle,18900,0.0006
oracle,19000,0.00045
oracle,19100,0.0005
oracle,19200,0.0005
oracle,19300,0.00035
oracle,19400,0.00065
oracle,19500,0.00045
oracle,19600,0.00045
oracle,19700,0.00045
oracle,19800,0.0004
oracle,19900,0.0003
oracle,19999,0.0003
no_control,0,0.2238
no_control,100,0.2251
no_control,200,0.2261
no_control,300,0.2272
no_control,400,0.2277
no_control,500,0.22845
no_control,600,0.22925
no_control,700,0.2302
no_control,800,0.2316
no_control,900,0.23245
no_control,1000,0.23385
no_control,1100,0.235
no_control,1200,0.23635
no_control,1300,0.2378
no_control,1400,0.2387
no_control,1500,0.23975
no_control,1600,0.24125
no_control,1700,0.24155
no_control,1800,0.2419
no_control,1900,0.2426
no_control,2000,0.2433
no_control,2100,0.24335
no_control,2200,0.24445
no_control,2300,0.24505
no_control,2400,0.24585
no_control,2500,0.24715
no_control,2600,0.2481
no_control,2700,0.2496
no_control,2800,0.25015
no_control,2900,0.2512
no_control,3000,0.2517
no_control,3100,0.2524
no_control,3200,0.25325
no_control,3300,0.2537
no_control,3400,0.2543
no_control,3500,0.25475
no_control,3600,0.256
no_control,3700,0.2567
no_control,3800,0.25685
no_control,3900,0.2572
no_control,4000,0.25835
no_control,4100,0.2596
no_control,4200,0.26055
no_control,4300,0.26145
no_control,4400,0.26205
no_control,4500,0.2631
no_control,4600,0.2639
no_control,4700,0.26515
no_control,4800,0.2655
no_control,4900,0.26645
no_control,5000,0.26795
no_control,5100,0.26815
no_control,5200,0.2693
no_control,5300,0.27025
no_control,5400,0.2713
no_control,5500,0.2722
no_control,5600,0.27345
no_control,5700,0.27475
no_control,5800,0.2755
no_control,5900,0.2761
no_control,6000,0.27695
no_control,6100,0.27755
no_control,6200,0.2783
no_control,6300,0.27955
no_control,6400,0.2805
no_control,6500,0.28105
no_control,6600,0.28225
no_control,6700,0.28305
no_control,6800,0.2835
no_control,6900,0.2843
no_control,7000,0.2853
no_control,7100,0.28565
no_control,7200,0.28705
no_control,7300,0.2883
no_control,7400,0.28965
no_control,7500,0.29015
no_control,7600,0.2917
no_control,7700,0.29275
no_control,7800,0.29395
no_control,7900,0.29465
no_control,8000,0.2949
no_control,8100,0.29545
no_control,8200,0.2968
no_control,8300,0.29745
no_control,8400,0.2981
no_control,8500,0.29945
no_control,8600,0.3001
no_control,8700,0.30055
no_control,8800,0.30175
no_control,8900,0.3023
no_control,9000,0.30275
no_control,9100,0.30375
no_control,9200,0.30495
no_control,9300,0.30585
no_control,9400,0.30675
no_control,9500,0.30685
no_control,9600,0.3074
no_control,9700,0.3084
no_control,9800,0.30935
no_control,9900,0.30985
no_control,10000,0.31065
no_control,10100,0.3137
no_control,10200,0.31565
no_control,10300,0.31805
no_control,10400,0.31985
no_control,10500,0.3225
no_control,10600,0.3251
no_control,10700,0.3271
no_control,10800,0.3294
no_control,10900,0.33175
no_control,11000,0.334
no_control,11100,0.33625
no_control,11200,0.3383
no_control,11300,0.34015
no_control,11400,0.34235
no_control,11500,0.34445
no_control,11600,0.34655
no_control,11700,0.3486
no_control,11800,0.35055
no_control,11900,0.3522
no_control,12000,0.35465
no_control,12100,0.3568
no_control,12200,0.35805
no_control,12300,0.3601
no_control,12400,0.3621
no_control,12500,0.36465
no_control,12600,0.36675
no_control,12700,0.36795
no_control,12800,0.37035
no_control,12900,0.3724
no_control,13000,0.3737
no_control,13100,0.37605
no_control,13200,0.3782
no_control,13300,0.38055
no_control,13400,0.3823
no_control,13500,0.3845
no_control,13600,0.387
no_control,13700,0.3892
no_control,13800,0.3919
no_control,13900,0.39375
no_control,14000,0.3959
no_control,14100,0.3985
no_control,14200,0.40085
no_control,14300,0.40325
no_control,14400,0.4059
no_control,14500,0.4071
no_control,14600,0.40855
no_control,14700,0.4114
no_control,14800,0.41365
no_control,14900,0.41625
no_control,15000,0.4182
no_control,15100,0.42
no_control,15200,0.4232
no_control,15300,0.4253
no_control,15400,0.4271
no_control,15500,0.4293
no_control,15600,0.43205
no_control,15700,0.43425
no_control,15800,0.4365
no_control,15900,0.43795
no_control,16000,0.4404
no_control,16100,0.4422
no_control,16200,0.44455
no_control,16300,0.4464
no_control,16400,0.44895
no_control,16500,0.45035
no_control,16600,0.45285
no_control,16700,0.4544
no_control,16800,0.4565
no_control,16900,0.45825
no_control,17000,0.4607
no_control,17100,0.46255
no_control,17200,0.464
no_control,17300,0.4662
no_control,17400,0.46855
no_control,17500,0.47015
no_control,17600,0.4718
no_control,17700,0.47395
no_control,17800,0.47635
no_control,17900,0.47845
no_control,18000,0.4804
no_control,18100,0.482
no_control,18200,0.48505
no_control,18300,0.48695
no_control,18400,0.48955
no_control,18500,0.4911
no_control,18600,0.49375
no_control,18700,0.4959
no_control,18800,0.4978
no_control,18900,0.4994
no_control,19000,0.5018
no_control,19100,0.5036
no_control,19200,0.5051
no_control,19300,0.5064
no_control,19400,0.50845
no_control,19500,0.5105
no_control,19600,0.51205
no_control,19700,0.51355
no_control,19800,0.51595
no_control,19900,0.5173
no_control,19999,0.51935
