events,live_keys,keys_per_worker,horizon
2500,9895,0.9895,H=16
5000,19651,1.9651,H=16
7500,29273,2.9273,H=16
10000,38758,3.8758,H=16
12500,48073,4.8073,H=16
15000,57213,5.7213,H=16
17500,66244,6.6244,H=16
20000,75058,7.5058,H=16
22500,83671,8.3671,H=16
25000,91998,9.1998,H=16
27500,100063,10.0063,H=16
30000,107492,10.7492,H=16
32500,114228,11.4228,H=16
35000,120224,12.0224,H=16
37500,125403,12.5403,H=16
40000,129661,12.9661,H=16
42500,133178,13.3178,H=16
45000,135847,13.5847,H=16
47500,137780,13.778,H=16
50000,139274,13.9274,H=16
52500,140391,14.0391,H=16
55000,141155,14.1155,H=16
57500,141698,14.1698,H=16
60000,142021,14.2021,H=16
62500,142165,14.2165,H=16
65000,142222,14.2222,H=16
67500,142261,14.2261,H=16
70000,142351,14.2351,H=16
72500,142406,14.2406,H=16
75000,142427,14.2427,H=16
77500,142319,14.2319,H=16
80000,142378,14.2378,H=16
82500,142371,14.2371,H=16
85000,142327,14.2327,H=16
87500,142288,14.2288,H=16
90000,142246,14.2246,H=16
92500,142226,14.2226,H=16
95000,142172,14.2172,H=16
97500,142092,14.2092,H=16
100000,142175,14.2175,H=16
102500,142209,14.2209,H=16
105000,142324,14.2324,H=16
107500,142309,14.2309,H=16
110000,142356,14.2356,H=16
112500,142380,14.238,H=16
115000,142436,14.2436,H=16
117500,142450,14.245,H=16
120000,142472,14.2472,H=16
122500,142336,14.2336,H=16
125000,142301,14.2301,H=16
127500,142358,14.2358,H=16
130000,142342,14.2342,H=16
132500,142360,14.236,H=16
135000,142335,14.2335,H=16
137500,142406,14.2406,H=16
140000,142402,14.2402,H=16
142500,142468,14.2468,H=16
145000,142409,14.2409,H=16
147500,142461,14.2461,H=16
150000,142429,14.2429,H=16
152500,142342,14.2342,H=16
155000,142439,14.2439,H=16
157500,142426,14.2426,H=16
160000,142366,14.2366,H=16
162500,142302,14.2302,H=16
165000,142324,14.2324,H=16
167500,142254,14.2254,H=16
170000,142345,14.2345,H=16
172500,142495,14.2495,H=16
175000,142544,14.2544,H=16
177500,144471,14.4471,H=16
180000,146175,14.6175,H=16
182500,147562,14.7562,H=16
185000,148651,14.8651,H=16
187500,149505,14.9505,H=16
190000,150047,15.0047,H=16
192500,150246,15.0246,H=16
195000,150287,15.0287,H=16
197500,150042,15.0042,H=16
200000,149516,14.9516,H=16
202500,148787,14.8787,H=16
205000,147991,14.7991,H=16
207500,147201,14.7201,H=16
210000,146425,14.6425,H=16
212500,145674,14.5674,H=16
215000,144933,14.4933,H=16
217500,144341,14.4341,H=16
220000,143830,14.383,H=16
222500,143443,14.3443,H=16
225000,143204,14.3204,H=16
227500,142972,14.2972,H=16
230000,142795,14.2795,H=16
232500,142730,14.273,H=16
235000,142670,14.267,H=16
237500,142487,14.2487,H=16
240000,142450,14.245,H=16
242500,142497,14.2497,H=16
245000,142504,14.2504,H=16
247500,142431,14.2431,H=16
250000,142425,14.2425,H=16
252500,142328,14.2328,H=16
255000,142378,14.2378,H=16
257500,142279,14.2279,H=16
260000,142314,14.2314,H=16
262500,142360,14.236,H=16
265000,142311,14.2311,H=16
267500,142300,14.23,H=16
270000,142318,14.2318,H=16
272500,142308,14.2308,H=16
275000,142262,14.2262,H=16
277500,142290,14.229,H=16
280000,142259,14.2259,H=16
282500,142353,14.2353,H=16
285000,142342,14.2342,H=16
287500,142325,14.2325,H=16
290000,142259,14.2259,H=16
292500,142284,14.2284,H=16
295000,142293,14.2293,H=16
297500,142300,14.23,H=16
300000,142273,14.2273,H=16
302500,142237,14.2237,H=16
305000,142349,14.2349,H=16
307500,142339,14.2339,H=16
310000,142287,14.2287,H=16
312500,142347,14.2347,H=16
315000,142339,14.2339,H=16
317500,142303,14.2303,H=16
320000,142245,14.2245,H=16
322500,142289,14.2289,H=16
325000,142362,14.2362,H=16
327500,142445,14.2445,H=16
330000,142489,14.2489,H=16
332500,142457,14.2457,H=16
335000,142542,14.2542,H=16
337500,142484,14.2484,H=16
340000,142418,14.2418,H=16
342500,142353,14.2353,H=16
345000,142273,14.2273,H=16
347500,142221,14.2221,H=16
350000,142244,14.2244,H=16
2500,9918,0.9918,H=32
5000,19674,1.9674,H=32
7500,29281,2.9281,H=32
10000,38750,3.875,H=32
12500,48060,4.806,H=32
15000,57217,5.7217,H=32
17500,66268,6.6268,H=32
20000,75172,7.5172,H=32
22500,83920,8.392,H=32
25000,92592,9.2592,H=32
27500,101029,10.1029,H=32
30000,109425,10.9425,H=32
32500,117671,11.7671,H=32
35000,125782,12.5782,H=32
37500,133745,13.3745,H=32
40000,141582,14.1582,H=32
42500,149308,14.9308,H=32
45000,156915,15.6915,H=32
47500,164430,16.443,H=32
50000,171828,17.1828,H=32
52500,179080,17.908,H=32
55000,186253,18.6253,H=32
57500,193201,19.3201,H=32
60000,199844,19.9844,H=32
62500,206234,20.6234,H=32
65000,212344,21.2344,H=32
67500,218160,21.816,H=32
70000,223519,22.3519,H=32
72500,228389,22.8389,H=32
75000,232772,23.2772,H=32
77500,236681,23.6681,H=32
80000,240131,24.0131,H=32
82500,243100,24.31,H=32
85000,245630,24.563,H=32
87500,247754,24.7754,H=32
90000,249507,24.9507,H=32
92500,250831,25.0831,H=32
95000,251966,25.1966,H=32
97500,252756,25.2756,H=32
100000,253441,25.3441,H=32
102500,253934,25.3934,H=32
105000,254393,25.4393,H=32
107500,254590,25.459,H=32
110000,254790,25.479,H=32
112500,254932,25.4932,H=32
115000,255066,25.5066,H=32
117500,255131,25.5131,H=32
120000,255221,25.5221,H=32
122500,255223,25.5223,H=32
125000,255233,25.5233,H=32
127500,255240,25.524,H=32
130000,255231,25.5231,H=32
132500,255223,25.5223,H=32
135000,255222,25.5222,H=32
137500,255121,25.5121,H=32
140000,255147,25.5147,H=32
142500,255075,25.5075,H=32
145000,255036,25.5036,H=32
147500,255020,25.502,H=32
150000,255044,25.5044,H=32
152500,255091,25.5091,H=32
155000,255118,25.5118,H=32
157500,255105,25.5105,H=32
160000,255068,25.5068,H=32
162500,255079,25.5079,H=32
165000,255160,25.516,H=32
167500,255167,25.5167,H=32
170000,255090,25.509,H=32
172500,255058,25.5058,H=32
175000,255097,25.5097,H=32
177500,258554,25.8554,H=32
180000,261860,26.186,H=32
182500,264922,26.4922,H=32
185000,267702,26.7702,H=32
187500,270174,27.0174,H=32
190000,272524,27.2524,H=32
192500,274551,27.4551,H=32
195000,276392,27.6392,H=32
197500,278085,27.8085,H=32
200000,279416,27.9416,H=32
202500,280574,28.0574,H=32
205000,281455,28.1455,H=32
207500,282052,28.2052,H=32
210000,282510,28.251,H=32
212500,282767,28.2767,H=32
215000,282786,28.2786,H=32
217500,282474,28.2474,H=32
220000,282086,28.2086,H=32
222500,281428,28.1428,H=32
225000,280534,28.0534,H=32
227500,279383,27.9383,H=32
230000,278119,27.8119,H=32
232500,276708,27.6708,H=32
235000,275065,27.5065,H=32
237500,273312,27.3312,H=32
240000,271555,27.1555,H=32
242500,269800,26.98,H=32
245000,268037,26.8037,H=32
247500,266233,26.6233,H=32
250000,264553,26.4553,H=32
252500,262949,26.2949,H=32
255000,261576,26.1576,H=32
257500,260327,26.0327,H=32
260000,259314,25.9314,H=32
262500,258324,25.8324,H=32
265000,257534,25.7534,H=32
267500,256927,25.6927,H=32
270000,256503,25.6503,H=32
272500,256140,25.614,H=32
275000,255758,25.5758,H=32
277500,255455,25.5455,H=32
280000,255363,25.5363,H=32
282500,255389,25.5389,H=32
285000,255149,25.5149,H=32
287500,255023,25.5023,H=32
290000,254989,25.4989,H=32
292500,254799,25.4799,H=32
295000,254838,25.4838,H=32
297500,254884,25.4884,H=32
300000,254953,25.4953,H=32
302500,254961,25.4961,H=32
305000,254981,25.4981,H=32
307500,254998,25.4998,H=32
310000,255003,25.5003,H=32
312500,255095,25.5095,H=32
315000,255082,25.5082,H=32
317500,255072,25.5072,H=32
320000,255089,25.5089,H=32
322500,255026,25.5026,H=32
325000,255011,25.5011,H=32
327500,254998,25.4998,H=32
330000,255174,25.5174,H=32
332500,255160,25.516,H=32
335000,255164,25.5164,H=32
337500,255198,25.5198,H=32
340000,255207,25.5207,H=32
342500,255273,25.5273,H=32
345000,255217,25.5217,H=32
347500,255195,25.5195,H=32
350000,255220,25.522,H=32
2500,9916,0.9916,H=64
5000,19685,1.9685,H=64
7500,29268,2.9268,H=64
10000,38684,3.8684,H=64
12500,47999,4.7999,H=64
15000,57225,5.7225,H=64
17500,66200,6.62,H=64
20000,75103,7.5103,H=64
22500,83888,8.3888,H=64
25000,92506,9.2506,H=64
27500,100992,10.0992,H=64
30000,109340,10.934,H=64
32500,117556,11.7556,H=64
35000,125688,12.5688,H=64
37500,133697,13.3697,H=64
40000,141525,14.1525,H=64
42500,149337,14.9337,H=64
45000,156990,15.699,H=64
47500,164467,16.4467,H=64
50000,171949,17.1949,H=64
52500,179205,17.9205,H=64
55000,186412,18.6412,H=64
57500,193545,19.3545,H=64
60000,200551,20.0551,H=64
62500,207507,20.7507,H=64
65000,214321,21.4321,H=64
67500,221090,22.109,H=64
70000,227694,22.7694,H=64
72500,234241,23.4241,H=64
75000,240681,24.0681,H=64
77500,247112,24.7112,H=64
80000,253437,25.3437,H=64
82500,259721,25.9721,H=64
85000,265852,26.5852,H=64
87500,271969,27.1969,H=64
90000,277973,27.7973,H=64
92500,283973,28.3973,H=64
95000,289863,28.9863,H=64
97500,295658,29.5658,H=64
100000,301459,30.1459,H=64
102500,307193,30.7193,H=64
105000,312763,31.2763,H=64
107500,318328,31.8328,H=64
110000,323886,32.3886,H=64
112500,329308,32.9308,H=64
115000,334633,33.4633,H=64
117500,339977,33.9977,H=64
120000,345202,34.5202,H=64
122500,350257,35.0257,H=64
125000,355319,35.5319,H=64
127500,360165,36.0165,H=64
130000,364910,36.491,H=64
132500,369654,36.9654,H=64
135000,374234,37.4234,H=64
137500,378565,37.8565,H=64
140000,382845,38.2845,H=64
142500,386825,38.6825,H=64
145000,390721,39.0721,H=64
147500,394416,39.4416,H=64
150000,397941,39.7941,H=64
152500,401172,40.1172,H=64
155000,404125,40.4125,H=64
157500,406883,40.6883,H=64
160000,409261,40.9261,H=64
162500,411450,41.145,H=64
165000,413297,41.3297,H=64
167500,415159,41.5159,H=64
170000,416610,41.661,H=64
172500,417908,41.7908,H=64
175000,419158,41.9158,H=64
177500,425447,42.5447,H=64
180000,431446,43.1446,H=64
182500,437044,43.7044,H=64
185000,442440,44.244,H=64
187500,447458,44.7458,H=64
190000,452243,45.2243,H=64
192500,456826,45.6826,H=64
195000,461175,46.1175,H=64
197500,465206,46.5206,H=64
200000,469120,46.912,H=64
202500,472841,47.2841,H=64
205000,476305,47.6305,H=64
207500,479547,47.9547,H=64
210000,482687,48.2687,H=64
212500,485555,48.5555,H=64
215000,488225,48.8225,H=64
217500,490640,49.064,H=64
220000,492969,49.2969,H=64
222500,495187,49.5187,H=64
225000,497133,49.7133,H=64
227500,498871,49.8871,H=64
230000,500389,50.0389,H=64
232500,501816,50.1816,H=64
235000,503113,50.3113,H=64
237500,504237,50.4237,H=64
240000,505113,50.5113,H=64
242500,505902,50.5902,H=64
245000,506594,50.6594,H=64
247500,507044,50.7044,H=64
250000,507386,50.7386,H=64
252500,507481,50.7481,H=64
255000,507432,50.7432,H=64
257500,507222,50.7222,H=64
260000,506909,50.6909,H=64
262500,506420,50.642,H=64
265000,505886,50.5886,H=64
267500,505019,50.5019,H=64
270000,504025,50.4025,H=64
272500,502918,50.2918,H=64
275000,501580,50.158,H=64
277500,500139,50.0139,H=64
280000,498594,49.8594,H=64
282500,496824,49.6824,H=64
285000,494775,49.4775,H=64
287500,492558,49.2558,H=64
290000,490301,49.0301,H=64
292500,487942,48.7942,H=64
295000,485382,48.5382,H=64
297500,482592,48.2592,H=64
300000,479917,47.9917,H=64
302500,476879,47.6879,H=64
305000,473736,47.3736,H=64
307500,470636,47.0636,H=64
310000,467504,46.7504,H=64
312500,464272,46.4272,H=64
315000,461010,46.101,H=64
317500,457919,45.7919,H=64
320000,454977,45.4977,H=64
322500,451894,45.1894,H=64
325000,449064,44.9064,H=64
327500,446390,44.639,H=64
330000,443769,44.3769,H=64
332500,441321,44.1321,H=64
335000,439183,43.9183,H=64
337500,437259,43.7259,H=64
340000,435264,43.5264,H=64
342500,433604,43.3604,H=64
345000,432172,43.2172,H=64
347500,430929,43.0929,H=64
350000,429780,42.978,H=64
2500,9912,0.9912,no eviction
5000,19678,1.9678,no eviction
7500,29268,2.9268,no eviction
10000,38725,3.8725,no eviction
12500,48038,4.8038,no eviction
15000,57185,5.7185,no eviction
17500,66203,6.6203,no eviction
20000,75108,7.5108,no eviction
22500,83801,8.3801,no eviction
25000,92443,9.2443,no eviction
27500,100886,10.0886,no eviction
30000,109257,10.9257,no eviction
32500,117492,11.7492,no eviction
35000,125608,12.5608,no eviction
37500,133576,13.3576,no eviction
40000,141489,14.1489,no eviction
42500,149236,14.9236,no eviction
45000,156883,15.6883,no eviction
47500,164399,16.4399,no eviction
50000,171789,17.1789,no eviction
52500,179094,17.9094,no eviction
55000,186347,18.6347,no eviction
57500,193506,19.3506,no eviction
60000,200502,20.0502,no eviction
62500,207388,20.7388,no eviction
65000,214285,21.4285,no eviction
67500,221094,22.1094,no eviction
70000,227717,22.7717,no eviction
72500,234283,23.4283,no eviction
75000,240804,24.0804,no eviction
77500,247187,24.7187,no eviction
80000,253546,25.3546,no eviction
82500,259808,25.9808,no eviction
85000,265954,26.5954,no eviction
87500,272062,27.2062,no eviction
90000,278046,27.8046,no eviction
92500,284056,28.4056,no eviction
95000,289939,28.9939,no eviction
97500,295757,29.5757,no eviction
100000,301540,30.154,no eviction
102500,307164,30.7164,no eviction
105000,312715,31.2715,no eviction
107500,318208,31.8208,no eviction
110000,323638,32.3638,no eviction
112500,329113,32.9113,no eviction
115000,334519,33.4519,no eviction
117500,339801,33.9801,no eviction
120000,345102,34.5102,no eviction
122500,350268,35.0268,no eviction
125000,355426,35.5426,no eviction
127500,360517,36.0517,no eviction
130000,365593,36.5593,no eviction
132500,370630,37.063,no eviction
135000,375569,37.5569,no eviction
137500,380462,38.0462,no eviction
140000,385246,38.5246,no eviction
142500,390035,39.0035,no eviction
145000,394766,39.4766,no eviction
147500,399568,39.9568,no eviction
150000,404281,40.4281,no eviction
152500,408880,40.888,no eviction
155000,413472,41.3472,no eviction
157500,418072,41.8072,no eviction
160000,422696,42.2696,no eviction
162500,427055,42.7055,no eviction
165000,431408,43.1408,no eviction
167500,435762,43.5762,no eviction
170000,440083,44.0083,no eviction
172500,444429,44.4429,no eviction
175000,448741,44.8741,no eviction
177500,458676,45.8676,no eviction
180000,468460,46.846,no eviction
182500,478065,47.8065,no eviction
185000,487508,48.7508,no eviction
187500,496777,49.6777,no eviction
190000,505938,50.5938,no eviction
192500,514970,51.497,no eviction
195000,523813,52.3813,no eviction
197500,532542,53.2542,no eviction
200000,541169,54.1169,no eviction
202500,549649,54.9649,no eviction
205000,558009,55.8009,no eviction
207500,566265,56.6265,no eviction
210000,574317,57.4317,no eviction
212500,582281,58.2281,no eviction
215000,590182,59.0182,no eviction
217500,597920,59.792,no eviction
220000,605547,60.5547,no eviction
222500,613043,61.3043,no eviction
225000,620460,62.046,no eviction
227500,627823,62.7823,no eviction
230000,635005,63.5005,no eviction
232500,642118,64.2118,no eviction
235000,649221,64.9221,no eviction
237500,656160,65.616,no eviction
240000,663029,66.3029,no eviction
242500,669800,66.98,no eviction
245000,676481,67.6481,no eviction
247500,683043,68.3043,no eviction
250000,689586,68.9586,no eviction
252500,696021,69.6021,no eviction
255000,702356,70.2356,no eviction
257500,708628,70.8628,no eviction
260000,714771,71.4771,no eviction
262500,720862,72.0862,no eviction
265000,726908,72.6908,no eviction
267500,732890,73.289,no eviction
270000,738757,73.8757,no eviction
272500,744590,74.459,no eviction
275000,750219,75.0219,no eviction
277500,755923,75.5923,no eviction
280000,761580,76.158,no eviction
282500,767124,76.7124,no eviction
285000,772661,77.2661,no eviction
287500,778101,77.8101,no eviction
290000,783475,78.3475,no eviction
292500,788781,78.8781,no eviction
295000,794021,79.4021,no eviction
297500,799343,79.9343,no eviction
300000,804608,80.4608,no eviction
302500,809685,80.9685,no eviction
305000,814830,81.483,no eviction
307500,819826,81.9826,no eviction
310000,824797,82.4797,no eviction
312500,829719,82.9719,no eviction
315000,834515,83.4515,no eviction
317500,839338,83.9338,no eviction
320000,844090,84.409,no eviction
322500,848798,84.8798,no eviction
325000,853477,85.3477,no eviction
327500,858117,85.8117,no eviction
330000,862725,86.2725,no eviction
332500,867264,86.7264,no eviction
335000,871895,87.1895,no eviction
337500,876438,87.6438,no eviction
340000,880913,88.0913,no eviction
342500,885301,88.5301,no eviction
345000,889733,88.9733,no eviction
347500,894108,89.4108,no eviction
350000,898465,89.8465,no eviction
