N,degree,coupling,seeds,trial,cascade_size
20000,4,0.7,1,0,0
20000,4,0.7,1,1,4
20000,4,0.7,1,2,0
20000,4,0.7,1,3,2
20000,4,0.7,1,4,5
20000,4,0.7,1,5,8
20000,4,0.7,1,6,6
20000,4,0.7,1,7,3
20000,4,0.7,1,8,3
20000,4,0.7,1,9,8
20000,4,0.7,1,10,0
20000,4,0.7,1,11,0
20000,4,0.7,1,12,4
20000,4,0.7,1,13,0
20000,4,0.7,1,14,0
20000,4,0.7,1,15,5
20000,4,0.7,1,16,3
20000,4,0.7,1,17,5
20000,4,0.7,1,18,4
20000,4,0.7,1,19,5
20000,4,0.7,1,20,0
20000,4,0.7,1,21,8
20000,4,0.7,1,22,4
20000,4,0.7,1,23,1
20000,4,0.7,1,24,3
20000,4,0.7,1,25,4
20000,4,0.7,1,26,2
20000,4,0.7,1,27,4
20000,4,0.7,1,28,4
20000,4,0.7,1,29,2
20000,4,0.7,1,30,2
20000,4,0.7,1,31,4
20000,4,0.7,1,32,0
20000,4,0.7,1,33,4
20000,4,0.7,1,34,0
20000,4,0.7,1,35,0
20000,4,0.7,1,36,0
20000,4,0.7,1,37,6
20000,4,0.7,1,38,0
20000,4,0.7,1,39,0
20000,4,0.7,1,40,0
20000,4,0.7,1,41,4
20000,4,0.7,1,42,0
20000,4,0.7,1,43,5
20000,4,0.7,1,44,8
20000,4,0.7,1,45,1
20000,4,0.7,1,46,2
20000,4,0.7,1,47,0
20000,4,0.7,1,48,5
20000,4,0.7,1,49,0
20000,4,0.7,1,50,2
20000,4,0.7,1,51,4
20000,4,0.7,1,52,3
20000,4,0.7,1,53,2
20000,4,0.7,1,54,1
20000,4,0.7,1,55,4
20000,4,0.7,1,56,2
20000,4,0.7,1,57,3
20000,4,0.7,1,58,3
20000,4,0.7,1,59,7
20000,4,0.7,1,60,3
20000,4,0.7,1,61,1
20000,4,0.7,1,62,4
20000,4,0.7,1,63,0
20000,4,0.7,1,64,3
20000,4,0.7,1,65,6
20000,4,0.7,1,66,3
20000,4,0.7,1,67,2
20000,4,0.7,1,68,3
20000,4,0.7,1,69,8
20000,4,0.7,1,70,2
20000,4,0.7,1,71,8
20000,4,0.7,1,72,2
20000,4,0.7,1,73,5
20000,4,0.7,1,74,4
20000,4,0.7,1,75,6
20000,4,0.7,1,76,0
20000,4,0.7,1,77,4
20000,4,0.7,1,78,0
20000,4,0.7,1,79,0
20000,4,0.7,1,80,7
20000,4,0.7,1,81,7
20000,4,0.7,1,82,5
20000,4,0.7,1,83,6
20000,4,0.7,1,84,0
20000,4,0.7,1,85,0
20000,4,0.7,1,86,2
20000,4,0.7,1,87,0
20000,4,0.7,1,88,3
20000,4,0.7,1,89,5
20000,4,0.7,1,90,7
20000,4,0.7,1,91,0
20000,4,0.7,1,92,5
20000,4,0.7,1,93,2
20000,4,0.7,1,94,5
20000,4,0.7,1,95,5
20000,4,0.7,1,96,3
20000,4,0.7,1,97,2
20000,4,0.7,1,98,8
20000,4,0.7,1,99,6
20000,4,0.7,1,100,4
20000,4,0.7,1,101,0
20000,4,0.7,1,102,4
20000,4,0.7,1,103,7
20000,4,0.7,1,104,0
20000,4,0.7,1,105,4
20000,4,0.7,1,106,0
20000,4,0.7,1,107,5
20000,4,0.7,1,108,4
20000,4,0.7,1,109,0
20000,4,0.7,1,110,4
20000,4,0.7,1,111,0
20000,4,0.7,1,112,4
20000,4,0.7,1,113,2
20000,4,0.7,1,114,2
20000,4,0.7,1,115,6
20000,4,0.7,1,116,8
20000,4,0.7,1,117,1
20000,4,0.7,1,118,5
20000,4,0.7,1,119,3
20000,4,0.7,1,120,0
20000,4,0.7,1,121,3
20000,4,0.7,1,122,3
20000,4,0.7,1,123,5
20000,4,0.7,1,124,1
20000,4,0.7,1,125,4
20000,4,0.7,1,126,3
20000,4,0.7,1,127,3
20000,4,0.7,1,128,6
20000,4,0.7,1,129,2
20000,4,0.7,1,130,5
20000,4,0.7,1,131,5
20000,4,0.7,1,132,0
20000,4,0.7,1,133,5
20000,4,0.7,1,134,8
20000,4,0.7,1,135,3
20000,4,0.7,1,136,1
20000,4,0.7,1,137,4
20000,4,0.7,1,138,9
20000,4,0.7,1,139,1
20000,4,0.7,1,140,0
20000,4,0.7,1,141,9
20000,4,0.7,1,142,0
20000,4,0.7,1,143,8
20000,4,0.7,1,144,6
20000,4,0.7,1,145,5
20000,4,0.7,1,146,5
20000,4,0.7,1,147,4
20000,4,0.7,1,148,4
20000,4,0.7,1,149,6
20000,4,0.7,1,150,2
20000,4,0.7,1,151,0
20000,4,0.7,1,152,2
20000,4,0.7,1,153,0
20000,4,0.7,1,154,0
20000,4,0.7,1,155,0
20000,4,0.7,1,156,4
20000,4,0.7,1,157,5
20000,4,0.7,1,158,0
20000,4,0.7,1,159,2
20000,4,0.7,2,0,2
20000,4,0.7,2,1,7
20000,4,0.7,2,2,2
20000,4,0.7,2,3,9
20000,4,0.7,2,4,15
20000,4,0.7,2,5,9
20000,4,0.7,2,6,7
20000,4,0.7,2,7,4
20000,4,0.7,2,8,7
20000,4,0.7,2,9,6
20000,4,0.7,2,10,12
20000,4,0.7,2,11,6
20000,4,0.7,2,12,11
20000,4,0.7,2,13,6
20000,4,0.7,2,14,4
20000,4,0.7,2,15,12
20000,4,0.7,2,16,10
20000,4,0.7,2,17,0
20000,4,0.7,2,18,4
20000,4,0.7,2,19,12
20000,4,0.7,2,20,2
20000,4,0.7,2,21,7
20000,4,0.7,2,22,5
20000,4,0.7,2,23,10
20000,4,0.7,2,24,6
20000,4,0.7,2,25,7
20000,4,0.7,2,26,5
20000,4,0.7,2,27,4
20000,4,0.7,2,28,7
20000,4,0.7,2,29,10
20000,4,0.7,2,30,3
20000,4,0.7,2,31,9
20000,4,0.7,2,32,3
20000,4,0.7,2,33,0
20000,4,0.7,2,34,3
20000,4,0.7,2,35,5
20000,4,0.7,2,36,6
20000,4,0.7,2,37,20
20000,4,0.7,2,38,2
20000,4,0.7,2,39,5
20000,4,0.7,2,40,6
20000,4,0.7,2,41,4
20000,4,0.7,2,42,0
20000,4,0.7,2,43,7
20000,4,0.7,2,44,15
20000,4,0.7,2,45,10
20000,4,0.7,2,46,5
20000,4,0.7,2,47,8
20000,4,0.7,2,48,9
20000,4,0.7,2,49,2
20000,4,0.7,2,50,12
20000,4,0.7,2,51,4
20000,4,0.7,2,52,9
20000,4,0.7,2,53,6
20000,4,0.7,2,54,2
20000,4,0.7,2,55,1
20000,4,0.7,2,56,5
20000,4,0.7,2,57,2
20000,4,0.7,2,58,9
20000,4,0.7,2,59,4
20000,4,0.7,2,60,3
20000,4,0.7,2,61,3
20000,4,0.7,2,62,7
20000,4,0.7,2,63,11
20000,4,0.7,2,64,8
20000,4,0.7,2,65,12
20000,4,0.7,2,66,4
20000,4,0.7,2,67,7
20000,4,0.7,2,68,5
20000,4,0.7,2,69,5
20000,4,0.7,2,70,10
20000,4,0.7,2,71,7
20000,4,0.7,2,72,3
20000,4,0.7,2,73,6
20000,4,0.7,2,74,2
20000,4,0.7,2,75,9
20000,4,0.7,2,76,9
20000,4,0.7,2,77,9
20000,4,0.7,2,78,6
20000,4,0.7,2,79,9
20000,4,0.7,2,80,0
20000,4,0.7,2,81,5
20000,4,0.7,2,82,8
20000,4,0.7,2,83,2
20000,4,0.7,2,84,2
20000,4,0.7,2,85,6
20000,4,0.7,2,86,8
20000,4,0.7,2,87,4
20000,4,0.7,2,88,8
20000,4,0.7,2,89,2
20000,4,0.7,2,90,7
20000,4,0.7,2,91,8
20000,4,0.7,2,92,12
20000,4,0.7,2,93,9
20000,4,0.7,2,94,10
20000,4,0.7,2,95,3
20000,4,0.7,2,96,0
20000,4,0.7,2,97,4
20000,4,0.7,2,98,7
20000,4,0.7,2,99,9
20000,4,0.7,2,100,5
20000,4,0.7,2,101,12
20000,4,0.7,2,102,2
20000,4,0.7,2,103,12
20000,4,0.7,2,104,3
20000,4,0.7,2,105,4
20000,4,0.7,2,106,3
20000,4,0.7,2,107,8
20000,4,0.7,2,108,10
20000,4,0.7,2,109,2
20000,4,0.7,2,110,7
20000,4,0.7,2,111,9
20000,4,0.7,2,112,7
20000,4,0.7,2,113,3
20000,4,0.7,2,114,5
20000,4,0.7,2,115,1
20000,4,0.7,2,116,10
20000,4,0.7,2,117,7
20000,4,0.7,2,118,5
20000,4,0.7,2,119,3
20000,4,0.7,2,120,4
20000,4,0.7,2,121,5
20000,4,0.7,2,122,4
20000,4,0.7,2,123,4
20000,4,0.7,2,124,13
20000,4,0.7,2,125,8
20000,4,0.7,2,126,11
20000,4,0.7,2,127,2
20000,4,0.7,2,128,7
20000,4,0.7,2,129,5
20000,4,0.7,2,130,6
20000,4,0.7,2,131,4
20000,4,0.7,2,132,6
20000,4,0.7,2,133,2
20000,4,0.7,2,134,9
20000,4,0.7,2,135,8
20000,4,0.7,2,136,7
20000,4,0.7,2,137,4
20000,4,0.7,2,138,8
20000,4,0.7,2,139,1
20000,4,0.7,2,140,9
20000,4,0.7,2,141,0
20000,4,0.7,2,142,8
20000,4,0.7,2,143,11
20000,4,0.7,2,144,4
20000,4,0.7,2,145,3
20000,4,0.7,2,146,8
20000,4,0.7,2,147,3
20000,4,0.7,2,148,9
20000,4,0.7,2,149,6
20000,4,0.7,2,150,5
20000,4,0.7,2,151,4
20000,4,0.7,2,152,9
20000,4,0.7,2,153,5
20000,4,0.7,2,154,1
20000,4,0.7,2,155,2
20000,4,0.7,2,156,9
20000,4,0.7,2,157,5
20000,4,0.7,2,158,6
20000,4,0.7,2,159,11
20000,4,0.7,4,0,8
20000,4,0.7,4,1,15
20000,4,0.7,4,2,1
20000,4,0.7,4,3,9
20000,4,0.7,4,4,13
20000,4,0.7,4,5,11
20000,4,0.7,4,6,25
20000,4,0.7,4,7,10
20000,4,0.7,4,8,18
20000,4,0.7,4,9,15
20000,4,0.7,4,10,13
20000,4,0.7,4,11,18
20000,4,0.7,4,12,11
20000,4,0.7,4,13,8
20000,4,0.7,4,14,15
20000,4,0.7,4,15,11
20000,4,0.7,4,16,20
20000,4,0.7,4,17,12
20000,4,0.7,4,18,5
20000,4,0.7,4,19,10
20000,4,0.7,4,20,15
20000,4,0.7,4,21,11
20000,4,0.7,4,22,4
20000,4,0.7,4,23,12
20000,4,0.7,4,24,17
20000,4,0.7,4,25,11
20000,4,0.7,4,26,14
20000,4,0.7,4,27,17
20000,4,0.7,4,28,17
20000,4,0.7,4,29,8
20000,4,0.7,4,30,14
20000,4,0.7,4,31,12
20000,4,0.7,4,32,9
20000,4,0.7,4,33,16
20000,4,0.7,4,34,9
20000,4,0.7,4,35,7
20000,4,0.7,4,36,4
20000,4,0.7,4,37,12
20000,4,0.7,4,38,12
20000,4,0.7,4,39,6
20000,4,0.7,4,40,11
20000,4,0.7,4,41,12
20000,4,0.7,4,42,26
20000,4,0.7,4,43,21
20000,4,0.7,4,44,17
20000,4,0.7,4,45,9
20000,4,0.7,4,46,12
20000,4,0.7,4,47,15
20000,4,0.7,4,48,9
20000,4,0.7,4,49,17
20000,4,0.7,4,50,11
20000,4,0.7,4,51,11
20000,4,0.7,4,52,15
20000,4,0.7,4,53,25
20000,4,0.7,4,54,13
20000,4,0.7,4,55,14
20000,4,0.7,4,56,23
20000,4,0.7,4,57,19
20000,4,0.7,4,58,10
20000,4,0.7,4,59,11
20000,4,0.7,4,60,7
20000,4,0.7,4,61,18
20000,4,0.7,4,62,17
20000,4,0.7,4,63,20
20000,4,0.7,4,64,12
20000,4,0.7,4,65,14
20000,4,0.7,4,66,15
20000,4,0.7,4,67,17
20000,4,0.7,4,68,6
20000,4,0.7,4,69,9
20000,4,0.7,4,70,16
20000,4,0.7,4,71,5
20000,4,0.7,4,72,16
20000,4,0.7,4,73,13
20000,4,0.7,4,74,13
20000,4,0.7,4,75,10
20000,4,0.7,4,76,21
20000,4,0.7,4,77,13
20000,4,0.7,4,78,11
20000,4,0.7,4,79,7
20000,4,0.7,4,80,17
20000,4,0.7,4,81,20
20000,4,0.7,4,82,11
20000,4,0.7,4,83,14
20000,4,0.7,4,84,17
20000,4,0.7,4,85,13
20000,4,0.7,4,86,15
20000,4,0.7,4,87,3
20000,4,0.7,4,88,14
20000,4,0.7,4,89,19
20000,4,0.7,4,90,16
20000,4,0.7,4,91,25
20000,4,0.7,4,92,9
20000,4,0.7,4,93,10
20000,4,0.7,4,94,18
20000,4,0.7,4,95,4
20000,4,0.7,4,96,9
20000,4,0.7,4,97,17
20000,4,0.7,4,98,11
20000,4,0.7,4,99,10
20000,4,0.7,4,100,10
20000,4,0.7,4,101,8
20000,4,0.7,4,102,17
20000,4,0.7,4,103,8
20000,4,0.7,4,104,14
20000,4,0.7,4,105,16
20000,4,0.7,4,106,9
20000,4,0.7,4,107,21
20000,4,0.7,4,108,6
20000,4,0.7,4,109,20
20000,4,0.7,4,110,6
20000,4,0.7,4,111,12
20000,4,0.7,4,112,12
20000,4,0.7,4,113,10
20000,4,0.7,4,114,11
20000,4,0.7,4,115,9
20000,4,0.7,4,116,13
20000,4,0.7,4,117,20
20000,4,0.7,4,118,6
20000,4,0.7,4,119,18
20000,4,0.7,4,120,10
20000,4,0.7,4,121,14
20000,4,0.7,4,122,18
20000,4,0.7,4,123,13
20000,4,0.7,4,124,9
20000,4,0.7,4,125,11
20000,4,0.7,4,126,7
20000,4,0.7,4,127,11
20000,4,0.7,4,128,14
20000,4,0.7,4,129,17
20000,4,0.7,4,130,18
20000,4,0.7,4,131,12
20000,4,0.7,4,132,20
20000,4,0.7,4,133,12
20000,4,0.7,4,134,7
20000,4,0.7,4,135,13
20000,4,0.7,4,136,19
20000,4,0.7,4,137,13
20000,4,0.7,4,138,13
20000,4,0.7,4,139,17
20000,4,0.7,4,140,10
20000,4,0.7,4,141,5
20000,4,0.7,4,142,13
20000,4,0.7,4,143,6
20000,4,0.7,4,144,17
20000,4,0.7,4,145,13
20000,4,0.7,4,146,8
20000,4,0.7,4,147,19
20000,4,0.7,4,148,23
20000,4,0.7,4,149,16
20000,4,0.7,4,150,14
20000,4,0.7,4,151,11
20000,4,0.7,4,152,15
20000,4,0.7,4,153,15
20000,4,0.7,4,154,13
20000,4,0.7,4,155,9
20000,4,0.7,4,156,10
20000,4,0.7,4,157,16
20000,4,0.7,4,158,13
20000,4,0.7,4,159,17
20000,4,0.7,8,0,23
20000,4,0.7,8,1,32
20000,4,0.7,8,2,19
20000,4,0.7,8,3,35
20000,4,0.7,8,4,25
20000,4,0.7,8,5,26
20000,4,0.7,8,6,25
20000,4,0.7,8,7,30
20000,4,0.7,8,8,13
20000,4,0.7,8,9,24
20000,4,0.7,8,10,19
20000,4,0.7,8,11,29
20000,4,0.7,8,12,16
20000,4,0.7,8,13,20
20000,4,0.7,8,14,32
20000,4,0.7,8,15,17
20000,4,0.7,8,16,27
20000,4,0.7,8,17,26
20000,4,0.7,8,18,23
20000,4,0.7,8,19,25
20000,4,0.7,8,20,26
20000,4,0.7,8,21,30
20000,4,0.7,8,22,16
20000,4,0.7,8,23,36
20000,4,0.7,8,24,31
20000,4,0.7,8,25,20
20000,4,0.7,8,26,26
20000,4,0.7,8,27,26
20000,4,0.7,8,28,23
20000,4,0.7,8,29,16
20000,4,0.7,8,30,19
20000,4,0.7,8,31,28
20000,4,0.7,8,32,13
20000,4,0.7,8,33,28
20000,4,0.7,8,34,24
20000,4,0.7,8,35,36
20000,4,0.7,8,36,6
20000,4,0.7,8,37,29
20000,4,0.7,8,38,22
20000,4,0.7,8,39,25
20000,4,0.7,8,40,26
20000,4,0.7,8,41,18
20000,4,0.7,8,42,22
20000,4,0.7,8,43,40
20000,4,0.7,8,44,15
20000,4,0.7,8,45,26
20000,4,0.7,8,46,28
20000,4,0.7,8,47,24
20000,4,0.7,8,48,23
20000,4,0.7,8,49,12
20000,4,0.7,8,50,22
20000,4,0.7,8,51,31
20000,4,0.7,8,52,25
20000,4,0.7,8,53,28
20000,4,0.7,8,54,22
20000,4,0.7,8,55,28
20000,4,0.7,8,56,27
20000,4,0.7,8,57,29
20000,4,0.7,8,58,22
20000,4,0.7,8,59,32
20000,4,0.7,8,60,12
20000,4,0.7,8,61,29
20000,4,0.7,8,62,11
20000,4,0.7,8,63,11
20000,4,0.7,8,64,25
20000,4,0.7,8,65,38
20000,4,0.7,8,66,39
20000,4,0.7,8,67,36
20000,4,0.7,8,68,27
20000,4,0.7,8,69,12
20000,4,0.7,8,70,21
20000,4,0.7,8,71,22
20000,4,0.7,8,72,27
20000,4,0.7,8,73,42
20000,4,0.7,8,74,31
20000,4,0.7,8,75,34
20000,4,0.7,8,76,34
20000,4,0.7,8,77,20
20000,4,0.7,8,78,36
20000,4,0.7,8,79,31
20000,4,0.7,8,80,36
20000,4,0.7,8,81,19
20000,4,0.7,8,82,17
20000,4,0.7,8,83,27
20000,4,0.7,8,84,12
20000,4,0.7,8,85,19
20000,4,0.7,8,86,32
20000,4,0.7,8,87,33
20000,4,0.7,8,88,25
20000,4,0.7,8,89,34
20000,4,0.7,8,90,32
20000,4,0.7,8,91,22
20000,4,0.7,8,92,24
20000,4,0.7,8,93,39
20000,4,0.7,8,94,35
20000,4,0.7,8,95,24
20000,4,0.7,8,96,34
20000,4,0.7,8,97,23
20000,4,0.7,8,98,15
20000,4,0.7,8,99,26
20000,4,0.7,8,100,21
20000,4,0.7,8,101,36
20000,4,0.7,8,102,27
20000,4,0.7,8,103,15
20000,4,0.7,8,104,44
20000,4,0.7,8,105,14
20000,4,0.7,8,106,25
20000,4,0.7,8,107,28
20000,4,0.7,8,108,18
20000,4,0.7,8,109,28
20000,4,0.7,8,110,32
20000,4,0.7,8,111,19
20000,4,0.7,8,112,29
20000,4,0.7,8,113,45
20000,4,0.7,8,114,17
20000,4,0.7,8,115,27
20000,4,0.7,8,116,36
20000,4,0.7,8,117,36
20000,4,0.7,8,118,18
20000,4,0.7,8,119,35
20000,4,0.7,8,120,26
20000,4,0.7,8,121,16
20000,4,0.7,8,122,24
20000,4,0.7,8,123,19
20000,4,0.7,8,124,26
20000,4,0.7,8,125,26
20000,4,0.7,8,126,17
20000,4,0.7,8,127,15
20000,4,0.7,8,128,25
20000,4,0.7,8,129,15
20000,4,0.7,8,130,24
20000,4,0.7,8,131,14
20000,4,0.7,8,132,32
20000,4,0.7,8,133,34
20000,4,0.7,8,134,19
20000,4,0.7,8,135,15
20000,4,0.7,8,136,26
20000,4,0.7,8,137,16
20000,4,0.7,8,138,27
20000,4,0.7,8,139,27
20000,4,0.7,8,140,21
20000,4,0.7,8,141,33
20000,4,0.7,8,142,27
20000,4,0.7,8,143,18
20000,4,0.7,8,144,29
20000,4,0.7,8,145,27
20000,4,0.7,8,146,35
20000,4,0.7,8,147,13
20000,4,0.7,8,148,15
20000,4,0.7,8,149,34
20000,4,0.7,8,150,30
20000,4,0.7,8,151,31
20000,4,0.7,8,152,41
20000,4,0.7,8,153,17
20000,4,0.7,8,154,30
20000,4,0.7,8,155,23
20000,4,0.7,8,156,23
20000,4,0.7,8,157,23
20000,4,0.7,8,158,27
20000,4,0.7,8,159,25
20000,4,0.7,16,0,51
20000,4,0.7,16,1,57
20000,4,0.7,16,2,53
20000,4,0.7,16,3,50
20000,4,0.7,16,4,62
20000,4,0.7,16,5,43
20000,4,0.7,16,6,61
20000,4,0.7,16,7,44
20000,4,0.7,16,8,56
20000,4,0.7,16,9,59
20000,4,0.7,16,10,50
20000,4,0.7,16,11,36
20000,4,0.7,16,12,33
20000,4,0.7,16,13,54
20000,4,0.7,16,14,66
20000,4,0.7,16,15,63
20000,4,0.7,16,16,46
20000,4,0.7,16,17,43
20000,4,0.7,16,18,58
20000,4,0.7,16,19,54
20000,4,0.7,16,20,58
20000,4,0.7,16,21,65
20000,4,0.7,16,22,34
20000,4,0.7,16,23,51
20000,4,0.7,16,24,36
20000,4,0.7,16,25,50
20000,4,0.7,16,26,60
20000,4,0.7,16,27,50
20000,4,0.7,16,28,63
20000,4,0.7,16,29,60
20000,4,0.7,16,30,51
20000,4,0.7,16,31,43
20000,4,0.7,16,32,43
20000,4,0.7,16,33,52
20000,4,0.7,16,34,44
20000,4,0.7,16,35,47
20000,4,0.7,16,36,50
20000,4,0.7,16,37,61
20000,4,0.7,16,38,42
20000,4,0.7,16,39,76
20000,4,0.7,16,40,40
20000,4,0.7,16,41,57
20000,4,0.7,16,42,35
20000,4,0.7,16,43,57
20000,4,0.7,16,44,51
20000,4,0.7,16,45,31
20000,4,0.7,16,46,52
20000,4,0.7,16,47,52
20000,4,0.7,16,48,59
20000,4,0.7,16,49,56
20000,4,0.7,16,50,37
20000,4,0.7,16,51,51
20000,4,0.7,16,52,55
20000,4,0.7,16,53,43
20000,4,0.7,16,54,61
20000,4,0.7,16,55,53
20000,4,0.7,16,56,57
20000,4,0.7,16,57,54
20000,4,0.7,16,58,39
20000,4,0.7,16,59,54
20000,4,0.7,16,60,34
20000,4,0.7,16,61,62
20000,4,0.7,16,62,42
20000,4,0.7,16,63,53
20000,4,0.7,16,64,44
20000,4,0.7,16,65,90
20000,4,0.7,16,66,51
20000,4,0.7,16,67,56
20000,4,0.7,16,68,71
20000,4,0.7,16,69,50
20000,4,0.7,16,70,41
20000,4,0.7,16,71,70
20000,4,0.7,16,72,46
20000,4,0.7,16,73,53
20000,4,0.7,16,74,45
20000,4,0.7,16,75,66
20000,4,0.7,16,76,65
20000,4,0.7,16,77,41
20000,4,0.7,16,78,47
20000,4,0.7,16,79,58
20000,4,0.7,16,80,45
20000,4,0.7,16,81,55
20000,4,0.7,16,82,50
20000,4,0.7,16,83,51
20000,4,0.7,16,84,56
20000,4,0.7,16,85,36
20000,4,0.7,16,86,47
20000,4,0.7,16,87,47
20000,4,0.7,16,88,50
20000,4,0.7,16,89,45
20000,4,0.7,16,90,44
20000,4,0.7,16,91,52
20000,4,0.7,16,92,37
20000,4,0.7,16,93,68
20000,4,0.7,16,94,66
20000,4,0.7,16,95,54
20000,4,0.7,16,96,70
20000,4,0.7,16,97,40
20000,4,0.7,16,98,64
20000,4,0.7,16,99,61
20000,4,0.7,16,100,67
20000,4,0.7,16,101,51
20000,4,0.7,16,102,47
20000,4,0.7,16,103,55
20000,4,0.7,16,104,60
20000,4,0.7,16,105,47
20000,4,0.7,16,106,33
20000,4,0.7,16,107,43
20000,4,0.7,16,108,52
20000,4,0.7,16,109,49
20000,4,0.7,16,110,39
20000,4,0.7,16,111,61
20000,4,0.7,16,112,31
20000,4,0.7,16,113,67
20000,4,0.7,16,114,48
20000,4,0.7,16,115,55
20000,4,0.7,16,116,54
20000,4,0.7,16,117,38
20000,4,0.7,16,118,55
20000,4,0.7,16,119,70
20000,4,0.7,16,120,73
20000,4,0.7,16,121,57
20000,4,0.7,16,122,37
20000,4,0.7,16,123,65
20000,4,0.7,16,124,38
20000,4,0.7,16,125,58
20000,4,0.7,16,126,54
20000,4,0.7,16,127,47
20000,4,0.7,16,128,55
20000,4,0.7,16,129,50
20000,4,0.7,16,130,53
20000,4,0.7,16,131,40
20000,4,0.7,16,132,43
20000,4,0.7,16,133,54
20000,4,0.7,16,134,40
20000,4,0.7,16,135,43
20000,4,0.7,16,136,59
20000,4,0.7,16,137,57
20000,4,0.7,16,138,40
20000,4,0.7,16,139,63
20000,4,0.7,16,140,46
20000,4,0.7,16,141,63
20000,4,0.7,16,142,61
20000,4,0.7,16,143,50
20000,4,0.7,16,144,41
20000,4,0.7,16,145,46
20000,4,0.7,16,146,58
20000,4,0.7,16,147,44
20000,4,0.7,16,148,53
20000,4,0.7,16,149,37
20000,4,0.7,16,150,49
20000,4,0.7,16,151,38
20000,4,0.7,16,152,50
20000,4,0.7,16,153,48
20000,4,0.7,16,154,50
20000,4,0.7,16,155,50
20000,4,0.7,16,156,59
20000,4,0.7,16,157,65
20000,4,0.7,16,158,59
20000,4,0.7,16,159,48
20000,4,0.7,32,0,125
20000,4,0.7,32,1,89
20000,4,0.7,32,2,102
20000,4,0.7,32,3,92
20000,4,0.7,32,4,81
20000,4,0.7,32,5,92
20000,4,0.7,32,6,99
20000,4,0.7,32,7,107
20000,4,0.7,32,8,84
20000,4,0.7,32,9,95
20000,4,0.7,32,10,122
20000,4,0.7,32,11,81
20000,4,0.7,32,12,99
20000,4,0.7,32,13,123
20000,4,0.7,32,14,114
20000,4,0.7,32,15,87
20000,4,0.7,32,16,108
20000,4,0.7,32,17,98
20000,4,0.7,32,18,104
20000,4,0.7,32,19,98
20000,4,0.7,32,20,104
20000,4,0.7,32,21,85
20000,4,0.7,32,22,116
20000,4,0.7,32,23,101
20000,4,0.7,32,24,77
20000,4,0.7,32,25,91
20000,4,0.7,32,26,90
20000,4,0.7,32,27,85
20000,4,0.7,32,28,107
20000,4,0.7,32,29,90
20000,4,0.7,32,30,82
20000,4,0.7,32,31,92
20000,4,0.7,32,32,96
20000,4,0.7,32,33,116
20000,4,0.7,32,34,111
20000,4,0.7,32,35,121
20000,4,0.7,32,36,111
20000,4,0.7,32,37,97
20000,4,0.7,32,38,110
20000,4,0.7,32,39,95
20000,4,0.7,32,40,103
20000,4,0.7,32,41,117
20000,4,0.7,32,42,114
20000,4,0.7,32,43,103
20000,4,0.7,32,44,110
20000,4,0.7,32,45,109
20000,4,0.7,32,46,105
20000,4,0.7,32,47,100
20000,4,0.7,32,48,81
20000,4,0.7,32,49,89
20000,4,0.7,32,50,90
20000,4,0.7,32,51,118
20000,4,0.7,32,52,114
20000,4,0.7,32,53,113
20000,4,0.7,32,54,121
20000,4,0.7,32,55,88
20000,4,0.7,32,56,94
20000,4,0.7,32,57,105
20000,4,0.7,32,58,141
20000,4,0.7,32,59,80
20000,4,0.7,32,60,114
20000,4,0.7,32,61,98
20000,4,0.7,32,62,96
20000,4,0.7,32,63,94
20000,4,0.7,32,64,107
20000,4,0.7,32,65,120
20000,4,0.7,32,66,106
20000,4,0.7,32,67,106
20000,4,0.7,32,68,116
20000,4,0.7,32,69,115
20000,4,0.7,32,70,113
20000,4,0.7,32,71,123
20000,4,0.7,32,72,118
20000,4,0.7,32,73,101
20000,4,0.7,32,74,96
20000,4,0.7,32,75,99
20000,4,0.7,32,76,109
20000,4,0.7,32,77,95
20000,4,0.7,32,78,108
20000,4,0.7,32,79,90
20000,4,0.7,32,80,118
20000,4,0.7,32,81,85
20000,4,0.7,32,82,88
20000,4,0.7,32,83,92
20000,4,0.7,32,84,102
20000,4,0.7,32,85,127
20000,4,0.7,32,86,101
20000,4,0.7,32,87,95
20000,4,0.7,32,88,110
20000,4,0.7,32,89,126
20000,4,0.7,32,90,102
20000,4,0.7,32,91,100
20000,4,0.7,32,92,95
20000,4,0.7,32,93,88
20000,4,0.7,32,94,116
20000,4,0.7,32,95,96
20000,4,0.7,32,96,99
20000,4,0.7,32,97,95
20000,4,0.7,32,98,66
20000,4,0.7,32,99,120
20000,4,0.7,32,100,75
20000,4,0.7,32,101,97
20000,4,0.7,32,102,105
20000,4,0.7,32,103,103
20000,4,0.7,32,104,123
20000,4,0.7,32,105,114
20000,4,0.7,32,106,74
20000,4,0.7,32,107,127
20000,4,0.7,32,108,114
20000,4,0.7,32,109,116
20000,4,0.7,32,110,123
20000,4,0.7,32,111,85
20000,4,0.7,32,112,90
20000,4,0.7,32,113,84
20000,4,0.7,32,114,121
20000,4,0.7,32,115,115
20000,4,0.7,32,116,102
20000,4,0.7,32,117,117
20000,4,0.7,32,118,86
20000,4,0.7,32,119,102
20000,4,0.7,32,120,90
20000,4,0.7,32,121,111
20000,4,0.7,32,122,100
20000,4,0.7,32,123,108
20000,4,0.7,32,124,104
20000,4,0.7,32,125,90
20000,4,0.7,32,126,111
20000,4,0.7,32,127,88
20000,4,0.7,32,128,90
20000,4,0.7,32,129,109
20000,4,0.7,32,130,74
20000,4,0.7,32,131,112
20000,4,0.7,32,132,95
20000,4,0.7,32,133,93
20000,4,0.7,32,134,103
20000,4,0.7,32,135,93
20000,4,0.7,32,136,95
20000,4,0.7,32,137,114
20000,4,0.7,32,138,95
20000,4,0.7,32,139,97
20000,4,0.7,32,140,112
20000,4,0.7,32,141,93
20000,4,0.7,32,142,116
20000,4,0.7,32,143,105
20000,4,0.7,32,144,98
20000,4,0.7,32,145,94
20000,4,0.7,32,146,92
20000,4,0.7,32,147,98
20000,4,0.7,32,148,88
20000,4,0.7,32,149,100
20000,4,0.7,32,150,95
20000,4,0.7,32,151,83
20000,4,0.7,32,152,96
20000,4,0.7,32,153,81
20000,4,0.7,32,154,95
20000,4,0.7,32,155,132
20000,4,0.7,32,156,125
20000,4,0.7,32,157,106
20000,4,0.7,32,158,99
20000,4,0.7,32,159,103
20000,8,0.9,1,0,0
20000,8,0.9,1,1,17
20000,8,0.9,1,2,0
20000,8,0.9,1,3,13
20000,8,0.9,1,4,4
20000,8,0.9,1,5,0
20000,8,0.9,1,6,0
20000,8,0.9,1,7,0
20000,8,0.9,1,8,0
20000,8,0.9,1,9,21
20000,8,0.9,1,10,12
20000,8,0.9,1,11,0
20000,8,0.9,1,12,11
20000,8,0.9,1,13,24
20000,8,0.9,1,14,17
20000,8,0.9,1,15,10
20000,8,0.9,1,16,25
20000,8,0.9,1,17,18
20000,8,0.9,1,18,0
20000,8,0.9,1,19,14
20000,8,0.9,1,20,10
20000,8,0.9,1,21,5
20000,8,0.9,1,22,19
20000,8,0.9,1,23,9
20000,8,0.9,1,24,0
20000,8,0.9,1,25,23
20000,8,0.9,1,26,17
20000,8,0.9,1,27,22
20000,8,0.9,1,28,0
20000,8,0.9,1,29,8
20000,8,0.9,1,30,16
20000,8,0.9,1,31,26
20000,8,0.9,1,32,24
20000,8,0.9,1,33,9
20000,8,0.9,1,34,19
20000,8,0.9,1,35,0
20000,8,0.9,1,36,11
20000,8,0.9,1,37,0
20000,8,0.9,1,38,7
20000,8,0.9,1,39,15
20000,8,0.9,1,40,20
20000,8,0.9,1,41,15
20000,8,0.9,1,42,0
20000,8,0.9,1,43,6
20000,8,0.9,1,44,13
20000,8,0.9,1,45,23
20000,8,0.9,1,46,19
20000,8,0.9,1,47,13
20000,8,0.9,1,48,9
20000,8,0.9,1,49,11
20000,8,0.9,1,50,13
20000,8,0.9,1,51,15
20000,8,0.9,1,52,7
20000,8,0.9,1,53,18
20000,8,0.9,1,54,18
20000,8,0.9,1,55,0
20000,8,0.9,1,56,10
20000,8,0.9,1,57,0
20000,8,0.9,1,58,24
20000,8,0.9,1,59,8
20000,8,0.9,1,60,12
20000,8,0.9,1,61,15
20000,8,0.9,1,62,12
20000,8,0.9,1,63,12
20000,8,0.9,1,64,0
20000,8,0.9,1,65,4
20000,8,0.9,1,66,0
20000,8,0.9,1,67,15
20000,8,0.9,1,68,30
20000,8,0.9,1,69,18
20000,8,0.9,1,70,32
20000,8,0.9,1,71,19
20000,8,0.9,1,72,14
20000,8,0.9,1,73,14
20000,8,0.9,1,74,19
20000,8,0.9,1,75,21
20000,8,0.9,1,76,10
20000,8,0.9,1,77,0
20000,8,0.9,1,78,21
20000,8,0.9,1,79,0
20000,8,0.9,1,80,14
20000,8,0.9,1,81,22
20000,8,0.9,1,82,22
20000,8,0.9,1,83,0
20000,8,0.9,1,84,12
20000,8,0.9,1,85,0
20000,8,0.9,1,86,0
20000,8,0.9,1,87,16
20000,8,0.9,1,88,14
20000,8,0.9,1,89,18
20000,8,0.9,1,90,31
20000,8,0.9,1,91,19
20000,8,0.9,1,92,31
20000,8,0.9,1,93,0
20000,8,0.9,1,94,18
20000,8,0.9,1,95,24
20000,8,0.9,1,96,28
20000,8,0.9,1,97,26
20000,8,0.9,1,98,8
20000,8,0.9,1,99,35
20000,8,0.9,1,100,2
20000,8,0.9,1,101,22
20000,8,0.9,1,102,20
20000,8,0.9,1,103,0
20000,8,0.9,1,104,0
20000,8,0.9,1,105,0
20000,8,0.9,1,106,2
20000,8,0.9,1,107,26
20000,8,0.9,1,108,17
20000,8,0.9,1,109,0
20000,8,0.9,1,110,9
20000,8,0.9,1,111,0
20000,8,0.9,1,112,0
20000,8,0.9,1,113,7
20000,8,0.9,1,114,19
20000,8,0.9,1,115,3
20000,8,0.9,1,116,13
20000,8,0.9,1,117,11
20000,8,0.9,1,118,19
20000,8,0.9,1,119,21
20000,8,0.9,1,120,6
20000,8,0.9,1,121,0
20000,8,0.9,1,122,0
20000,8,0.9,1,123,15
20000,8,0.9,1,124,10
20000,8,0.9,1,125,0
20000,8,0.9,1,126,0
20000,8,0.9,1,127,24
20000,8,0.9,1,128,5
20000,8,0.9,1,129,38
20000,8,0.9,1,130,27
20000,8,0.9,1,131,26
20000,8,0.9,1,132,13
20000,8,0.9,1,133,12
20000,8,0.9,1,134,16
20000,8,0.9,1,135,21
20000,8,0.9,1,136,17
20000,8,0.9,1,137,0
20000,8,0.9,1,138,26
20000,8,0.9,1,139,18
20000,8,0.9,1,140,14
20000,8,0.9,1,141,18
20000,8,0.9,1,142,20
20000,8,0.9,1,143,0
20000,8,0.9,1,144,14
20000,8,0.9,1,145,28
20000,8,0.9,1,146,4
20000,8,0.9,1,147,17
20000,8,0.9,1,148,0
20000,8,0.9,1,149,0
20000,8,0.9,1,150,0
20000,8,0.9,1,151,14
20000,8,0.9,1,152,0
20000,8,0.9,1,153,11
20000,8,0.9,1,154,19
20000,8,0.9,1,155,0
20000,8,0.9,1,156,6
20000,8,0.9,1,157,0
20000,8,0.9,1,158,1
20000,8,0.9,1,159,16
20000,8,0.9,2,0,52
20000,8,0.9,2,1,52
20000,8,0.9,2,2,6
20000,8,0.9,2,3,25
20000,8,0.9,2,4,10
20000,8,0.9,2,5,0
20000,8,0.9,2,6,19
20000,8,0.9,2,7,27
20000,8,0.9,2,8,51
20000,8,0.9,2,9,25
20000,8,0.9,2,10,19
20000,8,0.9,2,11,20
20000,8,0.9,2,12,30
20000,8,0.9,2,13,29
20000,8,0.9,2,14,13
20000,8,0.9,2,15,26
20000,8,0.9,2,16,38
20000,8,0.9,2,17,25
20000,8,0.9,2,18,22
20000,8,0.9,2,19,30
20000,8,0.9,2,20,45
20000,8,0.9,2,21,27
20000,8,0.9,2,22,21
20000,8,0.9,2,23,33
20000,8,0.9,2,24,8
20000,8,0.9,2,25,0
20000,8,0.9,2,26,19
20000,8,0.9,2,27,5
20000,8,0.9,2,28,16
20000,8,0.9,2,29,28
20000,8,0.9,2,30,42
20000,8,0.9,2,31,20
20000,8,0.9,2,32,25
20000,8,0.9,2,33,19
20000,8,0.9,2,34,4
20000,8,0.9,2,35,11
20000,8,0.9,2,36,36
20000,8,0.9,2,37,22
20000,8,0.9,2,38,27
20000,8,0.9,2,39,22
20000,8,0.9,2,40,39
20000,8,0.9,2,41,35
20000,8,0.9,2,42,4
20000,8,0.9,2,43,12
20000,8,0.9,2,44,25
20000,8,0.9,2,45,18
20000,8,0.9,2,46,15
20000,8,0.9,2,47,14
20000,8,0.9,2,48,27
20000,8,0.9,2,49,15
20000,8,0.9,2,50,14
20000,8,0.9,2,51,40
20000,8,0.9,2,52,29
20000,8,0.9,2,53,0
20000,8,0.9,2,54,19
20000,8,0.9,2,55,23
20000,8,0.9,2,56,31
20000,8,0.9,2,57,11
20000,8,0.9,2,58,15
20000,8,0.9,2,59,27
20000,8,0.9,2,60,34
20000,8,0.9,2,61,32
20000,8,0.9,2,62,10
20000,8,0.9,2,63,36
20000,8,0.9,2,64,20
20000,8,0.9,2,65,25
20000,8,0.9,2,66,12
20000,8,0.9,2,67,14
20000,8,0.9,2,68,28
20000,8,0.9,2,69,30
20000,8,0.9,2,70,26
20000,8,0.9,2,71,32
20000,8,0.9,2,72,23
20000,8,0.9,2,73,18
20000,8,0.9,2,74,16
20000,8,0.9,2,75,38
20000,8,0.9,2,76,41
20000,8,0.9,2,77,41
20000,8,0.9,2,78,21
20000,8,0.9,2,79,14
20000,8,0.9,2,80,31
20000,8,0.9,2,81,46
20000,8,0.9,2,82,16
20000,8,0.9,2,83,32
20000,8,0.9,2,84,31
20000,8,0.9,2,85,34
20000,8,0.9,2,86,5
20000,8,0.9,2,87,19
20000,8,0.9,2,88,35
20000,8,0.9,2,89,37
20000,8,0.9,2,90,26
20000,8,0.9,2,91,24
20000,8,0.9,2,92,22
20000,8,0.9,2,93,31
20000,8,0.9,2,94,20
20000,8,0.9,2,95,16
20000,8,0.9,2,96,4
20000,8,0.9,2,97,42
20000,8,0.9,2,98,44
20000,8,0.9,2,99,33
20000,8,0.9,2,100,39
20000,8,0.9,2,101,24
20000,8,0.9,2,102,20
20000,8,0.9,2,103,30
20000,8,0.9,2,104,15
20000,8,0.9,2,105,28
20000,8,0.9,2,106,16
20000,8,0.9,2,107,0
20000,8,0.9,2,108,28
20000,8,0.9,2,109,0
20000,8,0.9,2,110,24
20000,8,0.9,2,111,41
20000,8,0.9,2,112,28
20000,8,0.9,2,113,14
20000,8,0.9,2,114,47
20000,8,0.9,2,115,11
20000,8,0.9,2,116,0
20000,8,0.9,2,117,40
20000,8,0.9,2,118,52
20000,8,0.9,2,119,36
20000,8,0.9,2,120,15
20000,8,0.9,2,121,18
20000,8,0.9,2,122,21
20000,8,0.9,2,123,54
20000,8,0.9,2,124,22
20000,8,0.9,2,125,28
20000,8,0.9,2,126,21
20000,8,0.9,2,127,27
20000,8,0.9,2,128,32
20000,8,0.9,2,129,26
20000,8,0.9,2,130,43
20000,8,0.9,2,131,29
20000,8,0.9,2,132,30
20000,8,0.9,2,133,9
20000,8,0.9,2,134,30
20000,8,0.9,2,135,34
20000,8,0.9,2,136,0
20000,8,0.9,2,137,26
20000,8,0.9,2,138,25
20000,8,0.9,2,139,25
20000,8,0.9,2,140,0
20000,8,0.9,2,141,0
20000,8,0.9,2,142,11
20000,8,0.9,2,143,26
20000,8,0.9,2,144,16
20000,8,0.9,2,145,0
20000,8,0.9,2,146,44
20000,8,0.9,2,147,22
20000,8,0.9,2,148,21
20000,8,0.9,2,149,17
20000,8,0.9,2,150,27
20000,8,0.9,2,151,26
20000,8,0.9,2,152,20
20000,8,0.9,2,153,34
20000,8,0.9,2,154,7
20000,8,0.9,2,155,9
20000,8,0.9,2,156,16
20000,8,0.9,2,157,27
20000,8,0.9,2,158,21
20000,8,0.9,2,159,27
20000,8,0.9,4,0,28
20000,8,0.9,4,1,37
20000,8,0.9,4,2,73
20000,8,0.9,4,3,21
20000,8,0.9,4,4,30
20000,8,0.9,4,5,31
20000,8,0.9,4,6,66
20000,8,0.9,4,7,19
20000,8,0.9,4,8,52
20000,8,0.9,4,9,78
20000,8,0.9,4,10,57
20000,8,0.9,4,11,46
20000,8,0.9,4,12,44
20000,8,0.9,4,13,51
20000,8,0.9,4,14,41
20000,8,0.9,4,15,75
20000,8,0.9,4,16,27
20000,8,0.9,4,17,75
20000,8,0.9,4,18,13
20000,8,0.9,4,19,56
20000,8,0.9,4,20,48
20000,8,0.9,4,21,61
20000,8,0.9,4,22,71
20000,8,0.9,4,23,65
20000,8,0.9,4,24,12
20000,8,0.9,4,25,46
20000,8,0.9,4,26,64
20000,8,0.9,4,27,30
20000,8,0.9,4,28,57
20000,8,0.9,4,29,62
20000,8,0.9,4,30,34
20000,8,0.9,4,31,68
20000,8,0.9,4,32,60
20000,8,0.9,4,33,57
20000,8,0.9,4,34,50
20000,8,0.9,4,35,35
20000,8,0.9,4,36,55
20000,8,0.9,4,37,25
20000,8,0.9,4,38,11
20000,8,0.9,4,39,112
20000,8,0.9,4,40,35
20000,8,0.9,4,41,46
20000,8,0.9,4,42,36
20000,8,0.9,4,43,75
20000,8,0.9,4,44,25
20000,8,0.9,4,45,79
20000,8,0.9,4,46,75
20000,8,0.9,4,47,53
20000,8,0.9,4,48,61
20000,8,0.9,4,49,70
20000,8,0.9,4,50,60
20000,8,0.9,4,51,43
20000,8,0.9,4,52,49
20000,8,0.9,4,53,48
20000,8,0.9,4,54,52
20000,8,0.9,4,55,54
20000,8,0.9,4,56,61
20000,8,0.9,4,57,51
20000,8,0.9,4,58,34
20000,8,0.9,4,59,63
20000,8,0.9,4,60,39
20000,8,0.9,4,61,33
20000,8,0.9,4,62,54
20000,8,0.9,4,63,60
20000,8,0.9,4,64,51
20000,8,0.9,4,65,34
20000,8,0.9,4,66,43
20000,8,0.9,4,67,22
20000,8,0.9,4,68,62
20000,8,0.9,4,69,8
20000,8,0.9,4,70,61
20000,8,0.9,4,71,66
20000,8,0.9,4,72,86
20000,8,0.9,4,73,37
20000,8,0.9,4,74,32
20000,8,0.9,4,75,37
20000,8,0.9,4,76,23
20000,8,0.9,4,77,57
20000,8,0.9,4,78,62
20000,8,0.9,4,79,16
20000,8,0.9,4,80,79
20000,8,0.9,4,81,65
20000,8,0.9,4,82,38
20000,8,0.9,4,83,30
20000,8,0.9,4,84,24
20000,8,0.9,4,85,45
20000,8,0.9,4,86,29
20000,8,0.9,4,87,70
20000,8,0.9,4,88,14
20000,8,0.9,4,89,52
20000,8,0.9,4,90,35
20000,8,0.9,4,91,29
20000,8,0.9,4,92,33
20000,8,0.9,4,93,62
20000,8,0.9,4,94,55
20000,8,0.9,4,95,55
20000,8,0.9,4,96,45
20000,8,0.9,4,97,39
20000,8,0.9,4,98,20
20000,8,0.9,4,99,61
20000,8,0.9,4,100,37
20000,8,0.9,4,101,49
20000,8,0.9,4,102,52
20000,8,0.9,4,103,70
20000,8,0.9,4,104,51
20000,8,0.9,4,105,10
20000,8,0.9,4,106,67
20000,8,0.9,4,107,43
20000,8,0.9,4,108,33
20000,8,0.9,4,109,4
20000,8,0.9,4,110,60
20000,8,0.9,4,111,25
20000,8,0.9,4,112,32
20000,8,0.9,4,113,35
20000,8,0.9,4,114,48
20000,8,0.9,4,115,12
20000,8,0.9,4,116,53
20000,8,0.9,4,117,28
20000,8,0.9,4,118,63
20000,8,0.9,4,119,33
20000,8,0.9,4,120,49
20000,8,0.9,4,121,50
20000,8,0.9,4,122,55
20000,8,0.9,4,123,46
20000,8,0.9,4,124,59
20000,8,0.9,4,125,23
20000,8,0.9,4,126,69
20000,8,0.9,4,127,55
20000,8,0.9,4,128,70
20000,8,0.9,4,129,31
20000,8,0.9,4,130,49
20000,8,0.9,4,131,64
20000,8,0.9,4,132,43
20000,8,0.9,4,133,41
20000,8,0.9,4,134,53
20000,8,0.9,4,135,0
20000,8,0.9,4,136,54
20000,8,0.9,4,137,49
20000,8,0.9,4,138,33
20000,8,0.9,4,139,44
20000,8,0.9,4,140,45
20000,8,0.9,4,141,30
20000,8,0.9,4,142,38
20000,8,0.9,4,143,45
20000,8,0.9,4,144,49
20000,8,0.9,4,145,67
20000,8,0.9,4,146,89
20000,8,0.9,4,147,62
20000,8,0.9,4,148,35
20000,8,0.9,4,149,53
20000,8,0.9,4,150,62
20000,8,0.9,4,151,34
20000,8,0.9,4,152,89
20000,8,0.9,4,153,59
20000,8,0.9,4,154,29
20000,8,0.9,4,155,53
20000,8,0.9,4,156,24
20000,8,0.9,4,157,62
20000,8,0.9,4,158,27
20000,8,0.9,4,159,33
20000,8,0.9,8,0,125
20000,8,0.9,8,1,84
20000,8,0.9,8,2,126
20000,8,0.9,8,3,110
20000,8,0.9,8,4,106
20000,8,0.9,8,5,63
20000,8,0.9,8,6,125
20000,8,0.9,8,7,87
20000,8,0.9,8,8,100
20000,8,0.9,8,9,57
20000,8,0.9,8,10,82
20000,8,0.9,8,11,65
20000,8,0.9,8,12,39
20000,8,0.9,8,13,107
20000,8,0.9,8,14,102
20000,8,0.9,8,15,95
20000,8,0.9,8,16,77
20000,8,0.9,8,17,120
20000,8,0.9,8,18,50
20000,8,0.9,8,19,69
20000,8,0.9,8,20,116
20000,8,0.9,8,21,91
20000,8,0.9,8,22,99
20000,8,0.9,8,23,131
20000,8,0.9,8,24,102
20000,8,0.9,8,25,64
20000,8,0.9,8,26,100
20000,8,0.9,8,27,93
20000,8,0.9,8,28,108
20000,8,0.9,8,29,61
20000,8,0.9,8,30,117
20000,8,0.9,8,31,139
20000,8,0.9,8,32,99
20000,8,0.9,8,33,116
20000,8,0.9,8,34,129
20000,8,0.9,8,35,113
20000,8,0.9,8,36,111
20000,8,0.9,8,37,78
20000,8,0.9,8,38,101
20000,8,0.9,8,39,135
20000,8,0.9,8,40,116
20000,8,0.9,8,41,92
20000,8,0.9,8,42,88
20000,8,0.9,8,43,123
20000,8,0.9,8,44,82
20000,8,0.9,8,45,107
20000,8,0.9,8,46,115
20000,8,0.9,8,47,86
20000,8,0.9,8,48,52
20000,8,0.9,8,49,84
20000,8,0.9,8,50,73
20000,8,0.9,8,51,89
20000,8,0.9,8,52,125
20000,8,0.9,8,53,100
20000,8,0.9,8,54,103
20000,8,0.9,8,55,94
20000,8,0.9,8,56,81
20000,8,0.9,8,57,98
20000,8,0.9,8,58,78
20000,8,0.9,8,59,65
20000,8,0.9,8,60,133
20000,8,0.9,8,61,64
20000,8,0.9,8,62,109
20000,8,0.9,8,63,123
20000,8,0.9,8,64,91
20000,8,0.9,8,65,124
20000,8,0.9,8,66,81
20000,8,0.9,8,67,102
20000,8,0.9,8,68,104
20000,8,0.9,8,69,114
20000,8,0.9,8,70,113
20000,8,0.9,8,71,82
20000,8,0.9,8,72,94
20000,8,0.9,8,73,75
20000,8,0.9,8,74,124
20000,8,0.9,8,75,68
20000,8,0.9,8,76,87
20000,8,0.9,8,77,84
20000,8,0.9,8,78,79
20000,8,0.9,8,79,86
20000,8,0.9,8,80,82
20000,8,0.9,8,81,74
20000,8,0.9,8,82,73
20000,8,0.9,8,83,76
20000,8,0.9,8,84,70
20000,8,0.9,8,85,83
20000,8,0.9,8,86,111
20000,8,0.9,8,87,124
20000,8,0.9,8,88,108
20000,8,0.9,8,89,153
20000,8,0.9,8,90,108
20000,8,0.9,8,91,110
20000,8,0.9,8,92,118
20000,8,0.9,8,93,101
20000,8,0.9,8,94,104
20000,8,0.9,8,95,104
20000,8,0.9,8,96,107
20000,8,0.9,8,97,122
20000,8,0.9,8,98,82
20000,8,0.9,8,99,98
20000,8,0.9,8,100,110
20000,8,0.9,8,101,66
20000,8,0.9,8,102,76
20000,8,0.9,8,103,87
20000,8,0.9,8,104,82
20000,8,0.9,8,105,93
20000,8,0.9,8,106,95
20000,8,0.9,8,107,130
20000,8,0.9,8,108,96
20000,8,0.9,8,109,94
20000,8,0.9,8,110,67
20000,8,0.9,8,111,79
20000,8,0.9,8,112,85
20000,8,0.9,8,113,82
20000,8,0.9,8,114,98
20000,8,0.9,8,115,87
20000,8,0.9,8,116,60
20000,8,0.9,8,117,97
20000,8,0.9,8,118,124
20000,8,0.9,8,119,65
20000,8,0.9,8,120,81
20000,8,0.9,8,121,79
20000,8,0.9,8,122,111
20000,8,0.9,8,123,111
20000,8,0.9,8,124,94
20000,8,0.9,8,125,88
20000,8,0.9,8,126,94
20000,8,0.9,8,127,58
20000,8,0.9,8,128,95
20000,8,0.9,8,129,81
20000,8,0.9,8,130,121
20000,8,0.9,8,131,137
20000,8,0.9,8,132,94
20000,8,0.9,8,133,84
20000,8,0.9,8,134,96
20000,8,0.9,8,135,98
20000,8,0.9,8,136,80
20000,8,0.9,8,137,46
20000,8,0.9,8,138,102
20000,8,0.9,8,139,70
20000,8,0.9,8,140,89
20000,8,0.9,8,141,84
20000,8,0.9,8,142,56
20000,8,0.9,8,143,114
20000,8,0.9,8,144,95
20000,8,0.9,8,145,62
20000,8,0.9,8,146,69
20000,8,0.9,8,147,44
20000,8,0.9,8,148,106
20000,8,0.9,8,149,68
20000,8,0.9,8,150,84
20000,8,0.9,8,151,85
20000,8,0.9,8,152,94
20000,8,0.9,8,153,79
20000,8,0.9,8,154,89
20000,8,0.9,8,155,112
20000,8,0.9,8,156,89
20000,8,0.9,8,157,117
20000,8,0.9,8,158,108
20000,8,0.9,8,159,87
20000,8,0.9,16,0,213
20000,8,0.9,16,1,154
20000,8,0.9,16,2,268
20000,8,0.9,16,3,211
20000,8,0.9,16,4,138
20000,8,0.9,16,5,177
20000,8,0.9,16,6,211
20000,8,0.9,16,7,153
20000,8,0.9,16,8,162
20000,8,0.9,16,9,205
20000,8,0.9,16,10,141
20000,8,0.9,16,11,277
20000,8,0.9,16,12,181
20000,8,0.9,16,13,166
20000,8,0.9,16,14,199
20000,8,0.9,16,15,155
20000,8,0.9,16,16,190
20000,8,0.9,16,17,143
20000,8,0.9,16,18,175
20000,8,0.9,16,19,180
20000,8,0.9,16,20,243
20000,8,0.9,16,21,193
20000,8,0.9,16,22,224
20000,8,0.9,16,23,152
20000,8,0.9,16,24,203
20000,8,0.9,16,25,185
20000,8,0.9,16,26,147
20000,8,0.9,16,27,204
20000,8,0.9,16,28,195
20000,8,0.9,16,29,123
20000,8,0.9,16,30,260
20000,8,0.9,16,31,142
20000,8,0.9,16,32,193
20000,8,0.9,16,33,259
20000,8,0.9,16,34,266
20000,8,0.9,16,35,246
20000,8,0.9,16,36,258
20000,8,0.9,16,37,191
20000,8,0.9,16,38,168
20000,8,0.9,16,39,153
20000,8,0.9,16,40,189
20000,8,0.9,16,41,176
20000,8,0.9,16,42,169
20000,8,0.9,16,43,198
20000,8,0.9,16,44,173
20000,8,0.9,16,45,197
20000,8,0.9,16,46,163
20000,8,0.9,16,47,186
20000,8,0.9,16,48,227
20000,8,0.9,16,49,149
20000,8,0.9,16,50,185
20000,8,0.9,16,51,185
20000,8,0.9,16,52,230
20000,8,0.9,16,53,201
20000,8,0.9,16,54,194
20000,8,0.9,16,55,205
20000,8,0.9,16,56,204
20000,8,0.9,16,57,178
20000,8,0.9,16,58,216
20000,8,0.9,16,59,170
20000,8,0.9,16,60,203
20000,8,0.9,16,61,140
20000,8,0.9,16,62,185
20000,8,0.9,16,63,174
20000,8,0.9,16,64,163
20000,8,0.9,16,65,218
20000,8,0.9,16,66,209
20000,8,0.9,16,67,224
20000,8,0.9,16,68,252
20000,8,0.9,16,69,194
20000,8,0.9,16,70,146
20000,8,0.9,16,71,175
20000,8,0.9,16,72,173
20000,8,0.9,16,73,136
20000,8,0.9,16,74,148
20000,8,0.9,16,75,177
20000,8,0.9,16,76,151
20000,8,0.9,16,77,153
20000,8,0.9,16,78,164
20000,8,0.9,16,79,164
20000,8,0.9,16,80,198
20000,8,0.9,16,81,171
20000,8,0.9,16,82,118
20000,8,0.9,16,83,192
20000,8,0.9,16,84,175
20000,8,0.9,16,85,181
20000,8,0.9,16,86,193
20000,8,0.9,16,87,187
20000,8,0.9,16,88,219
20000,8,0.9,16,89,124
20000,8,0.9,16,90,166
20000,8,0.9,16,91,196
20000,8,0.9,16,92,179
20000,8,0.9,16,93,176
20000,8,0.9,16,94,238
20000,8,0.9,16,95,194
20000,8,0.9,16,96,150
20000,8,0.9,16,97,244
20000,8,0.9,16,98,158
20000,8,0.9,16,99,259
20000,8,0.9,16,100,107
20000,8,0.9,16,101,185
20000,8,0.9,16,102,110
20000,8,0.9,16,103,197
20000,8,0.9,16,104,172
20000,8,0.9,16,105,235
20000,8,0.9,16,106,198
20000,8,0.9,16,107,121
20000,8,0.9,16,108,255
20000,8,0.9,16,109,237
20000,8,0.9,16,110,176
20000,8,0.9,16,111,137
20000,8,0.9,16,112,162
20000,8,0.9,16,113,145
20000,8,0.9,16,114,223
20000,8,0.9,16,115,168
20000,8,0.9,16,116,165
20000,8,0.9,16,117,272
20000,8,0.9,16,118,194
20000,8,0.9,16,119,213
20000,8,0.9,16,120,214
20000,8,0.9,16,121,197
20000,8,0.9,16,122,212
20000,8,0.9,16,123,153
20000,8,0.9,16,124,196
20000,8,0.9,16,125,182
20000,8,0.9,16,126,175
20000,8,0.9,16,127,220
20000,8,0.9,16,128,211
20000,8,0.9,16,129,140
20000,8,0.9,16,130,171
20000,8,0.9,16,131,185
20000,8,0.9,16,132,181
20000,8,0.9,16,133,202
20000,8,0.9,16,134,197
20000,8,0.9,16,135,188
20000,8,0.9,16,136,216
20000,8,0.9,16,137,160
20000,8,0.9,16,138,137
20000,8,0.9,16,139,207
20000,8,0.9,16,140,209
20000,8,0.9,16,141,178
20000,8,0.9,16,142,197
20000,8,0.9,16,143,221
20000,8,0.9,16,144,214
20000,8,0.9,16,145,216
20000,8,0.9,16,146,137
20000,8,0.9,16,147,167
20000,8,0.9,16,148,136
20000,8,0.9,16,149,182
20000,8,0.9,16,150,185
20000,8,0.9,16,151,190
20000,8,0.9,16,152,172
20000,8,0.9,16,153,112
20000,8,0.9,16,154,183
20000,8,0.9,16,155,215
20000,8,0.9,16,156,191
20000,8,0.9,16,157,208
20000,8,0.9,16,158,184
20000,8,0.9,16,159,203
20000,8,0.9,32,0,383
20000,8,0.9,32,1,363
20000,8,0.9,32,2,267
20000,8,0.9,32,3,397
20000,8,0.9,32,4,444
20000,8,0.9,32,5,327
20000,8,0.9,32,6,331
20000,8,0.9,32,7,392
20000,8,0.9,32,8,377
20000,8,0.9,32,9,391
20000,8,0.9,32,10,297
20000,8,0.9,32,11,379
20000,8,0.9,32,12,461
20000,8,0.9,32,13,325
20000,8,0.9,32,14,363
20000,8,0.9,32,15,300
20000,8,0.9,32,16,413
20000,8,0.9,32,17,280
20000,8,0.9,32,18,372
20000,8,0.9,32,19,352
20000,8,0.9,32,20,376
20000,8,0.9,32,21,428
20000,8,0.9,32,22,464
20000,8,0.9,32,23,384
20000,8,0.9,32,24,347
20000,8,0.9,32,25,404
20000,8,0.9,32,26,406
20000,8,0.9,32,27,396
20000,8,0.9,32,28,357
20000,8,0.9,32,29,350
20000,8,0.9,32,30,335
20000,8,0.9,32,31,380
20000,8,0.9,32,32,371
20000,8,0.9,32,33,394
20000,8,0.9,32,34,406
20000,8,0.9,32,35,420
20000,8,0.9,32,36,381
20000,8,0.9,32,37,388
20000,8,0.9,32,38,434
20000,8,0.9,32,39,378
20000,8,0.9,32,40,406
20000,8,0.9,32,41,310
20000,8,0.9,32,42,360
20000,8,0.9,32,43,314
20000,8,0.9,32,44,311
20000,8,0.9,32,45,417
20000,8,0.9,32,46,342
20000,8,0.9,32,47,389
20000,8,0.9,32,48,410
20000,8,0.9,32,49,401
20000,8,0.9,32,50,327
20000,8,0.9,32,51,327
20000,8,0.9,32,52,401
20000,8,0.9,32,53,392
20000,8,0.9,32,54,449
20000,8,0.9,32,55,350
20000,8,0.9,32,56,386
20000,8,0.9,32,57,280
20000,8,0.9,32,58,388
20000,8,0.9,32,59,451
20000,8,0.9,32,60,461
20000,8,0.9,32,61,436
20000,8,0.9,32,62,395
20000,8,0.9,32,63,347
20000,8,0.9,32,64,342
20000,8,0.9,32,65,355
20000,8,0.9,32,66,375
20000,8,0.9,32,67,351
20000,8,0.9,32,68,474
20000,8,0.9,32,69,331
20000,8,0.9,32,70,292
20000,8,0.9,32,71,407
20000,8,0.9,32,72,326
20000,8,0.9,32,73,377
20000,8,0.9,32,74,342
20000,8,0.9,32,75,377
20000,8,0.9,32,76,416
20000,8,0.9,32,77,386
20000,8,0.9,32,78,330
20000,8,0.9,32,79,374
20000,8,0.9,32,80,309
20000,8,0.9,32,81,289
20000,8,0.9,32,82,386
20000,8,0.9,32,83,413
20000,8,0.9,32,84,429
20000,8,0.9,32,85,380
20000,8,0.9,32,86,424
20000,8,0.9,32,87,413
20000,8,0.9,32,88,339
20000,8,0.9,32,89,398
20000,8,0.9,32,90,417
20000,8,0.9,32,91,358
20000,8,0.9,32,92,348
20000,8,0.9,32,93,443
20000,8,0.9,32,94,402
20000,8,0.9,32,95,359
20000,8,0.9,32,96,239
20000,8,0.9,32,97,346
20000,8,0.9,32,98,440
20000,8,0.9,32,99,247
20000,8,0.9,32,100,331
20000,8,0.9,32,101,380
20000,8,0.9,32,102,317
20000,8,0.9,32,103,384
20000,8,0.9,32,104,433
20000,8,0.9,32,105,381
20000,8,0.9,32,106,366
20000,8,0.9,32,107,350
20000,8,0.9,32,108,337
20000,8,0.9,32,109,409
20000,8,0.9,32,110,359
20000,8,0.9,32,111,454
20000,8,0.9,32,112,390
20000,8,0.9,32,113,338
20000,8,0.9,32,114,400
20000,8,0.9,32,115,381
20000,8,0.9,32,116,438
20000,8,0.9,32,117,373
20000,8,0.9,32,118,415
20000,8,0.9,32,119,320
20000,8,0.9,32,120,345
20000,8,0.9,32,121,426
20000,8,0.9,32,122,415
20000,8,0.9,32,123,366
20000,8,0.9,32,124,311
20000,8,0.9,32,125,323
20000,8,0.9,32,126,395
20000,8,0.9,32,127,348
20000,8,0.9,32,128,335
20000,8,0.9,32,129,395
20000,8,0.9,32,130,387
20000,8,0.9,32,131,377
20000,8,0.9,32,132,309
20000,8,0.9,32,133,394
20000,8,0.9,32,134,397
20000,8,0.9,32,135,377
20000,8,0.9,32,136,369
20000,8,0.9,32,137,448
20000,8,0.9,32,138,355
20000,8,0.9,32,139,279
20000,8,0.9,32,140,396
20000,8,0.9,32,141,397
20000,8,0.9,32,142,344
20000,8,0.9,32,143,352
20000,8,0.9,32,144,345
20000,8,0.9,32,145,355
20000,8,0.9,32,146,383
20000,8,0.9,32,147,417
20000,8,0.9,32,148,410
20000,8,0.9,32,149,407
20000,8,0.9,32,150,355
20000,8,0.9,32,151,448
20000,8,0.9,32,152,340
20000,8,0.9,32,153,370
20000,8,0.9,32,154,333
20000,8,0.9,32,155,454
20000,8,0.9,32,156,332
20000,8,0.9,32,157,439
20000,8,0.9,32,158,337
20000,8,0.9,32,159,323
20000,16,1.1,1,0,0
20000,16,1.1,1,1,524
20000,16,1.1,1,2,585
20000,16,1.1,1,3,459
20000,16,1.1,1,4,423
20000,16,1.1,1,5,0
20000,16,1.1,1,6,443
20000,16,1.1,1,7,417
20000,16,1.1,1,8,461
20000,16,1.1,1,9,272
20000,16,1.1,1,10,345
20000,16,1.1,1,11,357
20000,16,1.1,1,12,0
20000,16,1.1,1,13,0
20000,16,1.1,1,14,153
20000,16,1.1,1,15,0
20000,16,1.1,1,16,294
20000,16,1.1,1,17,118
20000,16,1.1,1,18,411
20000,16,1.1,1,19,0
20000,16,1.1,1,20,302
20000,16,1.1,1,21,493
20000,16,1.1,1,22,353
20000,16,1.1,1,23,453
20000,16,1.1,1,24,0
20000,16,1.1,1,25,0
20000,16,1.1,1,26,0
20000,16,1.1,1,27,474
20000,16,1.1,1,28,0
20000,16,1.1,1,29,442
20000,16,1.1,1,30,253
20000,16,1.1,1,31,0
20000,16,1.1,1,32,396
20000,16,1.1,1,33,486
20000,16,1.1,1,34,462
20000,16,1.1,1,35,526
20000,16,1.1,1,36,379
20000,16,1.1,1,37,441
20000,16,1.1,1,38,346
20000,16,1.1,1,39,323
20000,16,1.1,1,40,362
20000,16,1.1,1,41,465
20000,16,1.1,1,42,496
20000,16,1.1,1,43,0
20000,16,1.1,1,44,412
20000,16,1.1,1,45,0
20000,16,1.1,1,46,355
20000,16,1.1,1,47,478
20000,16,1.1,1,48,482
20000,16,1.1,1,49,0
20000,16,1.1,1,50,395
20000,16,1.1,1,51,391
20000,16,1.1,1,52,338
20000,16,1.1,1,53,406
20000,16,1.1,1,54,364
20000,16,1.1,1,55,248
20000,16,1.1,1,56,495
20000,16,1.1,1,57,0
20000,16,1.1,1,58,0
20000,16,1.1,1,59,0
20000,16,1.1,1,60,490
20000,16,1.1,1,61,256
20000,16,1.1,1,62,0
20000,16,1.1,1,63,0
20000,16,1.1,1,64,0
20000,16,1.1,1,65,425
20000,16,1.1,1,66,454
20000,16,1.1,1,67,0
20000,16,1.1,1,68,0
20000,16,1.1,1,69,208
20000,16,1.1,1,70,354
20000,16,1.1,1,71,408
20000,16,1.1,1,72,407
20000,16,1.1,1,73,0
20000,16,1.1,1,74,480
20000,16,1.1,1,75,444
20000,16,1.1,1,76,513
20000,16,1.1,1,77,0
20000,16,1.1,1,78,297
20000,16,1.1,1,79,0
20000,16,1.1,1,80,510
20000,16,1.1,1,81,553
20000,16,1.1,1,82,283
20000,16,1.1,1,83,0
20000,16,1.1,1,84,0
20000,16,1.1,1,85,436
20000,16,1.1,1,86,384
20000,16,1.1,1,87,221
20000,16,1.1,1,88,380
20000,16,1.1,1,89,449
20000,16,1.1,1,90,354
20000,16,1.1,1,91,244
20000,16,1.1,1,92,538
20000,16,1.1,1,93,0
20000,16,1.1,1,94,0
20000,16,1.1,1,95,427
20000,16,1.1,1,96,411
20000,16,1.1,1,97,401
20000,16,1.1,1,98,0
20000,16,1.1,1,99,0
20000,16,1.1,1,100,0
20000,16,1.1,1,101,408
20000,16,1.1,1,102,194
20000,16,1.1,1,103,376
20000,16,1.1,1,104,0
20000,16,1.1,1,105,363
20000,16,1.1,1,106,415
20000,16,1.1,1,107,404
20000,16,1.1,1,108,530
20000,16,1.1,1,109,566
20000,16,1.1,1,110,306
20000,16,1.1,1,111,396
20000,16,1.1,1,112,0
20000,16,1.1,1,113,0
20000,16,1.1,1,114,481
20000,16,1.1,1,115,183
20000,16,1.1,1,116,0
20000,16,1.1,1,117,480
20000,16,1.1,1,118,184
20000,16,1.1,1,119,440
20000,16,1.1,1,120,276
20000,16,1.1,1,121,384
20000,16,1.1,1,122,0
20000,16,1.1,1,123,0
20000,16,1.1,1,124,545
20000,16,1.1,1,125,235
20000,16,1.1,1,126,345
20000,16,1.1,1,127,407
20000,16,1.1,1,128,410
20000,16,1.1,1,129,355
20000,16,1.1,1,130,314
20000,16,1.1,1,131,420
20000,16,1.1,1,132,284
20000,16,1.1,1,133,433
20000,16,1.1,1,134,517
20000,16,1.1,1,135,415
20000,16,1.1,1,136,358
20000,16,1.1,1,137,316
20000,16,1.1,1,138,0
20000,16,1.1,1,139,465
20000,16,1.1,1,140,304
20000,16,1.1,1,141,526
20000,16,1.1,1,142,379
20000,16,1.1,1,143,219
20000,16,1.1,1,144,465
20000,16,1.1,1,145,365
20000,16,1.1,1,146,294
20000,16,1.1,1,147,418
20000,16,1.1,1,148,0
20000,16,1.1,1,149,490
20000,16,1.1,1,150,0
20000,16,1.1,1,151,0
20000,16,1.1,1,152,0
20000,16,1.1,1,153,483
20000,16,1.1,1,154,390
20000,16,1.1,1,155,0
20000,16,1.1,1,156,400
20000,16,1.1,1,157,442
20000,16,1.1,1,158,388
20000,16,1.1,1,159,592
20000,16,1.1,2,0,360
20000,16,1.1,2,1,532
20000,16,1.1,2,2,253
20000,16,1.1,2,3,489
20000,16,1.1,2,4,460
20000,16,1.1,2,5,916
20000,16,1.1,2,6,0
20000,16,1.1,2,7,153
20000,16,1.1,2,8,862
20000,16,1.1,2,9,692
20000,16,1.1,2,10,1028
20000,16,1.1,2,11,884
20000,16,1.1,2,12,632
20000,16,1.1,2,13,357
20000,16,1.1,2,14,616
20000,16,1.1,2,15,589
20000,16,1.1,2,16,361
20000,16,1.1,2,17,709
20000,16,1.1,2,18,280
20000,16,1.1,2,19,485
20000,16,1.1,2,20,347
20000,16,1.1,2,21,1007
20000,16,1.1,2,22,978
20000,16,1.1,2,23,884
20000,16,1.1,2,24,330
20000,16,1.1,2,25,409
20000,16,1.1,2,26,0
20000,16,1.1,2,27,790
20000,16,1.1,2,28,357
20000,16,1.1,2,29,995
20000,16,1.1,2,30,0
20000,16,1.1,2,31,1014
20000,16,1.1,2,32,769
20000,16,1.1,2,33,611
20000,16,1.1,2,34,376
20000,16,1.1,2,35,697
20000,16,1.1,2,36,284
20000,16,1.1,2,37,931
20000,16,1.1,2,38,938
20000,16,1.1,2,39,0
20000,16,1.1,2,40,689
20000,16,1.1,2,41,460
20000,16,1.1,2,42,682
20000,16,1.1,2,43,1056
20000,16,1.1,2,44,468
20000,16,1.1,2,45,837
20000,16,1.1,2,46,0
20000,16,1.1,2,47,504
20000,16,1.1,2,48,914
20000,16,1.1,2,49,881
20000,16,1.1,2,50,425
20000,16,1.1,2,51,200
20000,16,1.1,2,52,782
20000,16,1.1,2,53,509
20000,16,1.1,2,54,271
20000,16,1.1,2,55,998
20000,16,1.1,2,56,652
20000,16,1.1,2,57,0
20000,16,1.1,2,58,734
20000,16,1.1,2,59,818
20000,16,1.1,2,60,882
20000,16,1.1,2,61,401
20000,16,1.1,2,62,489
20000,16,1.1,2,63,0
20000,16,1.1,2,64,496
20000,16,1.1,2,65,402
20000,16,1.1,2,66,1131
20000,16,1.1,2,67,299
20000,16,1.1,2,68,714
20000,16,1.1,2,69,550
20000,16,1.1,2,70,582
20000,16,1.1,2,71,610
20000,16,1.1,2,72,762
20000,16,1.1,2,73,444
20000,16,1.1,2,74,731
20000,16,1.1,2,75,0
20000,16,1.1,2,76,859
20000,16,1.1,2,77,555
20000,16,1.1,2,78,948
20000,16,1.1,2,79,652
20000,16,1.1,2,80,521
20000,16,1.1,2,81,417
20000,16,1.1,2,82,842
20000,16,1.1,2,83,956
20000,16,1.1,2,84,944
20000,16,1.1,2,85,454
20000,16,1.1,2,86,368
20000,16,1.1,2,87,292
20000,16,1.1,2,88,333
20000,16,1.1,2,89,443
20000,16,1.1,2,90,787
20000,16,1.1,2,91,756
20000,16,1.1,2,92,793
20000,16,1.1,2,93,810
20000,16,1.1,2,94,816
20000,16,1.1,2,95,774
20000,16,1.1,2,96,800
20000,16,1.1,2,97,1014
20000,16,1.1,2,98,546
20000,16,1.1,2,99,337
20000,16,1.1,2,100,714
20000,16,1.1,2,101,764
20000,16,1.1,2,102,219
20000,16,1.1,2,103,554
20000,16,1.1,2,104,655
20000,16,1.1,2,105,615
20000,16,1.1,2,106,419
20000,16,1.1,2,107,761
20000,16,1.1,2,108,401
20000,16,1.1,2,109,636
20000,16,1.1,2,110,390
20000,16,1.1,2,111,835
20000,16,1.1,2,112,174
20000,16,1.1,2,113,620
20000,16,1.1,2,114,467
20000,16,1.1,2,115,436
20000,16,1.1,2,116,205
20000,16,1.1,2,117,905
20000,16,1.1,2,118,360
20000,16,1.1,2,119,979
20000,16,1.1,2,120,807
20000,16,1.1,2,121,713
20000,16,1.1,2,122,755
20000,16,1.1,2,123,1075
20000,16,1.1,2,124,404
20000,16,1.1,2,125,284
20000,16,1.1,2,126,309
20000,16,1.1,2,127,1091
20000,16,1.1,2,128,1024
20000,16,1.1,2,129,281
20000,16,1.1,2,130,795
20000,16,1.1,2,131,0
20000,16,1.1,2,132,682
20000,16,1.1,2,133,448
20000,16,1.1,2,134,487
20000,16,1.1,2,135,826
20000,16,1.1,2,136,589
20000,16,1.1,2,137,784
20000,16,1.1,2,138,392
20000,16,1.1,2,139,937
20000,16,1.1,2,140,413
20000,16,1.1,2,141,893
20000,16,1.1,2,142,603
20000,16,1.1,2,143,772
20000,16,1.1,2,144,940
20000,16,1.1,2,145,494
20000,16,1.1,2,146,961
20000,16,1.1,2,147,642
20000,16,1.1,2,148,649
20000,16,1.1,2,149,783
20000,16,1.1,2,150,771
20000,16,1.1,2,151,1017
20000,16,1.1,2,152,711
20000,16,1.1,2,153,622
20000,16,1.1,2,154,450
20000,16,1.1,2,155,724
20000,16,1.1,2,156,0
20000,16,1.1,2,157,752
20000,16,1.1,2,158,575
20000,16,1.1,2,159,967
20000,16,1.1,4,0,1425
20000,16,1.1,4,1,704
20000,16,1.1,4,2,1284
20000,16,1.1,4,3,1264
20000,16,1.1,4,4,1410
20000,16,1.1,4,5,1053
20000,16,1.1,4,6,1320
20000,16,1.1,4,7,919
20000,16,1.1,4,8,928
20000,16,1.1,4,9,779
20000,16,1.1,4,10,745
20000,16,1.1,4,11,1132
20000,16,1.1,4,12,571
20000,16,1.1,4,13,725
20000,16,1.1,4,14,985
20000,16,1.1,4,15,1265
20000,16,1.1,4,16,1565
20000,16,1.1,4,17,0
20000,16,1.1,4,18,1482
20000,16,1.1,4,19,903
20000,16,1.1,4,20,1112
20000,16,1.1,4,21,1216
20000,16,1.1,4,22,1213
20000,16,1.1,4,23,331
20000,16,1.1,4,24,951
20000,16,1.1,4,25,749
20000,16,1.1,4,26,1303
20000,16,1.1,4,27,1202
20000,16,1.1,4,28,1308
20000,16,1.1,4,29,1256
20000,16,1.1,4,30,977
20000,16,1.1,4,31,1653
20000,16,1.1,4,32,1277
20000,16,1.1,4,33,1347
20000,16,1.1,4,34,1071
20000,16,1.1,4,35,1548
20000,16,1.1,4,36,864
20000,16,1.1,4,37,1855
20000,16,1.1,4,38,1281
20000,16,1.1,4,39,1910
20000,16,1.1,4,40,1413
20000,16,1.1,4,41,1607
20000,16,1.1,4,42,1333
20000,16,1.1,4,43,1271
20000,16,1.1,4,44,1421
20000,16,1.1,4,45,785
20000,16,1.1,4,46,897
20000,16,1.1,4,47,1281
20000,16,1.1,4,48,662
20000,16,1.1,4,49,1873
20000,16,1.1,4,50,1299
20000,16,1.1,4,51,1255
20000,16,1.1,4,52,1014
20000,16,1.1,4,53,1403
20000,16,1.1,4,54,1263
20000,16,1.1,4,55,1024
20000,16,1.1,4,56,1591
20000,16,1.1,4,57,1323
20000,16,1.1,4,58,382
20000,16,1.1,4,59,948
20000,16,1.1,4,60,1687
20000,16,1.1,4,61,1189
20000,16,1.1,4,62,940
20000,16,1.1,4,63,1203
20000,16,1.1,4,64,1577
20000,16,1.1,4,65,275
20000,16,1.1,4,66,1266
20000,16,1.1,4,67,1633
20000,16,1.1,4,68,1010
20000,16,1.1,4,69,1693
20000,16,1.1,4,70,1392
20000,16,1.1,4,71,1430
20000,16,1.1,4,72,935
20000,16,1.1,4,73,1418
20000,16,1.1,4,74,1348
20000,16,1.1,4,75,1226
20000,16,1.1,4,76,1448
20000,16,1.1,4,77,1863
20000,16,1.1,4,78,1713
20000,16,1.1,4,79,1546
20000,16,1.1,4,80,1316
20000,16,1.1,4,81,375
20000,16,1.1,4,82,1211
20000,16,1.1,4,83,1404
20000,16,1.1,4,84,928
20000,16,1.1,4,85,1466
20000,16,1.1,4,86,393
20000,16,1.1,4,87,1635
20000,16,1.1,4,88,1441
20000,16,1.1,4,89,1633
20000,16,1.1,4,90,1353
20000,16,1.1,4,91,1232
20000,16,1.1,4,92,1413
20000,16,1.1,4,93,909
20000,16,1.1,4,94,1498
20000,16,1.1,4,95,1636
20000,16,1.1,4,96,995
20000,16,1.1,4,97,1867
20000,16,1.1,4,98,1444
20000,16,1.1,4,99,973
20000,16,1.1,4,100,0
20000,16,1.1,4,101,1499
20000,16,1.1,4,102,1083
20000,16,1.1,4,103,874
20000,16,1.1,4,104,1223
20000,16,1.1,4,105,1120
20000,16,1.1,4,106,1164
20000,16,1.1,4,107,1489
20000,16,1.1,4,108,1591
20000,16,1.1,4,109,1106
20000,16,1.1,4,110,348
20000,16,1.1,4,111,1504
20000,16,1.1,4,112,919
20000,16,1.1,4,113,971
20000,16,1.1,4,114,1197
20000,16,1.1,4,115,1382
20000,16,1.1,4,116,1735
20000,16,1.1,4,117,1360
20000,16,1.1,4,118,1186
20000,16,1.1,4,119,1284
20000,16,1.1,4,120,1298
20000,16,1.1,4,121,1018
20000,16,1.1,4,122,1017
20000,16,1.1,4,123,1351
20000,16,1.1,4,124,1200
20000,16,1.1,4,125,1502
20000,16,1.1,4,126,1215
20000,16,1.1,4,127,1275
20000,16,1.1,4,128,921
20000,16,1.1,4,129,1125
20000,16,1.1,4,130,1143
20000,16,1.1,4,131,1365
20000,16,1.1,4,132,1499
20000,16,1.1,4,133,1562
20000,16,1.1,4,134,1300
20000,16,1.1,4,135,1056
20000,16,1.1,4,136,894
20000,16,1.1,4,137,1459
20000,16,1.1,4,138,1319
20000,16,1.1,4,139,1251
20000,16,1.1,4,140,1751
20000,16,1.1,4,141,1493
20000,16,1.1,4,142,932
20000,16,1.1,4,143,1038
20000,16,1.1,4,144,1428
20000,16,1.1,4,145,1346
20000,16,1.1,4,146,1684
20000,16,1.1,4,147,1709
20000,16,1.1,4,148,1230
20000,16,1.1,4,149,1288
20000,16,1.1,4,150,1483
20000,16,1.1,4,151,1457
20000,16,1.1,4,152,1284
20000,16,1.1,4,153,824
20000,16,1.1,4,154,642
20000,16,1.1,4,155,1117
20000,16,1.1,4,156,1359
20000,16,1.1,4,157,1478
20000,16,1.1,4,158,1434
20000,16,1.1,4,159,992
20000,16,1.1,8,0,2280
20000,16,1.1,8,1,1881
20000,16,1.1,8,2,3078
20000,16,1.1,8,3,2001
20000,16,1.1,8,4,1811
20000,16,1.1,8,5,1501
20000,16,1.1,8,6,3491
20000,16,1.1,8,7,3048
20000,16,1.1,8,8,2164
20000,16,1.1,8,9,2935
20000,16,1.1,8,10,3105
20000,16,1.1,8,11,2078
20000,16,1.1,8,12,1748
20000,16,1.1,8,13,1902
20000,16,1.1,8,14,2301
20000,16,1.1,8,15,2622
20000,16,1.1,8,16,1679
20000,16,1.1,8,17,1904
20000,16,1.1,8,18,3192
20000,16,1.1,8,19,2492
20000,16,1.1,8,20,2418
20000,16,1.1,8,21,907
20000,16,1.1,8,22,2011
20000,16,1.1,8,23,1962
20000,16,1.1,8,24,2437
20000,16,1.1,8,25,3029
20000,16,1.1,8,26,2484
20000,16,1.1,8,27,1500
20000,16,1.1,8,28,2355
20000,16,1.1,8,29,1671
20000,16,1.1,8,30,2911
20000,16,1.1,8,31,2034
20000,16,1.1,8,32,2032
20000,16,1.1,8,33,1858
20000,16,1.1,8,34,1826
20000,16,1.1,8,35,1896
20000,16,1.1,8,36,2428
20000,16,1.1,8,37,2064
20000,16,1.1,8,38,2487
20000,16,1.1,8,39,1992
20000,16,1.1,8,40,1791
20000,16,1.1,8,41,2283
20000,16,1.1,8,42,1528
20000,16,1.1,8,43,3091
20000,16,1.1,8,44,2402
20000,16,1.1,8,45,1611
20000,16,1.1,8,46,2453
20000,16,1.1,8,47,3171
20000,16,1.1,8,48,1484
20000,16,1.1,8,49,3293
20000,16,1.1,8,50,1928
20000,16,1.1,8,51,2476
20000,16,1.1,8,52,1921
20000,16,1.1,8,53,1701
20000,16,1.1,8,54,2142
20000,16,1.1,8,55,1891
20000,16,1.1,8,56,1364
20000,16,1.1,8,57,1443
20000,16,1.1,8,58,1655
20000,16,1.1,8,59,2193
20000,16,1.1,8,60,2152
20000,16,1.1,8,61,2123
20000,16,1.1,8,62,2579
20000,16,1.1,8,63,2371
20000,16,1.1,8,64,2167
20000,16,1.1,8,65,2494
20000,16,1.1,8,66,2563
20000,16,1.1,8,67,2754
20000,16,1.1,8,68,1654
20000,16,1.1,8,69,1809
20000,16,1.1,8,70,2128
20000,16,1.1,8,71,2038
20000,16,1.1,8,72,1851
20000,16,1.1,8,73,2276
20000,16,1.1,8,74,2776
20000,16,1.1,8,75,1931
20000,16,1.1,8,76,2301
20000,16,1.1,8,77,2273
20000,16,1.1,8,78,1049
20000,16,1.1,8,79,2222
20000,16,1.1,8,80,1688
20000,16,1.1,8,81,2332
20000,16,1.1,8,82,3363
20000,16,1.1,8,83,1571
20000,16,1.1,8,84,1550
20000,16,1.1,8,85,1967
20000,16,1.1,8,86,2176
20000,16,1.1,8,87,2063
20000,16,1.1,8,88,1973
20000,16,1.1,8,89,1868
20000,16,1.1,8,90,2962
20000,16,1.1,8,91,1616
20000,16,1.1,8,92,2748
20000,16,1.1,8,93,2263
20000,16,1.1,8,94,1030
20000,16,1.1,8,95,2090
20000,16,1.1,8,96,1930
20000,16,1.1,8,97,3182
20000,16,1.1,8,98,2212
20000,16,1.1,8,99,2280
20000,16,1.1,8,100,1808
20000,16,1.1,8,101,1787
20000,16,1.1,8,102,2430
20000,16,1.1,8,103,2777
20000,16,1.1,8,104,2261
20000,16,1.1,8,105,1573
20000,16,1.1,8,106,2809
20000,16,1.1,8,107,1670
20000,16,1.1,8,108,2268
20000,16,1.1,8,109,2326
20000,16,1.1,8,110,2859
20000,16,1.1,8,111,2105
20000,16,1.1,8,112,1122
20000,16,1.1,8,113,3247
20000,16,1.1,8,114,2974
20000,16,1.1,8,115,2495
20000,16,1.1,8,116,2254
20000,16,1.1,8,117,1695
20000,16,1.1,8,118,2595
20000,16,1.1,8,119,1548
20000,16,1.1,8,120,2124
20000,16,1.1,8,121,1603
20000,16,1.1,8,122,2408
20000,16,1.1,8,123,1472
20000,16,1.1,8,124,2706
20000,16,1.1,8,125,2712
20000,16,1.1,8,126,2439
20000,16,1.1,8,127,1677
20000,16,1.1,8,128,3065
20000,16,1.1,8,129,2101
20000,16,1.1,8,130,2855
20000,16,1.1,8,131,2188
20000,16,1.1,8,132,2321
20000,16,1.1,8,133,1761
20000,16,1.1,8,134,1642
20000,16,1.1,8,135,2350
20000,16,1.1,8,136,2128
20000,16,1.1,8,137,1318
20000,16,1.1,8,138,2111
20000,16,1.1,8,139,1989
20000,16,1.1,8,140,2183
20000,16,1.1,8,141,2526
20000,16,1.1,8,142,2480
20000,16,1.1,8,143,1699
20000,16,1.1,8,144,1876
20000,16,1.1,8,145,2659
20000,16,1.1,8,146,2591
20000,16,1.1,8,147,2406
20000,16,1.1,8,148,1499
20000,16,1.1,8,149,3062
20000,16,1.1,8,150,2782
20000,16,1.1,8,151,2656
20000,16,1.1,8,152,2709
20000,16,1.1,8,153,2043
20000,16,1.1,8,154,2460
20000,16,1.1,8,155,2888
20000,16,1.1,8,156,1601
20000,16,1.1,8,157,2193
20000,16,1.1,8,158,2842
20000,16,1.1,8,159,2245
20000,16,1.1,16,0,5075
20000,16,1.1,16,1,4030
20000,16,1.1,16,2,4032
20000,16,1.1,16,3,4699
20000,16,1.1,16,4,4090
20000,16,1.1,16,5,3733
20000,16,1.1,16,6,4765
20000,16,1.1,16,7,2734
20000,16,1.1,16,8,3036
20000,16,1.1,16,9,3219
20000,16,1.1,16,10,4855
20000,16,1.1,16,11,4144
20000,16,1.1,16,12,4005
20000,16,1.1,16,13,4814
20000,16,1.1,16,14,4447
20000,16,1.1,16,15,3880
20000,16,1.1,16,16,3854
20000,16,1.1,16,17,4938
20000,16,1.1,16,18,4187
20000,16,1.1,16,19,2237
20000,16,1.1,16,20,2783
20000,16,1.1,16,21,3827
20000,16,1.1,16,22,2889
20000,16,1.1,16,23,3991
20000,16,1.1,16,24,4109
20000,16,1.1,16,25,3367
20000,16,1.1,16,26,4356
20000,16,1.1,16,27,2826
20000,16,1.1,16,28,3521
20000,16,1.1,16,29,3138
20000,16,1.1,16,30,3696
20000,16,1.1,16,31,4082
20000,16,1.1,16,32,4042
20000,16,1.1,16,33,4257
20000,16,1.1,16,34,3645
20000,16,1.1,16,35,4582
20000,16,1.1,16,36,4236
20000,16,1.1,16,37,3455
20000,16,1.1,16,38,3682
20000,16,1.1,16,39,3416
20000,16,1.1,16,40,4008
20000,16,1.1,16,41,3951
20000,16,1.1,16,42,4241
20000,16,1.1,16,43,4675
20000,16,1.1,16,44,3647
20000,16,1.1,16,45,3211
20000,16,1.1,16,46,4149
20000,16,1.1,16,47,4534
20000,16,1.1,16,48,4670
20000,16,1.1,16,49,4227
20000,16,1.1,16,50,3182
20000,16,1.1,16,51,4119
20000,16,1.1,16,52,4056
20000,16,1.1,16,53,4133
20000,16,1.1,16,54,4982
20000,16,1.1,16,55,3169
20000,16,1.1,16,56,3902
20000,16,1.1,16,57,4351
20000,16,1.1,16,58,4660
20000,16,1.1,16,59,5489
20000,16,1.1,16,60,3587
20000,16,1.1,16,61,3502
20000,16,1.1,16,62,2948
20000,16,1.1,16,63,2993
20000,16,1.1,16,64,4547
20000,16,1.1,16,65,2781
20000,16,1.1,16,66,4468
20000,16,1.1,16,67,4776
20000,16,1.1,16,68,3712
20000,16,1.1,16,69,4317
20000,16,1.1,16,70,4151
20000,16,1.1,16,71,4637
20000,16,1.1,16,72,3785
20000,16,1.1,16,73,4070
20000,16,1.1,16,74,4106
20000,16,1.1,16,75,4267
20000,16,1.1,16,76,3665
20000,16,1.1,16,77,4301
20000,16,1.1,16,78,2995
20000,16,1.1,16,79,3771
20000,16,1.1,16,80,4657
20000,16,1.1,16,81,5226
20000,16,1.1,16,82,3417
20000,16,1.1,16,83,4868
20000,16,1.1,16,84,4253
20000,16,1.1,16,85,4071
20000,16,1.1,16,86,3706
20000,16,1.1,16,87,3882
20000,16,1.1,16,88,4416
20000,16,1.1,16,89,4212
20000,16,1.1,16,90,5163
20000,16,1.1,16,91,3010
20000,16,1.1,16,92,3429
20000,16,1.1,16,93,2730
20000,16,1.1,16,94,3206
20000,16,1.1,16,95,4197
20000,16,1.1,16,96,2742
20000,16,1.1,16,97,4475
20000,16,1.1,16,98,3242
20000,16,1.1,16,99,5389
20000,16,1.1,16,100,3084
20000,16,1.1,16,101,3970
20000,16,1.1,16,102,4626
20000,16,1.1,16,103,3966
20000,16,1.1,16,104,4160
20000,16,1.1,16,105,4658
20000,16,1.1,16,106,4608
20000,16,1.1,16,107,3083
20000,16,1.1,16,108,3654
20000,16,1.1,16,109,4292
20000,16,1.1,16,110,3907
20000,16,1.1,16,111,5112
20000,16,1.1,16,112,4188
20000,16,1.1,16,113,3913
20000,16,1.1,16,114,4705
20000,16,1.1,16,115,3956
20000,16,1.1,16,116,3955
20000,16,1.1,16,117,3991
20000,16,1.1,16,118,3830
20000,16,1.1,16,119,3336
20000,16,1.1,16,120,4010
20000,16,1.1,16,121,4332
20000,16,1.1,16,122,3467
20000,16,1.1,16,123,3149
20000,16,1.1,16,124,3238
20000,16,1.1,16,125,4070
20000,16,1.1,16,126,4386
20000,16,1.1,16,127,2527
20000,16,1.1,16,128,3395
20000,16,1.1,16,129,4138
20000,16,1.1,16,130,3882
20000,16,1.1,16,131,3599
20000,16,1.1,16,132,4055
20000,16,1.1,16,133,4899
20000,16,1.1,16,134,3570
20000,16,1.1,16,135,3774
20000,16,1.1,16,136,3954
20000,16,1.1,16,137,4055
20000,16,1.1,16,138,3983
20000,16,1.1,16,139,3922
20000,16,1.1,16,140,3441
20000,16,1.1,16,141,2967
20000,16,1.1,16,142,3671
20000,16,1.1,16,143,3267
20000,16,1.1,16,144,3675
20000,16,1.1,16,145,4223
20000,16,1.1,16,146,3635
20000,16,1.1,16,147,3632
20000,16,1.1,16,148,3030
20000,16,1.1,16,149,3488
20000,16,1.1,16,150,3344
20000,16,1.1,16,151,4626
20000,16,1.1,16,152,4117
20000,16,1.1,16,153,2891
20000,16,1.1,16,154,5168
20000,16,1.1,16,155,3207
20000,16,1.1,16,156,4350
20000,16,1.1,16,157,3909
20000,16,1.1,16,158,4307
20000,16,1.1,16,159,2677
20000,16,1.1,32,0,6088
20000,16,1.1,32,1,5557
20000,16,1.1,32,2,5302
20000,16,1.1,32,3,5882
20000,16,1.1,32,4,6590
20000,16,1.1,32,5,7094
20000,16,1.1,32,6,5687
20000,16,1.1,32,7,6547
20000,16,1.1,32,8,5934
20000,16,1.1,32,9,5486
20000,16,1.1,32,10,6637
20000,16,1.1,32,11,5849
20000,16,1.1,32,12,6269
20000,16,1.1,32,13,5931
20000,16,1.1,32,14,8050
20000,16,1.1,32,15,7248
20000,16,1.1,32,16,6467
20000,16,1.1,32,17,6952
20000,16,1.1,32,18,6554
20000,16,1.1,32,19,5971
20000,16,1.1,32,20,7259
20000,16,1.1,32,21,5942
20000,16,1.1,32,22,6712
20000,16,1.1,32,23,5584
20000,16,1.1,32,24,6045
20000,16,1.1,32,25,7087
20000,16,1.1,32,26,5923
20000,16,1.1,32,27,7114
20000,16,1.1,32,28,7351
20000,16,1.1,32,29,6366
20000,16,1.1,32,30,6362
20000,16,1.1,32,31,6887
20000,16,1.1,32,32,6136
20000,16,1.1,32,33,7922
20000,16,1.1,32,34,6186
20000,16,1.1,32,35,5984
20000,16,1.1,32,36,6592
20000,16,1.1,32,37,5154
20000,16,1.1,32,38,5870
20000,16,1.1,32,39,6571
20000,16,1.1,32,40,6850
20000,16,1.1,32,41,6431
20000,16,1.1,32,42,6311
20000,16,1.1,32,43,7458
20000,16,1.1,32,44,5313
20000,16,1.1,32,45,7162
20000,16,1.1,32,46,6512
20000,16,1.1,32,47,5056
20000,16,1.1,32,48,6469
20000,16,1.1,32,49,6253
20000,16,1.1,32,50,6440
20000,16,1.1,32,51,6409
20000,16,1.1,32,52,7850
20000,16,1.1,32,53,5695
20000,16,1.1,32,54,7209
20000,16,1.1,32,55,6764
20000,16,1.1,32,56,6571
20000,16,1.1,32,57,5954
20000,16,1.1,32,58,6968
20000,16,1.1,32,59,6558
20000,16,1.1,32,60,7222
20000,16,1.1,32,61,6711
20000,16,1.1,32,62,6493
20000,16,1.1,32,63,6313
20000,16,1.1,32,64,7077
20000,16,1.1,32,65,6605
20000,16,1.1,32,66,6141
20000,16,1.1,32,67,6171
20000,16,1.1,32,68,6999
20000,16,1.1,32,69,5811
20000,16,1.1,32,70,4925
20000,16,1.1,32,71,6045
20000,16,1.1,32,72,5812
20000,16,1.1,32,73,6231
20000,16,1.1,32,74,6119
20000,16,1.1,32,75,6642
20000,16,1.1,32,76,6805
20000,16,1.1,32,77,6143
20000,16,1.1,32,78,6428
20000,16,1.1,32,79,5457
20000,16,1.1,32,80,6732
20000,16,1.1,32,81,6737
20000,16,1.1,32,82,5878
20000,16,1.1,32,83,5082
20000,16,1.1,32,84,6614
20000,16,1.1,32,85,6716
20000,16,1.1,32,86,6306
20000,16,1.1,32,87,6417
20000,16,1.1,32,88,6942
20000,16,1.1,32,89,7234
20000,16,1.1,32,90,6049
20000,16,1.1,32,91,5570
20000,16,1.1,32,92,5860
20000,16,1.1,32,93,5873
20000,16,1.1,32,94,6590
20000,16,1.1,32,95,5869
20000,16,1.1,32,96,5537
20000,16,1.1,32,97,5637
20000,16,1.1,32,98,7100
20000,16,1.1,32,99,5246
20000,16,1.1,32,100,6662
20000,16,1.1,32,101,6485
20000,16,1.1,32,102,6267
20000,16,1.1,32,103,5214
20000,16,1.1,32,104,6618
20000,16,1.1,32,105,6651
20000,16,1.1,32,106,5997
20000,16,1.1,32,107,6184
20000,16,1.1,32,108,6190
20000,16,1.1,32,109,6370
20000,16,1.1,32,110,5475
20000,16,1.1,32,111,6427
20000,16,1.1,32,112,6590
20000,16,1.1,32,113,7997
20000,16,1.1,32,114,5882
20000,16,1.1,32,115,6389
20000,16,1.1,32,116,5935
20000,16,1.1,32,117,5528
20000,16,1.1,32,118,6331
20000,16,1.1,32,119,5338
20000,16,1.1,32,120,5803
20000,16,1.1,32,121,6340
20000,16,1.1,32,122,6730
20000,16,1.1,32,123,7196
20000,16,1.1,32,124,6398
20000,16,1.1,32,125,6607
20000,16,1.1,32,126,5523
20000,16,1.1,32,127,6376
20000,16,1.1,32,128,6254
20000,16,1.1,32,129,6855
20000,16,1.1,32,130,7199
20000,16,1.1,32,131,5792
20000,16,1.1,32,132,6054
20000,16,1.1,32,133,6459
20000,16,1.1,32,134,5354
20000,16,1.1,32,135,6442
20000,16,1.1,32,136,5872
20000,16,1.1,32,137,5988
20000,16,1.1,32,138,5957
20000,16,1.1,32,139,5484
20000,16,1.1,32,140,5535
20000,16,1.1,32,141,7116
20000,16,1.1,32,142,6849
20000,16,1.1,32,143,6200
20000,16,1.1,32,144,6558
20000,16,1.1,32,145,6331
20000,16,1.1,32,146,6881
20000,16,1.1,32,147,5731
20000,16,1.1,32,148,6276
20000,16,1.1,32,149,7562
20000,16,1.1,32,150,6313
20000,16,1.1,32,151,5933
20000,16,1.1,32,152,7435
20000,16,1.1,32,153,7558
20000,16,1.1,32,154,6771
20000,16,1.1,32,155,6040
20000,16,1.1,32,156,6258
20000,16,1.1,32,157,7705
20000,16,1.1,32,158,6442
20000,16,1.1,32,159,6804
